quickstart	Set up job	﻿2026-09-08T05:39:47.0567904Z Current runner version: '2.337.0'
quickstart	Set up job	2026-09-08T05:39:47.0594477Z ##[group]Runner Image Provisioner
quickstart	Set up job	2026-09-08T05:39:47.0595447Z Hosted Compute Agent
quickstart	Set up job	2026-09-08T05:39:47.0596040Z Version: 20260828.587
quickstart	Set up job	2026-09-08T05:39:47.0597120Z Commit: abac92662cab4cc7352de4f9f9d2e2419aad9c29
quickstart	Set up job	2026-09-08T05:39:47.0597927Z Build Date: 2026-08-28T16:44:25Z
quickstart	Set up job	2026-09-08T05:39:47.0598706Z Worker ID: {422aac30-d4eb-4d64-9d59-00ede9394373}
quickstart	Set up job	2026-09-08T05:39:47.0599491Z Azure Region: eastus
quickstart	Set up job	2026-09-08T05:39:47.0600071Z ##[endgroup]
quickstart	Set up job	2026-09-08T05:39:47.0601664Z ##[group]Operating System
quickstart	Set up job	2026-09-08T05:39:47.0602335Z Ubuntu
quickstart	Set up job	2026-09-08T05:39:47.0602851Z 24.04.4
quickstart	Set up job	2026-09-08T05:39:47.0603537Z LTS
quickstart	Set up job	2026-09-08T05:39:47.0604061Z ##[endgroup]
quickstart	Set up job	2026-09-08T05:39:47.0604665Z ##[group]Runner Image
quickstart	Set up job	2026-09-08T05:39:47.0605331Z Image: ubuntu-24.04
quickstart	Set up job	2026-09-08T05:39:47.0605873Z Version: 20260831.293.1
quickstart	Set up job	2026-09-08T05:39:47.0607902Z Included Software: https://github.com/actions/runner-images/blob/ubuntu24/20260831.293/images/ubuntu/Ubuntu2404-Readme.md
quickstart	Set up job	2026-09-08T05:39:47.0609778Z Image Release: https://github.com/actions/runner-images/releases/tag/ubuntu24%2F20260831.293
quickstart	Set up job	2026-09-08T05:39:47.0610756Z ##[endgroup]
quickstart	Set up job	2026-09-08T05:39:47.0611960Z ##[group]GITHUB_TOKEN Permissions
quickstart	Set up job	2026-09-08T05:39:47.0614159Z Contents: read
quickstart	Set up job	2026-09-08T05:39:47.0614792Z Metadata: read
quickstart	Set up job	2026-09-08T05:39:47.0615465Z ##[endgroup]
quickstart	Set up job	2026-09-08T05:39:47.0617855Z Secret source: Actions
quickstart	Set up job	2026-09-08T05:39:47.0619389Z Prepare workflow directory
quickstart	Set up job	2026-09-08T05:39:47.1967356Z Prepare all required actions
quickstart	Set up job	2026-09-08T05:39:47.2018297Z Getting action download info
quickstart	Set up job	2026-09-08T05:39:47.3434614Z Download action repository 'actions/checkout@v4' (SHA:11d5960a326750d5838078e36cf38b85af677262)
quickstart	Set up job	2026-09-08T05:39:47.4853221Z Download action repository 'actions/setup-python@v5' (SHA:a26af69be951a213d495a4c3e4e4022e16d87065)
quickstart	Set up job	2026-09-08T05:39:47.5662661Z Download action repository 'actions/setup-node@v4' (SHA:49933ea5288caeca8642d1e84afbd3f7d6820020)
quickstart	Set up job	2026-09-08T05:39:47.6535175Z Download action repository 'actions/upload-artifact@v4' (SHA:ea165f8d65b6e75b540449e92b4886f43607fa02)
quickstart	Set up job	2026-09-08T05:39:47.9905919Z Complete job name: quickstart
quickstart	Run actions/checkout@v4	﻿2026-09-08T05:39:48.2154413Z Node 20 is being deprecated. This workflow is running with Node 24 by default. If you need to temporarily use Node 20, you can set the ACTIONS_ALLOW_USE_UNSECURE_NODE_VERSION=true environment variable. For more information see: https://github.blog/changelog/2025-09-19-deprecation-of-node-20-on-github-actions-runners/
quickstart	Run actions/checkout@v4	2026-09-08T05:39:48.2163826Z ##[group]Run actions/checkout@v4
quickstart	Run actions/checkout@v4	2026-09-08T05:39:48.2164597Z with:
quickstart	Run actions/checkout@v4	2026-09-08T05:39:48.2165109Z   repository: zack-dev-cm/neuralink-contributions
quickstart	Run actions/checkout@v4	2026-09-08T05:39:48.2169330Z   token: ***
quickstart	Run actions/checkout@v4	2026-09-08T05:39:48.2169772Z   ssh-strict: true
quickstart	Run actions/checkout@v4	2026-09-08T05:39:48.2170223Z   ssh-user: git
quickstart	Run actions/checkout@v4	2026-09-08T05:39:48.2170666Z   persist-credentials: true
quickstart	Run actions/checkout@v4	2026-09-08T05:39:48.2171154Z   clean: true
quickstart	Run actions/checkout@v4	2026-09-08T05:39:48.2171592Z   sparse-checkout-cone-mode: true
quickstart	Run actions/checkout@v4	2026-09-08T05:39:48.2172110Z   fetch-depth: 1
quickstart	Run actions/checkout@v4	2026-09-08T05:39:48.2172536Z   fetch-tags: false
quickstart	Run actions/checkout@v4	2026-09-08T05:39:48.2173002Z   show-progress: true
quickstart	Run actions/checkout@v4	2026-09-08T05:39:48.2173440Z   lfs: false
quickstart	Run actions/checkout@v4	2026-09-08T05:39:48.2173846Z   submodules: false
quickstart	Run actions/checkout@v4	2026-09-08T05:39:48.2174332Z   set-safe-directory: true
quickstart	Run actions/checkout@v4	2026-09-08T05:39:48.2174832Z   allow-unsafe-pr-checkout: false
quickstart	Run actions/checkout@v4	2026-09-08T05:39:48.2175594Z env:
quickstart	Run actions/checkout@v4	2026-09-08T05:39:48.2176022Z   AWS_EC2_METADATA_DISABLED: true
quickstart	Run actions/checkout@v4	2026-09-08T05:39:48.2176821Z   POLARS_MAX_THREADS: 2
quickstart	Run actions/checkout@v4	2026-09-08T05:39:48.2177475Z ##[endgroup]
quickstart	Run actions/checkout@v4	2026-09-08T05:39:48.3213036Z Syncing repository: zack-dev-cm/neuralink-contributions
quickstart	Run actions/checkout@v4	2026-09-08T05:39:48.3216152Z ##[group]Getting Git version info
quickstart	Run actions/checkout@v4	2026-09-08T05:39:48.3218075Z Working directory is '/home/runner/work/neuralink-contributions/neuralink-contributions'
quickstart	Run actions/checkout@v4	2026-09-08T05:39:48.3220085Z [command]/usr/bin/git version
quickstart	Run actions/checkout@v4	2026-09-08T05:39:48.3271721Z git version 2.55.0
quickstart	Run actions/checkout@v4	2026-09-08T05:39:48.3294385Z ##[endgroup]
quickstart	Run actions/checkout@v4	2026-09-08T05:39:48.3310530Z Temporarily overriding HOME='/home/runner/work/_temp/39148c08-379f-4cb6-a595-a9d4e38e880c' before making global git config changes
quickstart	Run actions/checkout@v4	2026-09-08T05:39:48.3313335Z Adding repository directory to the temporary git global config as a safe directory
quickstart	Run actions/checkout@v4	2026-09-08T05:39:48.3316208Z [command]/usr/bin/git config --global --add safe.directory /home/runner/work/neuralink-contributions/neuralink-contributions
quickstart	Run actions/checkout@v4	2026-09-08T05:39:48.3380207Z Deleting the contents of '/home/runner/work/neuralink-contributions/neuralink-contributions'
quickstart	Run actions/checkout@v4	2026-09-08T05:39:48.3383578Z ##[group]Initializing the repository
quickstart	Run actions/checkout@v4	2026-09-08T05:39:48.3388479Z [command]/usr/bin/git init /home/runner/work/neuralink-contributions/neuralink-contributions
quickstart	Run actions/checkout@v4	2026-09-08T05:39:48.3516356Z hint: Using 'master' as the name for the initial branch. This default branch name
quickstart	Run actions/checkout@v4	2026-09-08T05:39:48.3518901Z hint: will change to "main" in Git 3.0. To configure the initial branch name
quickstart	Run actions/checkout@v4	2026-09-08T05:39:48.3520712Z hint: to use in all of your new repositories, which will suppress this warning,
quickstart	Run actions/checkout@v4	2026-09-08T05:39:48.3522111Z hint: call:
quickstart	Run actions/checkout@v4	2026-09-08T05:39:48.3522920Z hint:
quickstart	Run actions/checkout@v4	2026-09-08T05:39:48.3525014Z hint: 	git config --global init.defaultBranch <name>
quickstart	Run actions/checkout@v4	2026-09-08T05:39:48.3526237Z hint:
quickstart	Run actions/checkout@v4	2026-09-08T05:39:48.3527572Z hint: Names commonly chosen instead of 'master' are 'main', 'trunk' and
quickstart	Run actions/checkout@v4	2026-09-08T05:39:48.3529302Z hint: 'development'. The just-created branch can be renamed via this command:
quickstart	Run actions/checkout@v4	2026-09-08T05:39:48.3531431Z hint:
quickstart	Run actions/checkout@v4	2026-09-08T05:39:48.3532310Z hint: 	git branch -m <name>
quickstart	Run actions/checkout@v4	2026-09-08T05:39:48.3533254Z hint:
quickstart	Run actions/checkout@v4	2026-09-08T05:39:48.3534434Z hint: Disable this message with "git config set advice.defaultBranchName false"
quickstart	Run actions/checkout@v4	2026-09-08T05:39:48.3537215Z Initialized empty Git repository in /home/runner/work/neuralink-contributions/neuralink-contributions/.git/
quickstart	Run actions/checkout@v4	2026-09-08T05:39:48.3541250Z [command]/usr/bin/git remote add origin https://github.com/zack-dev-cm/neuralink-contributions
quickstart	Run actions/checkout@v4	2026-09-08T05:39:48.3585739Z ##[endgroup]
quickstart	Run actions/checkout@v4	2026-09-08T05:39:48.3587478Z ##[group]Disabling automatic garbage collection
quickstart	Run actions/checkout@v4	2026-09-08T05:39:48.3591028Z [command]/usr/bin/git config --local gc.auto 0
quickstart	Run actions/checkout@v4	2026-09-08T05:39:48.3630294Z ##[endgroup]
quickstart	Run actions/checkout@v4	2026-09-08T05:39:48.3633319Z ##[group]Setting up auth
quickstart	Run actions/checkout@v4	2026-09-08T05:39:48.3640970Z [command]/usr/bin/git config --local --name-only --get-regexp core\.sshCommand
quickstart	Run actions/checkout@v4	2026-09-08T05:39:48.3678849Z [command]/usr/bin/git submodule foreach --recursive sh -c "git config --local --name-only --get-regexp 'core\.sshCommand' && git config --local --unset-all 'core.sshCommand' || :"
quickstart	Run actions/checkout@v4	2026-09-08T05:39:48.4046424Z [command]/usr/bin/git config --local --name-only --get-regexp http\.https\:\/\/github\.com\/\.extraheader
quickstart	Run actions/checkout@v4	2026-09-08T05:39:48.4091182Z [command]/usr/bin/git submodule foreach --recursive sh -c "git config --local --name-only --get-regexp 'http\.https\:\/\/github\.com\/\.extraheader' && git config --local --unset-all 'http.https://github.com/.extraheader' || :"
quickstart	Run actions/checkout@v4	2026-09-08T05:39:48.4340117Z [command]/usr/bin/git config --local --name-only --get-regexp ^includeIf\.gitdir:
quickstart	Run actions/checkout@v4	2026-09-08T05:39:48.4379117Z [command]/usr/bin/git submodule foreach --recursive git config --local --show-origin --name-only --get-regexp remote.origin.url
quickstart	Run actions/checkout@v4	2026-09-08T05:39:48.4609148Z [command]/usr/bin/git config --local http.https://github.com/.extraheader AUTHORIZATION: basic ***
quickstart	Run actions/checkout@v4	2026-09-08T05:39:48.4648935Z ##[endgroup]
quickstart	Run actions/checkout@v4	2026-09-08T05:39:48.4650195Z ##[group]Fetching the repository
quickstart	Run actions/checkout@v4	2026-09-08T05:39:48.4659667Z [command]/usr/bin/git -c protocol.version=2 fetch --no-tags --prune --no-recurse-submodules --depth=1 origin +90b8ed7f2e22e9efc18084a12682c642c97a3e83:refs/remotes/origin/main
quickstart	Run actions/checkout@v4	2026-09-08T05:39:48.7485870Z From https://github.com/zack-dev-cm/neuralink-contributions
quickstart	Run actions/checkout@v4	2026-09-08T05:39:48.7488637Z  * [new ref]         90b8ed7f2e22e9efc18084a12682c642c97a3e83 -> origin/main
quickstart	Run actions/checkout@v4	2026-09-08T05:39:48.7493913Z ##[endgroup]
quickstart	Run actions/checkout@v4	2026-09-08T05:39:48.7496028Z ##[group]Determining the checkout info
quickstart	Run actions/checkout@v4	2026-09-08T05:39:48.7498786Z ##[endgroup]
quickstart	Run actions/checkout@v4	2026-09-08T05:39:48.7503449Z [command]/usr/bin/git sparse-checkout disable
quickstart	Run actions/checkout@v4	2026-09-08T05:39:48.7562073Z [command]/usr/bin/git config --local --unset-all extensions.worktreeConfig
quickstart	Run actions/checkout@v4	2026-09-08T05:39:48.7597320Z ##[group]Checking out the ref
quickstart	Run actions/checkout@v4	2026-09-08T05:39:48.7603060Z [command]/usr/bin/git checkout --progress --force -B main refs/remotes/origin/main
quickstart	Run actions/checkout@v4	2026-09-08T05:39:48.7843325Z Switched to a new branch 'main'
quickstart	Run actions/checkout@v4	2026-09-08T05:39:48.7848776Z branch 'main' set up to track 'origin/main'.
quickstart	Run actions/checkout@v4	2026-09-08T05:39:48.7859218Z ##[endgroup]
quickstart	Run actions/checkout@v4	2026-09-08T05:39:48.7904055Z [command]/usr/bin/git log -1 --format=%H
quickstart	Run actions/checkout@v4	2026-09-08T05:39:48.7932016Z 90b8ed7f2e22e9efc18084a12682c642c97a3e83
quickstart	Run actions/checkout@v4	﻿2026-09-08T05:39:48.9651750Z Node 20 is being deprecated. This workflow is running with Node 24 by default. If you need to temporarily use Node 20, you can set the ACTIONS_ALLOW_USE_UNSECURE_NODE_VERSION=true environment variable. For more information see: https://github.blog/changelog/2025-09-19-deprecation-of-node-20-on-github-actions-runners/
quickstart	Run actions/checkout@v4	2026-09-08T05:39:48.9655987Z ##[group]Run actions/checkout@v4
quickstart	Run actions/checkout@v4	2026-09-08T05:39:48.9656919Z with:
quickstart	Run actions/checkout@v4	2026-09-08T05:39:48.9657477Z   repository: zack-dev-cm/datarepo
quickstart	Run actions/checkout@v4	2026-09-08T05:39:48.9658230Z   ref: ec6b19441c9ebe8abd8dd8a4eef3d42f71aa0927
quickstart	Run actions/checkout@v4	2026-09-08T05:39:48.9659012Z   path: datarepo
quickstart	Run actions/checkout@v4	2026-09-08T05:39:48.9663956Z   token: ***
quickstart	Run actions/checkout@v4	2026-09-08T05:39:48.9664492Z   ssh-strict: true
quickstart	Run actions/checkout@v4	2026-09-08T05:39:48.9665038Z   ssh-user: git
quickstart	Run actions/checkout@v4	2026-09-08T05:39:48.9665585Z   persist-credentials: true
quickstart	Run actions/checkout@v4	2026-09-08T05:39:48.9666192Z   clean: true
quickstart	Run actions/checkout@v4	2026-09-08T05:39:48.9666882Z   sparse-checkout-cone-mode: true
quickstart	Run actions/checkout@v4	2026-09-08T05:39:48.9667556Z   fetch-depth: 1
quickstart	Run actions/checkout@v4	2026-09-08T05:39:48.9668087Z   fetch-tags: false
quickstart	Run actions/checkout@v4	2026-09-08T05:39:48.9668692Z   show-progress: true
quickstart	Run actions/checkout@v4	2026-09-08T05:39:48.9669275Z   lfs: false
quickstart	Run actions/checkout@v4	2026-09-08T05:39:48.9669814Z   submodules: false
quickstart	Run actions/checkout@v4	2026-09-08T05:39:48.9670372Z   set-safe-directory: true
quickstart	Run actions/checkout@v4	2026-09-08T05:39:48.9671016Z   allow-unsafe-pr-checkout: false
quickstart	Run actions/checkout@v4	2026-09-08T05:39:48.9671673Z env:
quickstart	Run actions/checkout@v4	2026-09-08T05:39:48.9672191Z   AWS_EC2_METADATA_DISABLED: true
quickstart	Run actions/checkout@v4	2026-09-08T05:39:48.9672846Z   POLARS_MAX_THREADS: 2
quickstart	Run actions/checkout@v4	2026-09-08T05:39:48.9673443Z ##[endgroup]
quickstart	Run actions/checkout@v4	2026-09-08T05:39:49.0691420Z Syncing repository: zack-dev-cm/datarepo
quickstart	Run actions/checkout@v4	2026-09-08T05:39:49.0694148Z ##[group]Getting Git version info
quickstart	Run actions/checkout@v4	2026-09-08T05:39:49.0696811Z Working directory is '/home/runner/work/neuralink-contributions/neuralink-contributions/datarepo'
quickstart	Run actions/checkout@v4	2026-09-08T05:39:49.0757661Z [command]/usr/bin/git version
quickstart	Run actions/checkout@v4	2026-09-08T05:39:49.0821990Z git version 2.55.0
quickstart	Run actions/checkout@v4	2026-09-08T05:39:49.0869669Z ##[endgroup]
quickstart	Run actions/checkout@v4	2026-09-08T05:39:49.0874271Z Temporarily overriding HOME='/home/runner/work/_temp/2a7c465d-d608-4931-9b2c-703112b084f5' before making global git config changes
quickstart	Run actions/checkout@v4	2026-09-08T05:39:49.0877902Z Adding repository directory to the temporary git global config as a safe directory
quickstart	Run actions/checkout@v4	2026-09-08T05:39:49.0881229Z [command]/usr/bin/git config --global --add safe.directory /home/runner/work/neuralink-contributions/neuralink-contributions/datarepo
quickstart	Run actions/checkout@v4	2026-09-08T05:39:49.0955212Z ##[group]Initializing the repository
quickstart	Run actions/checkout@v4	2026-09-08T05:39:49.0957995Z [command]/usr/bin/git init /home/runner/work/neuralink-contributions/neuralink-contributions/datarepo
quickstart	Run actions/checkout@v4	2026-09-08T05:39:49.1007947Z hint: Using 'master' as the name for the initial branch. This default branch name
quickstart	Run actions/checkout@v4	2026-09-08T05:39:49.1018308Z hint: will change to "main" in Git 3.0. To configure the initial branch name
quickstart	Run actions/checkout@v4	2026-09-08T05:39:49.1020984Z hint: to use in all of your new repositories, which will suppress this warning,
quickstart	Run actions/checkout@v4	2026-09-08T05:39:49.1023512Z hint: call:
quickstart	Run actions/checkout@v4	2026-09-08T05:39:49.1024871Z hint:
quickstart	Run actions/checkout@v4	2026-09-08T05:39:49.1026997Z hint: 	git config --global init.defaultBranch <name>
quickstart	Run actions/checkout@v4	2026-09-08T05:39:49.1028827Z hint:
quickstart	Run actions/checkout@v4	2026-09-08T05:39:49.1030617Z hint: Names commonly chosen instead of 'master' are 'main', 'trunk' and
quickstart	Run actions/checkout@v4	2026-09-08T05:39:49.1033258Z hint: 'development'. The just-created branch can be renamed via this command:
quickstart	Run actions/checkout@v4	2026-09-08T05:39:49.1035722Z hint:
quickstart	Run actions/checkout@v4	2026-09-08T05:39:49.1036943Z hint: 	git branch -m <name>
quickstart	Run actions/checkout@v4	2026-09-08T05:39:49.1037968Z hint:
quickstart	Run actions/checkout@v4	2026-09-08T05:39:49.1039334Z hint: Disable this message with "git config set advice.defaultBranchName false"
quickstart	Run actions/checkout@v4	2026-09-08T05:39:49.1045285Z Initialized empty Git repository in /home/runner/work/neuralink-contributions/neuralink-contributions/datarepo/.git/
quickstart	Run actions/checkout@v4	2026-09-08T05:39:49.1050331Z [command]/usr/bin/git remote add origin https://github.com/zack-dev-cm/datarepo
quickstart	Run actions/checkout@v4	2026-09-08T05:39:49.1085811Z ##[endgroup]
quickstart	Run actions/checkout@v4	2026-09-08T05:39:49.1088176Z ##[group]Disabling automatic garbage collection
quickstart	Run actions/checkout@v4	2026-09-08T05:39:49.1092312Z [command]/usr/bin/git config --local gc.auto 0
quickstart	Run actions/checkout@v4	2026-09-08T05:39:49.1145127Z ##[endgroup]
quickstart	Run actions/checkout@v4	2026-09-08T05:39:49.1147551Z ##[group]Setting up auth
quickstart	Run actions/checkout@v4	2026-09-08T05:39:49.1155959Z [command]/usr/bin/git config --local --name-only --get-regexp core\.sshCommand
quickstart	Run actions/checkout@v4	2026-09-08T05:39:49.1211764Z [command]/usr/bin/git submodule foreach --recursive sh -c "git config --local --name-only --get-regexp 'core\.sshCommand' && git config --local --unset-all 'core.sshCommand' || :"
quickstart	Run actions/checkout@v4	2026-09-08T05:39:49.1533282Z [command]/usr/bin/git config --local --name-only --get-regexp http\.https\:\/\/github\.com\/\.extraheader
quickstart	Run actions/checkout@v4	2026-09-08T05:39:49.1610749Z [command]/usr/bin/git submodule foreach --recursive sh -c "git config --local --name-only --get-regexp 'http\.https\:\/\/github\.com\/\.extraheader' && git config --local --unset-all 'http.https://github.com/.extraheader' || :"
quickstart	Run actions/checkout@v4	2026-09-08T05:39:49.1909210Z [command]/usr/bin/git config --local --name-only --get-regexp ^includeIf\.gitdir:
quickstart	Run actions/checkout@v4	2026-09-08T05:39:49.1955933Z [command]/usr/bin/git submodule foreach --recursive git config --local --show-origin --name-only --get-regexp remote.origin.url
quickstart	Run actions/checkout@v4	2026-09-08T05:39:49.2203876Z [command]/usr/bin/git config --local http.https://github.com/.extraheader AUTHORIZATION: basic ***
quickstart	Run actions/checkout@v4	2026-09-08T05:39:49.2245000Z ##[endgroup]
quickstart	Run actions/checkout@v4	2026-09-08T05:39:49.2246172Z ##[group]Fetching the repository
quickstart	Run actions/checkout@v4	2026-09-08T05:39:49.2257138Z [command]/usr/bin/git -c protocol.version=2 fetch --no-tags --prune --no-recurse-submodules --depth=1 origin ec6b19441c9ebe8abd8dd8a4eef3d42f71aa0927
quickstart	Run actions/checkout@v4	2026-09-08T05:39:49.5262319Z From https://github.com/zack-dev-cm/datarepo
quickstart	Run actions/checkout@v4	2026-09-08T05:39:49.5269099Z  * branch            ec6b19441c9ebe8abd8dd8a4eef3d42f71aa0927 -> FETCH_HEAD
quickstart	Run actions/checkout@v4	2026-09-08T05:39:49.5275295Z ##[endgroup]
quickstart	Run actions/checkout@v4	2026-09-08T05:39:49.5277940Z ##[group]Determining the checkout info
quickstart	Run actions/checkout@v4	2026-09-08T05:39:49.5280065Z ##[endgroup]
quickstart	Run actions/checkout@v4	2026-09-08T05:39:49.5281491Z [command]/usr/bin/git sparse-checkout disable
quickstart	Run actions/checkout@v4	2026-09-08T05:39:49.5322552Z [command]/usr/bin/git config --local --unset-all extensions.worktreeConfig
quickstart	Run actions/checkout@v4	2026-09-08T05:39:49.5358332Z ##[group]Checking out the ref
quickstart	Run actions/checkout@v4	2026-09-08T05:39:49.5363312Z [command]/usr/bin/git checkout --progress --force ec6b19441c9ebe8abd8dd8a4eef3d42f71aa0927
quickstart	Run actions/checkout@v4	2026-09-08T05:39:49.5557222Z Note: switching to 'ec6b19441c9ebe8abd8dd8a4eef3d42f71aa0927'.
quickstart	Run actions/checkout@v4	2026-09-08T05:39:49.5559015Z 
quickstart	Run actions/checkout@v4	2026-09-08T05:39:49.5560101Z You are in 'detached HEAD' state. You can look around, make experimental
quickstart	Run actions/checkout@v4	2026-09-08T05:39:49.5562566Z changes and commit them, and you can discard any commits you make in this
quickstart	Run actions/checkout@v4	2026-09-08T05:39:49.5564894Z state without impacting any branches by switching back to a branch.
quickstart	Run actions/checkout@v4	2026-09-08T05:39:49.5565961Z 
quickstart	Run actions/checkout@v4	2026-09-08T05:39:49.5566901Z If you want to create a new branch to retain commits you create, you may
quickstart	Run actions/checkout@v4	2026-09-08T05:39:49.5568712Z do so (now or later) by using -c with the switch command. Example:
quickstart	Run actions/checkout@v4	2026-09-08T05:39:49.5569858Z 
quickstart	Run actions/checkout@v4	2026-09-08T05:39:49.5570232Z   git switch -c <new-branch-name>
quickstart	Run actions/checkout@v4	2026-09-08T05:39:49.5570976Z 
quickstart	Run actions/checkout@v4	2026-09-08T05:39:49.5571480Z Or undo this operation with:
quickstart	Run actions/checkout@v4	2026-09-08T05:39:49.5572266Z 
quickstart	Run actions/checkout@v4	2026-09-08T05:39:49.5572723Z   git switch -
quickstart	Run actions/checkout@v4	2026-09-08T05:39:49.5573301Z 
quickstart	Run actions/checkout@v4	2026-09-08T05:39:49.5574265Z Turn off this advice by setting config variable advice.detachedHead to false
quickstart	Run actions/checkout@v4	2026-09-08T05:39:49.5575665Z 
quickstart	Run actions/checkout@v4	2026-09-08T05:39:49.5577082Z HEAD is now at ec6b194 Make the local quick start runnable with a valid supplier join
quickstart	Run actions/checkout@v4	2026-09-08T05:39:49.5581611Z ##[endgroup]
quickstart	Run actions/checkout@v4	2026-09-08T05:39:49.5610017Z [command]/usr/bin/git log -1 --format=%H
quickstart	Run actions/checkout@v4	2026-09-08T05:39:49.5638127Z ec6b19441c9ebe8abd8dd8a4eef3d42f71aa0927
quickstart	Run actions/setup-python@v5	﻿2026-09-08T05:39:49.7263234Z Node 20 is being deprecated. This workflow is running with Node 24 by default. If you need to temporarily use Node 20, you can set the ACTIONS_ALLOW_USE_UNSECURE_NODE_VERSION=true environment variable. For more information see: https://github.blog/changelog/2025-09-19-deprecation-of-node-20-on-github-actions-runners/
quickstart	Run actions/setup-python@v5	2026-09-08T05:39:49.7268903Z ##[group]Run actions/setup-python@v5
quickstart	Run actions/setup-python@v5	2026-09-08T05:39:49.7270049Z with:
quickstart	Run actions/setup-python@v5	2026-09-08T05:39:49.7270887Z   python-version: 3.12
quickstart	Run actions/setup-python@v5	2026-09-08T05:39:49.7271866Z   check-latest: false
quickstart	Run actions/setup-python@v5	2026-09-08T05:39:49.7281895Z   token: ***
quickstart	Run actions/setup-python@v5	2026-09-08T05:39:49.7282842Z   update-environment: true
quickstart	Run actions/setup-python@v5	2026-09-08T05:39:49.7283904Z   allow-prereleases: false
quickstart	Run actions/setup-python@v5	2026-09-08T05:39:49.7284931Z   freethreaded: false
quickstart	Run actions/setup-python@v5	2026-09-08T05:39:49.7285845Z env:
quickstart	Run actions/setup-python@v5	2026-09-08T05:39:49.7286823Z   AWS_EC2_METADATA_DISABLED: true
quickstart	Run actions/setup-python@v5	2026-09-08T05:39:49.7287933Z   POLARS_MAX_THREADS: 2
quickstart	Run actions/setup-python@v5	2026-09-08T05:39:49.7288870Z ##[endgroup]
quickstart	Run actions/setup-python@v5	2026-09-08T05:39:49.8704046Z ##[group]Installed versions
quickstart	Run actions/setup-python@v5	2026-09-08T05:39:49.8838064Z (node:2489) [DEP0040] DeprecationWarning: The `punycode` module is deprecated. Please use a userland alternative instead.
quickstart	Run actions/setup-python@v5	2026-09-08T05:39:49.8842671Z (Use `node --trace-deprecation ...` to show where the warning was created)
quickstart	Run actions/setup-python@v5	2026-09-08T05:39:49.8845248Z Successfully set up CPython (3.12.14)
quickstart	Run actions/setup-python@v5	2026-09-08T05:39:49.8848506Z ##[endgroup]
quickstart	Run actions/setup-node@v4	﻿2026-09-08T05:39:50.0530881Z Node 20 is being deprecated. This workflow is running with Node 24 by default. If you need to temporarily use Node 20, you can set the ACTIONS_ALLOW_USE_UNSECURE_NODE_VERSION=true environment variable. For more information see: https://github.blog/changelog/2025-09-19-deprecation-of-node-20-on-github-actions-runners/
quickstart	Run actions/setup-node@v4	2026-09-08T05:39:50.0535515Z ##[group]Run actions/setup-node@v4
quickstart	Run actions/setup-node@v4	2026-09-08T05:39:50.0536674Z with:
quickstart	Run actions/setup-node@v4	2026-09-08T05:39:50.0537510Z   node-version: 22
quickstart	Run actions/setup-node@v4	2026-09-08T05:39:50.0538355Z   always-auth: false
quickstart	Run actions/setup-node@v4	2026-09-08T05:39:50.0539228Z   check-latest: false
quickstart	Run actions/setup-node@v4	2026-09-08T05:39:50.0548207Z   token: ***
quickstart	Run actions/setup-node@v4	2026-09-08T05:39:50.0549011Z env:
quickstart	Run actions/setup-node@v4	2026-09-08T05:39:50.0549825Z   AWS_EC2_METADATA_DISABLED: true
quickstart	Run actions/setup-node@v4	2026-09-08T05:39:50.0550854Z   POLARS_MAX_THREADS: 2
quickstart	Run actions/setup-node@v4	2026-09-08T05:39:50.0551974Z   pythonLocation: /opt/hostedtoolcache/Python/3.12.14/x64
quickstart	Run actions/setup-node@v4	2026-09-08T05:39:50.0553673Z   PKG_CONFIG_PATH: /opt/hostedtoolcache/Python/3.12.14/x64/lib/pkgconfig
quickstart	Run actions/setup-node@v4	2026-09-08T05:39:50.0555351Z   Python_ROOT_DIR: /opt/hostedtoolcache/Python/3.12.14/x64
quickstart	Run actions/setup-node@v4	2026-09-08T05:39:50.0557002Z   Python2_ROOT_DIR: /opt/hostedtoolcache/Python/3.12.14/x64
quickstart	Run actions/setup-node@v4	2026-09-08T05:39:50.0558505Z   Python3_ROOT_DIR: /opt/hostedtoolcache/Python/3.12.14/x64
quickstart	Run actions/setup-node@v4	2026-09-08T05:39:50.0560021Z   LD_LIBRARY_PATH: /opt/hostedtoolcache/Python/3.12.14/x64/lib
quickstart	Run actions/setup-node@v4	2026-09-08T05:39:50.0561303Z ##[endgroup]
quickstart	Run actions/setup-node@v4	2026-09-08T05:39:50.2125111Z Found in cache @ /opt/hostedtoolcache/node/22.23.2/x64
quickstart	Run actions/setup-node@v4	2026-09-08T05:39:50.2129828Z (node:2497) [DEP0040] DeprecationWarning: The `punycode` module is deprecated. Please use a userland alternative instead.
quickstart	Run actions/setup-node@v4	2026-09-08T05:39:50.2133934Z (Use `node --trace-deprecation ...` to show where the warning was created)
quickstart	Run actions/setup-node@v4	2026-09-08T05:39:50.2136262Z ##[group]Environment details
quickstart	Run actions/setup-node@v4	2026-09-08T05:39:50.6103468Z node: v22.23.2
quickstart	Run actions/setup-node@v4	2026-09-08T05:39:50.6104941Z npm: 10.9.8
quickstart	Run actions/setup-node@v4	2026-09-08T05:39:50.6106121Z yarn: 1.22.22
quickstart	Run actions/setup-node@v4	2026-09-08T05:39:50.6108362Z ##[endgroup]
quickstart	Run the quick start and documentation regressions	﻿2026-09-08T05:39:50.6646358Z ##[group]Run python -m pip install uv==0.11.19
quickstart	Run the quick start and documentation regressions	2026-09-08T05:39:50.6648049Z ^[[36;1mpython -m pip install uv==0.11.19^[[0m
quickstart	Run the quick start and documentation regressions	2026-09-08T05:39:50.6649226Z ^[[36;1muv venv --python 3.12 .venv^[[0m
quickstart	Run the quick start and documentation regressions	2026-09-08T05:39:50.6651079Z ^[[36;1muv pip sync --python .venv/bin/python --require-hashes evidence/D1-01/requirements-linux-py312.lock^[[0m
quickstart	Run the quick start and documentation regressions	2026-09-08T05:39:50.6653295Z ^[[36;1muv pip install --python .venv/bin/python --no-deps -e datarepo^[[0m
quickstart	Run the quick start and documentation regressions	2026-09-08T05:39:50.6654688Z ^[[36;1mcd datarepo^[[0m
quickstart	Run the quick start and documentation regressions	2026-09-08T05:39:50.6655979Z ^[[36;1m"$GITHUB_WORKSPACE/.venv/bin/python" docs/examples/local_quickstart.py^[[0m
quickstart	Run the quick start and documentation regressions	2026-09-08T05:39:50.6658722Z ^[[36;1m"$GITHUB_WORKSPACE/.venv/bin/python" -m pytest test/test_local_quickstart.py -v --junitxml="$RUNNER_TEMP/quickstart-junit.xml"^[[0m
quickstart	Run the quick start and documentation regressions	2026-09-08T05:39:50.6714964Z shell: /usr/bin/bash -e {0}
quickstart	Run the quick start and documentation regressions	2026-09-08T05:39:50.6715927Z env:
quickstart	Run the quick start and documentation regressions	2026-09-08T05:39:50.6716894Z   AWS_EC2_METADATA_DISABLED: true
quickstart	Run the quick start and documentation regressions	2026-09-08T05:39:50.6717952Z   POLARS_MAX_THREADS: 2
quickstart	Run the quick start and documentation regressions	2026-09-08T05:39:50.6719044Z   pythonLocation: /opt/hostedtoolcache/Python/3.12.14/x64
quickstart	Run the quick start and documentation regressions	2026-09-08T05:39:50.6720902Z   PKG_CONFIG_PATH: /opt/hostedtoolcache/Python/3.12.14/x64/lib/pkgconfig
quickstart	Run the quick start and documentation regressions	2026-09-08T05:39:50.6722489Z   Python_ROOT_DIR: /opt/hostedtoolcache/Python/3.12.14/x64
quickstart	Run the quick start and documentation regressions	2026-09-08T05:39:50.6723916Z   Python2_ROOT_DIR: /opt/hostedtoolcache/Python/3.12.14/x64
quickstart	Run the quick start and documentation regressions	2026-09-08T05:39:50.6725365Z   Python3_ROOT_DIR: /opt/hostedtoolcache/Python/3.12.14/x64
quickstart	Run the quick start and documentation regressions	2026-09-08T05:39:50.6727054Z   LD_LIBRARY_PATH: /opt/hostedtoolcache/Python/3.12.14/x64/lib
quickstart	Run the quick start and documentation regressions	2026-09-08T05:39:50.6728315Z ##[endgroup]
quickstart	Run the quick start and documentation regressions	2026-09-08T05:39:51.8298898Z Collecting uv==0.11.19
quickstart	Run the quick start and documentation regressions	2026-09-08T05:39:51.8795811Z   Downloading uv-0.11.19-py3-none-manylinux_2_17_x86_64.manylinux2014_x86_64.whl.metadata (11 kB)
quickstart	Run the quick start and documentation regressions	2026-09-08T05:39:51.8915904Z Downloading uv-0.11.19-py3-none-manylinux_2_17_x86_64.manylinux2014_x86_64.whl (24.9 MB)
quickstart	Run the quick start and documentation regressions	2026-09-08T05:39:52.0283360Z    ━━━━━━━━━━━━━━━━━━━━━━━━━━━━━━━━━━━━━━━━ 24.9/24.9 MB 209.6 MB/s  0:00:00
quickstart	Run the quick start and documentation regressions	2026-09-08T05:39:52.0887840Z Installing collected packages: uv
quickstart	Run the quick start and documentation regressions	2026-09-08T05:39:52.3463008Z Successfully installed uv-0.11.19
quickstart	Run the quick start and documentation regressions	2026-09-08T05:39:52.4564106Z Using CPython 3.12.14 interpreter at: /opt/hostedtoolcache/Python/3.12.14/x64/bin/python3.12
quickstart	Run the quick start and documentation regressions	2026-09-08T05:39:52.4565340Z Creating virtual environment at: .venv
quickstart	Run the quick start and documentation regressions	2026-09-08T05:39:52.4577567Z Activate with: .venv/bin/activate
quickstart	Run the quick start and documentation regressions	2026-09-08T05:39:52.8445723Z Resolved 77 packages in 331ms
quickstart	Run the quick start and documentation regressions	2026-09-08T05:39:52.8750708Z Downloading botocore (15.0MiB)
quickstart	Run the quick start and documentation regressions	2026-09-08T05:39:52.8752758Z Downloading mypy (14.1MiB)
quickstart	Run the quick start and documentation regressions	2026-09-08T05:39:52.8755473Z Downloading lz4 (1.3MiB)
quickstart	Run the quick start and documentation regressions	2026-09-08T05:39:52.8760071Z Downloading jedi (4.7MiB)
quickstart	Run the quick start and documentation regressions	2026-09-08T05:39:52.8763700Z Downloading pyarrow (47.8MiB)
quickstart	Run the quick start and documentation regressions	2026-09-08T05:39:52.8770328Z Downloading polars (32.5MiB)
quickstart	Run the quick start and documentation regressions	2026-09-08T05:39:52.8772879Z Downloading babel (9.7MiB)
quickstart	Run the quick start and documentation regressions	2026-09-08T05:39:52.8798289Z Downloading mkdocs-material (8.9MiB)
quickstart	Run the quick start and documentation regressions	2026-09-08T05:39:52.8810535Z Downloading pygments (1.2MiB)
quickstart	Run the quick start and documentation regressions	2026-09-08T05:39:52.8823197Z Downloading black (1.7MiB)
quickstart	Run the quick start and documentation regressions	2026-09-08T05:39:52.8826031Z Downloading mkdocs (3.7MiB)
quickstart	Run the quick start and documentation regressions	2026-09-08T05:39:52.8932281Z Downloading deltalake (43.8MiB)
quickstart	Run the quick start and documentation regressions	2026-09-08T05:39:52.8988418Z Downloading clickhouse-connect (1.4MiB)
quickstart	Run the quick start and documentation regressions	2026-09-08T05:39:53.2671237Z  Downloaded lz4
quickstart	Run the quick start and documentation regressions	2026-09-08T05:39:53.2909709Z  Downloaded clickhouse-connect
quickstart	Run the quick start and documentation regressions	2026-09-08T05:39:53.3767022Z  Downloaded black
quickstart	Run the quick start and documentation regressions	2026-09-08T05:39:53.4238191Z  Downloaded pygments
quickstart	Run the quick start and documentation regressions	2026-09-08T05:39:53.5445199Z  Downloaded mkdocs
quickstart	Run the quick start and documentation regressions	2026-09-08T05:39:53.9674405Z  Downloaded babel
quickstart	Run the quick start and documentation regressions	2026-09-08T05:39:54.5173470Z  Downloaded botocore
quickstart	Run the quick start and documentation regressions	2026-09-08T05:39:55.0063336Z  Downloaded polars
quickstart	Run the quick start and documentation regressions	2026-09-08T05:39:55.2041651Z  Downloaded deltalake
quickstart	Run the quick start and documentation regressions	2026-09-08T05:39:55.2459046Z  Downloaded mypy
quickstart	Run the quick start and documentation regressions	2026-09-08T05:39:55.3842713Z  Downloaded pyarrow
quickstart	Run the quick start and documentation regressions	2026-09-08T05:39:55.7311751Z  Downloaded jedi
quickstart	Run the quick start and documentation regressions	2026-09-08T05:39:56.8486189Z  Downloaded mkdocs-material
quickstart	Run the quick start and documentation regressions	2026-09-08T05:39:56.8491198Z Prepared 77 packages in 4.00s
quickstart	Run the quick start and documentation regressions	2026-09-08T05:39:57.2555621Z Installed 77 packages in 406ms
quickstart	Run the quick start and documentation regressions	2026-09-08T05:39:57.2556992Z  + asttokens==3.0.2
quickstart	Run the quick start and documentation regressions	2026-09-08T05:39:57.2557454Z  + babel==2.18.0
quickstart	Run the quick start and documentation regressions	2026-09-08T05:39:57.2557922Z  + backports-zstd==1.7.0
quickstart	Run the quick start and documentation regressions	2026-09-08T05:39:57.2558868Z  + backrefs==8.0
quickstart	Run the quick start and documentation regressions	2026-09-08T05:39:57.2559291Z  + black==25.12.0
quickstart	Run the quick start and documentation regressions	2026-09-08T05:39:57.2559712Z  + boto3==1.43.89
quickstart	Run the quick start and documentation regressions	2026-09-08T05:39:57.2560052Z  + boto3-stubs==1.43.89
quickstart	Run the quick start and documentation regressions	2026-09-08T05:39:57.2560603Z  + botocore==1.43.89
quickstart	Run the quick start and documentation regressions	2026-09-08T05:39:57.2561003Z  + botocore-stubs==1.43.67
quickstart	Run the quick start and documentation regressions	2026-09-08T05:39:57.2561408Z  + certifi==2026.7.22
quickstart	Run the quick start and documentation regressions	2026-09-08T05:39:57.2561790Z  + charset-normalizer==3.5.1
quickstart	Run the quick start and documentation regressions	2026-09-08T05:39:57.2562191Z  + click==8.5.0
quickstart	Run the quick start and documentation regressions	2026-09-08T05:39:57.2562552Z  + clickhouse-connect==1.8.0
quickstart	Run the quick start and documentation regressions	2026-09-08T05:39:57.2562953Z  + colorama==0.4.6
quickstart	Run the quick start and documentation regressions	2026-09-08T05:39:57.2563304Z  + coverage==7.16.0
quickstart	Run the quick start and documentation regressions	2026-09-08T05:39:57.2563652Z  + deltalake==0.25.5
quickstart	Run the quick start and documentation regressions	2026-09-08T05:39:57.2564009Z  + executing==2.2.1
quickstart	Run the quick start and documentation regressions	2026-09-08T05:39:57.2564347Z  + flake8==7.3.0
quickstart	Run the quick start and documentation regressions	2026-09-08T05:39:57.2564688Z  + ghp-import==2.1.0
quickstart	Run the quick start and documentation regressions	2026-09-08T05:39:57.2565058Z  + griffelib==2.3.0
quickstart	Run the quick start and documentation regressions	2026-09-08T05:39:57.2565398Z  + idna==3.19
quickstart	Run the quick start and documentation regressions	2026-09-08T05:39:57.2565726Z  + iniconfig==2.3.0
quickstart	Run the quick start and documentation regressions	2026-09-08T05:39:57.2566074Z  + ipython==9.17.1
quickstart	Run the quick start and documentation regressions	2026-09-08T05:39:57.2566495Z  + ipython-pygments-lexers==1.1.1
quickstart	Run the quick start and documentation regressions	2026-09-08T05:39:57.2567486Z  + jedi==0.20.0
quickstart	Run the quick start and documentation regressions	2026-09-08T05:39:57.2567938Z  + jinja2==3.1.6
quickstart	Run the quick start and documentation regressions	2026-09-08T05:39:57.2568281Z  + jmespath==1.1.0
quickstart	Run the quick start and documentation regressions	2026-09-08T05:39:57.2568621Z  + librt==0.15.0
quickstart	Run the quick start and documentation regressions	2026-09-08T05:39:57.2568952Z  + lz4==4.4.5
quickstart	Run the quick start and documentation regressions	2026-09-08T05:39:57.2569276Z  + markdown==3.10.3
quickstart	Run the quick start and documentation regressions	2026-09-08T05:39:57.2569636Z  + markupsafe==3.0.3
quickstart	Run the quick start and documentation regressions	2026-09-08T05:39:57.2570131Z  + matplotlib-inline==0.2.2
quickstart	Run the quick start and documentation regressions	2026-09-08T05:39:57.2570553Z  + mccabe==0.7.0
quickstart	Run the quick start and documentation regressions	2026-09-08T05:39:57.2571013Z  + mergedeep==1.3.4
quickstart	Run the quick start and documentation regressions	2026-09-08T05:39:57.2571385Z  + mkdocs==1.6.1
quickstart	Run the quick start and documentation regressions	2026-09-08T05:39:57.2571880Z  + mkdocs-autorefs==1.4.4
quickstart	Run the quick start and documentation regressions	2026-09-08T05:39:57.2572373Z  + mkdocs-get-deps==0.2.2
quickstart	Run the quick start and documentation regressions	2026-09-08T05:39:57.2572831Z  + mkdocs-material==9.7.7
quickstart	Run the quick start and documentation regressions	2026-09-08T05:39:57.2573400Z  + mkdocs-material-extensions==1.3.1
quickstart	Run the quick start and documentation regressions	2026-09-08T05:39:57.2573873Z  + mkdocstrings==1.0.6
quickstart	Run the quick start and documentation regressions	2026-09-08T05:39:57.2574275Z  + mkdocstrings-python==2.0.8
quickstart	Run the quick start and documentation regressions	2026-09-08T05:39:57.2574733Z  + mypy==1.20.2
quickstart	Run the quick start and documentation regressions	2026-09-08T05:39:57.2575197Z  + mypy-extensions==1.1.0
quickstart	Run the quick start and documentation regressions	2026-09-08T05:39:57.2575585Z  + packaging==26.3
quickstart	Run the quick start and documentation regressions	2026-09-08T05:39:57.2576057Z  + paginate==0.5.7
quickstart	Run the quick start and documentation regressions	2026-09-08T05:39:57.2576744Z  + parso==0.8.7
quickstart	Run the quick start and documentation regressions	2026-09-08T05:39:57.2577200Z  + pathspec==1.1.1
quickstart	Run the quick start and documentation regressions	2026-09-08T05:39:57.2577592Z  + pexpect==4.9.0
quickstart	Run the quick start and documentation regressions	2026-09-08T05:39:57.2578153Z  + platformdirs==4.11.7
quickstart	Run the quick start and documentation regressions	2026-09-08T05:39:57.2578532Z  + pluggy==1.6.0
quickstart	Run the quick start and documentation regressions	2026-09-08T05:39:57.2578993Z  + polars==1.12.0
quickstart	Run the quick start and documentation regressions	2026-09-08T05:39:57.2579565Z  + prompt-toolkit==3.0.53
quickstart	Run the quick start and documentation regressions	2026-09-08T05:39:57.2579949Z  + psutil==7.2.2
quickstart	Run the quick start and documentation regressions	2026-09-08T05:39:57.2580512Z  + ptyprocess==0.7.0
quickstart	Run the quick start and documentation regressions	2026-09-08T05:39:57.2580950Z  + pure-eval==0.2.3
quickstart	Run the quick start and documentation regressions	2026-09-08T05:39:57.2581426Z  + pyarrow==25.0.1
quickstart	Run the quick start and documentation regressions	2026-09-08T05:39:57.2581970Z  + pyarrow-stubs==20.0.0.20260819
quickstart	Run the quick start and documentation regressions	2026-09-08T05:39:57.2582393Z  + pycodestyle==2.14.0
quickstart	Run the quick start and documentation regressions	2026-09-08T05:39:57.2582843Z  + pyflakes==3.4.0
quickstart	Run the quick start and documentation regressions	2026-09-08T05:39:57.2583231Z  + pygments==2.21.0
quickstart	Run the quick start and documentation regressions	2026-09-08T05:39:57.2583827Z  + pymdown-extensions==11.0.2
quickstart	Run the quick start and documentation regressions	2026-09-08T05:39:57.2584223Z  + pytest==9.1.1
quickstart	Run the quick start and documentation regressions	2026-09-08T05:39:57.2584673Z  + pytest-cov==7.1.0
quickstart	Run the quick start and documentation regressions	2026-09-08T05:39:57.2585291Z  + python-dateutil==2.9.0.post0
quickstart	Run the quick start and documentation regressions	2026-09-08T05:39:57.2585768Z  + pytokens==0.4.1
quickstart	Run the quick start and documentation regressions	2026-09-08T05:39:57.2586243Z  + pyyaml==6.0.3
quickstart	Run the quick start and documentation regressions	2026-09-08T05:39:57.2586911Z  + pyyaml-env-tag==1.1
quickstart	Run the quick start and documentation regressions	2026-09-08T05:39:57.2587389Z  + requests==2.34.2
quickstart	Run the quick start and documentation regressions	2026-09-08T05:39:57.2587852Z  + s3transfer==0.19.2
quickstart	Run the quick start and documentation regressions	2026-09-08T05:39:57.2588335Z  + six==1.17.0
quickstart	Run the quick start and documentation regressions	2026-09-08T05:39:57.2588769Z  + stack-data==0.6.3
quickstart	Run the quick start and documentation regressions	2026-09-08T05:39:57.2589332Z  + traitlets==5.16.1
quickstart	Run the quick start and documentation regressions	2026-09-08T05:39:57.2589777Z  + types-s3transfer==0.16.0
quickstart	Run the quick start and documentation regressions	2026-09-08T05:39:57.2590299Z  + typing-extensions==4.16.0
quickstart	Run the quick start and documentation regressions	2026-09-08T05:39:57.2590694Z  + urllib3==2.7.0
quickstart	Run the quick start and documentation regressions	2026-09-08T05:39:57.2591149Z  + watchdog==6.0.0
quickstart	Run the quick start and documentation regressions	2026-09-08T05:39:57.2591611Z  + wcwidth==0.8.3
quickstart	Run the quick start and documentation regressions	2026-09-08T05:39:57.3243860Z Resolved 1 package in 1ms
quickstart	Run the quick start and documentation regressions	2026-09-08T05:39:57.3250039Z    Building data-repository @ file:///home/runner/work/neuralink-contributions/neuralink-contributions/datarepo
quickstart	Run the quick start and documentation regressions	2026-09-08T05:40:21.5729448Z       Built data-repository @ file:///home/runner/work/neuralink-contributions/neuralink-contributions/datarepo
quickstart	Run the quick start and documentation regressions	2026-09-08T05:40:21.5739190Z Prepared 1 package in 24.24s
quickstart	Run the quick start and documentation regressions	2026-09-08T05:40:21.5749721Z Installed 1 package in 0.96ms
quickstart	Run the quick start and documentation regressions	2026-09-08T05:40:21.5750839Z  + data-repository==0.1.0 (from file:///home/runner/work/neuralink-contributions/neuralink-contributions/datarepo)
quickstart	Run the quick start and documentation regressions	2026-09-08T05:40:23.9441087Z Boto3 session provided but no credentials found. Storage options will not include AWS credentials.
quickstart	Run the quick start and documentation regressions	2026-09-08T05:40:23.9476096Z [
quickstart	Run the quick start and documentation regressions	2026-09-08T05:40:23.9476474Z   {
quickstart	Run the quick start and documentation regressions	2026-09-08T05:40:23.9477008Z     "part_id": 1,
quickstart	Run the quick start and documentation regressions	2026-09-08T05:40:23.9477363Z     "part_name": "Bolt",
quickstart	Run the quick start and documentation regressions	2026-09-08T05:40:23.9477771Z     "supplier_id": 20,
quickstart	Run the quick start and documentation regressions	2026-09-08T05:40:23.9478187Z     "supplier_name": "Supplier B"
quickstart	Run the quick start and documentation regressions	2026-09-08T05:40:23.9478559Z   },
quickstart	Run the quick start and documentation regressions	2026-09-08T05:40:23.9478822Z   {
quickstart	Run the quick start and documentation regressions	2026-09-08T05:40:23.9479099Z     "part_id": 2,
quickstart	Run the quick start and documentation regressions	2026-09-08T05:40:23.9479432Z     "part_name": "Nut",
quickstart	Run the quick start and documentation regressions	2026-09-08T05:40:23.9479775Z     "supplier_id": 10,
quickstart	Run the quick start and documentation regressions	2026-09-08T05:40:23.9480194Z     "supplier_name": "Supplier A"
quickstart	Run the quick start and documentation regressions	2026-09-08T05:40:23.9480573Z   },
quickstart	Run the quick start and documentation regressions	2026-09-08T05:40:23.9480826Z   {
quickstart	Run the quick start and documentation regressions	2026-09-08T05:40:23.9481091Z     "part_id": 3,
quickstart	Run the quick start and documentation regressions	2026-09-08T05:40:23.9481791Z     "part_name": "Washer",
quickstart	Run the quick start and documentation regressions	2026-09-08T05:40:23.9482153Z     "supplier_id": 20,
quickstart	Run the quick start and documentation regressions	2026-09-08T05:40:23.9482517Z     "supplier_name": "Supplier B"
quickstart	Run the quick start and documentation regressions	2026-09-08T05:40:23.9482874Z   }
quickstart	Run the quick start and documentation regressions	2026-09-08T05:40:23.9483125Z ]
quickstart	Run the quick start and documentation regressions	2026-09-08T05:40:24.6163972Z ============================= test session starts ==============================
quickstart	Run the quick start and documentation regressions	2026-09-08T05:40:24.6165187Z platform linux -- Python 3.12.14, pytest-9.1.1, pluggy-1.6.0 -- /home/runner/work/neuralink-contributions/neuralink-contributions/.venv/bin/python
quickstart	Run the quick start and documentation regressions	2026-09-08T05:40:24.6166031Z cachedir: .pytest_cache
quickstart	Run the quick start and documentation regressions	2026-09-08T05:40:24.6167130Z rootdir: /home/runner/work/neuralink-contributions/neuralink-contributions/datarepo
quickstart	Run the quick start and documentation regressions	2026-09-08T05:40:24.6167669Z configfile: pyproject.toml
quickstart	Run the quick start and documentation regressions	2026-09-08T05:40:24.6167939Z plugins: cov-7.1.0
quickstart	Run the quick start and documentation regressions	2026-09-08T05:40:24.6953308Z collecting ... collected 2 items
quickstart	Run the quick start and documentation regressions	2026-09-08T05:40:24.6953745Z 
quickstart	Run the quick start and documentation regressions	2026-09-08T05:40:25.0297088Z test/test_local_quickstart.py::test_local_quickstart_schema_filter_and_join PASSED [ 50%]
quickstart	Run the quick start and documentation regressions	2026-09-08T05:40:25.0763041Z test/test_local_quickstart.py::test_readme_code_and_output_match_executable_example PASSED [100%]
quickstart	Run the quick start and documentation regressions	2026-09-08T05:40:25.0763830Z 
quickstart	Run the quick start and documentation regressions	2026-09-08T05:40:25.0765295Z ------- generated xml file: /home/runner/work/_temp/quickstart-junit.xml -------
quickstart	Run the quick start and documentation regressions	2026-09-08T05:40:25.0766242Z ============================== 2 passed in 0.43s ===============================
quickstart	Run actions/upload-artifact@v4	﻿2026-09-08T05:40:25.1681690Z Node 20 is being deprecated. This workflow is running with Node 24 by default. If you need to temporarily use Node 20, you can set the ACTIONS_ALLOW_USE_UNSECURE_NODE_VERSION=true environment variable. For more information see: https://github.blog/changelog/2025-09-19-deprecation-of-node-20-on-github-actions-runners/
quickstart	Run actions/upload-artifact@v4	2026-09-08T05:40:25.1683028Z ##[group]Run actions/upload-artifact@v4
quickstart	Run actions/upload-artifact@v4	2026-09-08T05:40:25.1683308Z with:
quickstart	Run actions/upload-artifact@v4	2026-09-08T05:40:25.1683517Z   name: quickstart-validation
quickstart	Run actions/upload-artifact@v4	2026-09-08T05:40:25.1683820Z   path: /home/runner/work/_temp/quickstart-junit.xml
quickstart	Run actions/upload-artifact@v4	2026-09-08T05:40:25.1684152Z   if-no-files-found: warn
quickstart	Run actions/upload-artifact@v4	2026-09-08T05:40:25.1684387Z   compression-level: 6
quickstart	Run actions/upload-artifact@v4	2026-09-08T05:40:25.1684626Z   overwrite: false
quickstart	Run actions/upload-artifact@v4	2026-09-08T05:40:25.1684841Z   include-hidden-files: false
quickstart	Run actions/upload-artifact@v4	2026-09-08T05:40:25.1685071Z env:
quickstart	Run actions/upload-artifact@v4	2026-09-08T05:40:25.1685263Z   AWS_EC2_METADATA_DISABLED: true
quickstart	Run actions/upload-artifact@v4	2026-09-08T05:40:25.1685521Z   POLARS_MAX_THREADS: 2
quickstart	Run actions/upload-artifact@v4	2026-09-08T05:40:25.1685804Z   pythonLocation: /opt/hostedtoolcache/Python/3.12.14/x64
quickstart	Run actions/upload-artifact@v4	2026-09-08T05:40:25.1686256Z   PKG_CONFIG_PATH: /opt/hostedtoolcache/Python/3.12.14/x64/lib/pkgconfig
quickstart	Run actions/upload-artifact@v4	2026-09-08T05:40:25.1686997Z   Python_ROOT_DIR: /opt/hostedtoolcache/Python/3.12.14/x64
quickstart	Run actions/upload-artifact@v4	2026-09-08T05:40:25.1687427Z   Python2_ROOT_DIR: /opt/hostedtoolcache/Python/3.12.14/x64
quickstart	Run actions/upload-artifact@v4	2026-09-08T05:40:25.1687814Z   Python3_ROOT_DIR: /opt/hostedtoolcache/Python/3.12.14/x64
quickstart	Run actions/upload-artifact@v4	2026-09-08T05:40:25.1688199Z   LD_LIBRARY_PATH: /opt/hostedtoolcache/Python/3.12.14/x64/lib
quickstart	Run actions/upload-artifact@v4	2026-09-08T05:40:25.1688523Z ##[endgroup]
quickstart	Run actions/upload-artifact@v4	2026-09-08T05:40:25.3371215Z (node:2768) [DEP0040] DeprecationWarning: The `punycode` module is deprecated. Please use a userland alternative instead.
quickstart	Run actions/upload-artifact@v4	2026-09-08T05:40:25.3372113Z (Use `node --trace-deprecation ...` to show where the warning was created)
quickstart	Run actions/upload-artifact@v4	2026-09-08T05:40:25.3419432Z With the provided path, there will be 1 file uploaded
quickstart	Run actions/upload-artifact@v4	2026-09-08T05:40:25.3437255Z Artifact name is valid!
quickstart	Run actions/upload-artifact@v4	2026-09-08T05:40:25.3448193Z Root directory input is valid!
quickstart	Run actions/upload-artifact@v4	2026-09-08T05:40:25.5654210Z Beginning upload of artifact content to blob storage
quickstart	Run actions/upload-artifact@v4	2026-09-08T05:40:25.5846413Z (node:2768) [DEP0169] DeprecationWarning: `url.parse()` behavior is not standardized and prone to errors that have security implications. Use the WHATWG URL API instead. CVEs are not issued for `url.parse()` vulnerabilities.
quickstart	Run actions/upload-artifact@v4	2026-09-08T05:40:25.6287534Z Uploaded bytes 414
quickstart	Run actions/upload-artifact@v4	2026-09-08T05:40:25.6491964Z Finished uploading artifact content to blob storage!
quickstart	Run actions/upload-artifact@v4	2026-09-08T05:40:25.6493409Z SHA256 digest of uploaded artifact zip is 53443fef94d08df728ef3ed7f7bc7277b3a541fc07581cd62fe4b393bbb216bd
quickstart	Run actions/upload-artifact@v4	2026-09-08T05:40:25.6494840Z Finalizing artifact upload
quickstart	Run actions/upload-artifact@v4	2026-09-08T05:40:25.8495503Z Artifact quickstart-validation.zip successfully finalized. Artifact ID 10042362303
quickstart	Run actions/upload-artifact@v4	2026-09-08T05:40:25.8497935Z Artifact quickstart-validation has been successfully uploaded! Final size is 414 bytes. Artifact ID is 10042362303
quickstart	Run actions/upload-artifact@v4	2026-09-08T05:40:25.8504679Z Artifact download URL: https://github.com/zack-dev-cm/neuralink-contributions/actions/runs/34191476771/artifacts/10042362303
quickstart	Post Run actions/setup-node@v4	﻿2026-09-08T05:40:25.8904314Z Node 20 is being deprecated. This workflow is running with Node 24 by default. If you need to temporarily use Node 20, you can set the ACTIONS_ALLOW_USE_UNSECURE_NODE_VERSION=true environment variable. For more information see: https://github.blog/changelog/2025-09-19-deprecation-of-node-20-on-github-actions-runners/
quickstart	Post Run actions/setup-node@v4	2026-09-08T05:40:25.8905629Z Post job cleanup.
quickstart	Post Run actions/setup-node@v4	2026-09-08T05:40:26.0198806Z (node:2780) [DEP0040] DeprecationWarning: The `punycode` module is deprecated. Please use a userland alternative instead.
quickstart	Post Run actions/setup-node@v4	2026-09-08T05:40:26.0199815Z (Use `node --trace-deprecation ...` to show where the warning was created)
quickstart	Post Run actions/setup-python@v5	﻿2026-09-08T05:40:26.0640651Z Node 20 is being deprecated. This workflow is running with Node 24 by default. If you need to temporarily use Node 20, you can set the ACTIONS_ALLOW_USE_UNSECURE_NODE_VERSION=true environment variable. For more information see: https://github.blog/changelog/2025-09-19-deprecation-of-node-20-on-github-actions-runners/
quickstart	Post Run actions/setup-python@v5	2026-09-08T05:40:26.0641948Z Post job cleanup.
quickstart	Post Run actions/setup-python@v5	2026-09-08T05:40:26.1888980Z (node:2788) [DEP0040] DeprecationWarning: The `punycode` module is deprecated. Please use a userland alternative instead.
quickstart	Post Run actions/setup-python@v5	2026-09-08T05:40:26.1890475Z (Use `node --trace-deprecation ...` to show where the warning was created)
quickstart	Post Run actions/checkout@v4	﻿2026-09-08T05:40:26.2420082Z Node 20 is being deprecated. This workflow is running with Node 24 by default. If you need to temporarily use Node 20, you can set the ACTIONS_ALLOW_USE_UNSECURE_NODE_VERSION=true environment variable. For more information see: https://github.blog/changelog/2025-09-19-deprecation-of-node-20-on-github-actions-runners/
quickstart	Post Run actions/checkout@v4	2026-09-08T05:40:26.2421393Z Post job cleanup.
quickstart	Post Run actions/checkout@v4	2026-09-08T05:40:26.3285213Z [command]/usr/bin/git version
quickstart	Post Run actions/checkout@v4	2026-09-08T05:40:26.3332365Z git version 2.55.0
quickstart	Post Run actions/checkout@v4	2026-09-08T05:40:26.3374684Z Temporarily overriding HOME='/home/runner/work/_temp/8f565033-21d4-41c1-8cfa-649b2dd4eba4' before making global git config changes
quickstart	Post Run actions/checkout@v4	2026-09-08T05:40:26.3376184Z Adding repository directory to the temporary git global config as a safe directory
quickstart	Post Run actions/checkout@v4	2026-09-08T05:40:26.3378785Z [command]/usr/bin/git config --global --add safe.directory /home/runner/work/neuralink-contributions/neuralink-contributions/datarepo
quickstart	Post Run actions/checkout@v4	2026-09-08T05:40:26.3419887Z [command]/usr/bin/git config --local --name-only --get-regexp core\.sshCommand
quickstart	Post Run actions/checkout@v4	2026-09-08T05:40:26.3457402Z [command]/usr/bin/git submodule foreach --recursive sh -c "git config --local --name-only --get-regexp 'core\.sshCommand' && git config --local --unset-all 'core.sshCommand' || :"
quickstart	Post Run actions/checkout@v4	2026-09-08T05:40:26.3721837Z [command]/usr/bin/git config --local --name-only --get-regexp http\.https\:\/\/github\.com\/\.extraheader
quickstart	Post Run actions/checkout@v4	2026-09-08T05:40:26.3752500Z http.https://github.com/.extraheader
quickstart	Post Run actions/checkout@v4	2026-09-08T05:40:26.3765072Z [command]/usr/bin/git config --local --unset-all http.https://github.com/.extraheader
quickstart	Post Run actions/checkout@v4	2026-09-08T05:40:26.3808977Z [command]/usr/bin/git submodule foreach --recursive sh -c "git config --local --name-only --get-regexp 'http\.https\:\/\/github\.com\/\.extraheader' && git config --local --unset-all 'http.https://github.com/.extraheader' || :"
quickstart	Post Run actions/checkout@v4	2026-09-08T05:40:26.4062555Z [command]/usr/bin/git config --local --name-only --get-regexp ^includeIf\.gitdir:
quickstart	Post Run actions/checkout@v4	2026-09-08T05:40:26.4119700Z [command]/usr/bin/git submodule foreach --recursive git config --local --show-origin --name-only --get-regexp remote.origin.url
quickstart	Post Run actions/checkout@v4	﻿2026-09-08T05:40:26.4945568Z Node 20 is being deprecated. This workflow is running with Node 24 by default. If you need to temporarily use Node 20, you can set the ACTIONS_ALLOW_USE_UNSECURE_NODE_VERSION=true environment variable. For more information see: https://github.blog/changelog/2025-09-19-deprecation-of-node-20-on-github-actions-runners/
quickstart	Post Run actions/checkout@v4	2026-09-08T05:40:26.4947372Z Post job cleanup.
quickstart	Post Run actions/checkout@v4	2026-09-08T05:40:26.5899586Z [command]/usr/bin/git version
quickstart	Post Run actions/checkout@v4	2026-09-08T05:40:26.5960359Z git version 2.55.0
quickstart	Post Run actions/checkout@v4	2026-09-08T05:40:26.6005424Z Temporarily overriding HOME='/home/runner/work/_temp/5b768cae-bc07-4128-8272-39e2cef6e696' before making global git config changes
quickstart	Post Run actions/checkout@v4	2026-09-08T05:40:26.6007751Z Adding repository directory to the temporary git global config as a safe directory
quickstart	Post Run actions/checkout@v4	2026-09-08T05:40:26.6012130Z [command]/usr/bin/git config --global --add safe.directory /home/runner/work/neuralink-contributions/neuralink-contributions
quickstart	Post Run actions/checkout@v4	2026-09-08T05:40:26.6071575Z [command]/usr/bin/git config --local --name-only --get-regexp core\.sshCommand
quickstart	Post Run actions/checkout@v4	2026-09-08T05:40:26.6163156Z [command]/usr/bin/git submodule foreach --recursive sh -c "git config --local --name-only --get-regexp 'core\.sshCommand' && git config --local --unset-all 'core.sshCommand' || :"
quickstart	Post Run actions/checkout@v4	2026-09-08T05:40:26.6479445Z [command]/usr/bin/git config --local --name-only --get-regexp http\.https\:\/\/github\.com\/\.extraheader
quickstart	Post Run actions/checkout@v4	2026-09-08T05:40:26.6513253Z http.https://github.com/.extraheader
quickstart	Post Run actions/checkout@v4	2026-09-08T05:40:26.6528276Z [command]/usr/bin/git config --local --unset-all http.https://github.com/.extraheader
quickstart	Post Run actions/checkout@v4	2026-09-08T05:40:26.6581267Z [command]/usr/bin/git submodule foreach --recursive sh -c "git config --local --name-only --get-regexp 'http\.https\:\/\/github\.com\/\.extraheader' && git config --local --unset-all 'http.https://github.com/.extraheader' || :"
quickstart	Post Run actions/checkout@v4	2026-09-08T05:40:26.6879939Z [command]/usr/bin/git config --local --name-only --get-regexp ^includeIf\.gitdir:
quickstart	Post Run actions/checkout@v4	2026-09-08T05:40:26.6925143Z [command]/usr/bin/git submodule foreach --recursive git config --local --show-origin --name-only --get-regexp remote.origin.url
quickstart	Complete job	﻿2026-09-08T05:40:26.7346939Z Cleaning up orphan processes
quickstart	Complete job	2026-09-08T05:40:26.7661050Z ##[warning]Node.js 20 is deprecated. The following actions target Node.js 20 but are being forced to run on Node.js 24: actions/checkout@v4, actions/setup-node@v4, actions/setup-python@v5, actions/upload-artifact@v4. For more information see: https://github.blog/changelog/2025-09-19-deprecation-of-node-20-on-github-actions-runners/
clickhouse	Set up job	﻿2026-09-08T05:39:47.3668096Z Current runner version: '2.337.0'
clickhouse	Set up job	2026-09-08T05:39:47.3693565Z ##[group]Runner Image Provisioner
clickhouse	Set up job	2026-09-08T05:39:47.3694450Z Hosted Compute Agent
clickhouse	Set up job	2026-09-08T05:39:47.3695086Z Version: 20260828.587
clickhouse	Set up job	2026-09-08T05:39:47.3695686Z Commit: abac92662cab4cc7352de4f9f9d2e2419aad9c29
clickhouse	Set up job	2026-09-08T05:39:47.3696362Z Build Date: 2026-08-28T16:44:25Z
clickhouse	Set up job	2026-09-08T05:39:47.3697020Z Worker ID: {cdde1c69-287e-495a-a5cc-e365fd27d804}
clickhouse	Set up job	2026-09-08T05:39:47.3697708Z Azure Region: northcentralus
clickhouse	Set up job	2026-09-08T05:39:47.3698356Z ##[endgroup]
clickhouse	Set up job	2026-09-08T05:39:47.3699830Z ##[group]Operating System
clickhouse	Set up job	2026-09-08T05:39:47.3700444Z Ubuntu
clickhouse	Set up job	2026-09-08T05:39:47.3701008Z 24.04.4
clickhouse	Set up job	2026-09-08T05:39:47.3701499Z LTS
clickhouse	Set up job	2026-09-08T05:39:47.3702321Z ##[endgroup]
clickhouse	Set up job	2026-09-08T05:39:47.3702887Z ##[group]Runner Image
clickhouse	Set up job	2026-09-08T05:39:47.3703449Z Image: ubuntu-24.04
clickhouse	Set up job	2026-09-08T05:39:47.3704002Z Version: 20260831.293.1
clickhouse	Set up job	2026-09-08T05:39:47.3704990Z Included Software: https://github.com/actions/runner-images/blob/ubuntu24/20260831.293/images/ubuntu/Ubuntu2404-Readme.md
clickhouse	Set up job	2026-09-08T05:39:47.3706651Z Image Release: https://github.com/actions/runner-images/releases/tag/ubuntu24%2F20260831.293
clickhouse	Set up job	2026-09-08T05:39:47.3707542Z ##[endgroup]
clickhouse	Set up job	2026-09-08T05:39:47.3708745Z ##[group]GITHUB_TOKEN Permissions
clickhouse	Set up job	2026-09-08T05:39:47.3710954Z Contents: read
clickhouse	Set up job	2026-09-08T05:39:47.3711569Z Metadata: read
clickhouse	Set up job	2026-09-08T05:39:47.3712094Z ##[endgroup]
clickhouse	Set up job	2026-09-08T05:39:47.3714063Z Secret source: Actions
clickhouse	Set up job	2026-09-08T05:39:47.3715076Z Prepare workflow directory
clickhouse	Set up job	2026-09-08T05:39:47.4852558Z Prepare all required actions
clickhouse	Set up job	2026-09-08T05:39:47.4902161Z Getting action download info
clickhouse	Set up job	2026-09-08T05:39:47.7211453Z Download action repository 'actions/checkout@v4' (SHA:11d5960a326750d5838078e36cf38b85af677262)
clickhouse	Set up job	2026-09-08T05:39:47.8617406Z Download action repository 'actions/setup-python@v5' (SHA:a26af69be951a213d495a4c3e4e4022e16d87065)
clickhouse	Set up job	2026-09-08T05:39:48.0003786Z Download action repository 'actions/setup-node@v4' (SHA:49933ea5288caeca8642d1e84afbd3f7d6820020)
clickhouse	Set up job	2026-09-08T05:39:48.1394564Z Download action repository 'actions/upload-artifact@v4' (SHA:ea165f8d65b6e75b540449e92b4886f43607fa02)
clickhouse	Set up job	2026-09-08T05:39:48.7154079Z Complete job name: clickhouse
clickhouse	Run actions/checkout@v4	﻿2026-09-08T05:39:48.9649604Z Node 20 is being deprecated. This workflow is running with Node 24 by default. If you need to temporarily use Node 20, you can set the ACTIONS_ALLOW_USE_UNSECURE_NODE_VERSION=true environment variable. For more information see: https://github.blog/changelog/2025-09-19-deprecation-of-node-20-on-github-actions-runners/
clickhouse	Run actions/checkout@v4	2026-09-08T05:39:48.9660205Z ##[group]Run actions/checkout@v4
clickhouse	Run actions/checkout@v4	2026-09-08T05:39:48.9661404Z with:
clickhouse	Run actions/checkout@v4	2026-09-08T05:39:48.9662337Z   repository: zack-dev-cm/neuralink-contributions
clickhouse	Run actions/checkout@v4	2026-09-08T05:39:48.9670304Z   token: ***
clickhouse	Run actions/checkout@v4	2026-09-08T05:39:48.9671177Z   ssh-strict: true
clickhouse	Run actions/checkout@v4	2026-09-08T05:39:48.9672035Z   ssh-user: git
clickhouse	Run actions/checkout@v4	2026-09-08T05:39:48.9672919Z   persist-credentials: true
clickhouse	Run actions/checkout@v4	2026-09-08T05:39:48.9673874Z   clean: true
clickhouse	Run actions/checkout@v4	2026-09-08T05:39:48.9674772Z   sparse-checkout-cone-mode: true
clickhouse	Run actions/checkout@v4	2026-09-08T05:39:48.9675793Z   fetch-depth: 1
clickhouse	Run actions/checkout@v4	2026-09-08T05:39:48.9676686Z   fetch-tags: false
clickhouse	Run actions/checkout@v4	2026-09-08T05:39:48.9677566Z   show-progress: true
clickhouse	Run actions/checkout@v4	2026-09-08T05:39:48.9678453Z   lfs: false
clickhouse	Run actions/checkout@v4	2026-09-08T05:39:48.9679396Z   submodules: false
clickhouse	Run actions/checkout@v4	2026-09-08T05:39:48.9680345Z   set-safe-directory: true
clickhouse	Run actions/checkout@v4	2026-09-08T05:39:48.9681349Z   allow-unsafe-pr-checkout: false
clickhouse	Run actions/checkout@v4	2026-09-08T05:39:48.9682513Z env:
clickhouse	Run actions/checkout@v4	2026-09-08T05:39:48.9683339Z   AWS_EC2_METADATA_DISABLED: true
clickhouse	Run actions/checkout@v4	2026-09-08T05:39:48.9684334Z   POLARS_MAX_THREADS: 2
clickhouse	Run actions/checkout@v4	2026-09-08T05:39:48.9685211Z ##[endgroup]
clickhouse	Run actions/checkout@v4	2026-09-08T05:39:49.0670010Z Syncing repository: zack-dev-cm/neuralink-contributions
clickhouse	Run actions/checkout@v4	2026-09-08T05:39:49.0674856Z ##[group]Getting Git version info
clickhouse	Run actions/checkout@v4	2026-09-08T05:39:49.0677488Z Working directory is '/home/runner/work/neuralink-contributions/neuralink-contributions'
clickhouse	Run actions/checkout@v4	2026-09-08T05:39:49.0681336Z [command]/usr/bin/git version
clickhouse	Run actions/checkout@v4	2026-09-08T05:39:49.0724112Z git version 2.55.0
clickhouse	Run actions/checkout@v4	2026-09-08T05:39:49.0742950Z ##[endgroup]
clickhouse	Run actions/checkout@v4	2026-09-08T05:39:49.0756008Z Temporarily overriding HOME='/home/runner/work/_temp/66691e4a-dfa7-4457-b71b-55f244af6573' before making global git config changes
clickhouse	Run actions/checkout@v4	2026-09-08T05:39:49.0760711Z Adding repository directory to the temporary git global config as a safe directory
clickhouse	Run actions/checkout@v4	2026-09-08T05:39:49.0764451Z [command]/usr/bin/git config --global --add safe.directory /home/runner/work/neuralink-contributions/neuralink-contributions
clickhouse	Run actions/checkout@v4	2026-09-08T05:39:49.0819886Z Deleting the contents of '/home/runner/work/neuralink-contributions/neuralink-contributions'
clickhouse	Run actions/checkout@v4	2026-09-08T05:39:49.0823940Z ##[group]Initializing the repository
clickhouse	Run actions/checkout@v4	2026-09-08T05:39:49.0828188Z [command]/usr/bin/git init /home/runner/work/neuralink-contributions/neuralink-contributions
clickhouse	Run actions/checkout@v4	2026-09-08T05:39:49.0917323Z hint: Using 'master' as the name for the initial branch. This default branch name
clickhouse	Run actions/checkout@v4	2026-09-08T05:39:49.0920456Z hint: will change to "main" in Git 3.0. To configure the initial branch name
clickhouse	Run actions/checkout@v4	2026-09-08T05:39:49.0923303Z hint: to use in all of your new repositories, which will suppress this warning,
clickhouse	Run actions/checkout@v4	2026-09-08T05:39:49.0925676Z hint: call:
clickhouse	Run actions/checkout@v4	2026-09-08T05:39:49.0926986Z hint:
clickhouse	Run actions/checkout@v4	2026-09-08T05:39:49.0928850Z hint: 	git config --global init.defaultBranch <name>
clickhouse	Run actions/checkout@v4	2026-09-08T05:39:49.0930852Z hint:
clickhouse	Run actions/checkout@v4	2026-09-08T05:39:49.0932617Z hint: Names commonly chosen instead of 'master' are 'main', 'trunk' and
clickhouse	Run actions/checkout@v4	2026-09-08T05:39:49.0935966Z hint: 'development'. The just-created branch can be renamed via this command:
clickhouse	Run actions/checkout@v4	2026-09-08T05:39:49.0939170Z hint:
clickhouse	Run actions/checkout@v4	2026-09-08T05:39:49.0940293Z hint: 	git branch -m <name>
clickhouse	Run actions/checkout@v4	2026-09-08T05:39:49.0941320Z hint:
clickhouse	Run actions/checkout@v4	2026-09-08T05:39:49.0942633Z hint: Disable this message with "git config set advice.defaultBranchName false"
clickhouse	Run actions/checkout@v4	2026-09-08T05:39:49.0945934Z Initialized empty Git repository in /home/runner/work/neuralink-contributions/neuralink-contributions/.git/
clickhouse	Run actions/checkout@v4	2026-09-08T05:39:49.0951237Z [command]/usr/bin/git remote add origin https://github.com/zack-dev-cm/neuralink-contributions
clickhouse	Run actions/checkout@v4	2026-09-08T05:39:49.0980738Z ##[endgroup]
clickhouse	Run actions/checkout@v4	2026-09-08T05:39:49.0983144Z ##[group]Disabling automatic garbage collection
clickhouse	Run actions/checkout@v4	2026-09-08T05:39:49.0984812Z [command]/usr/bin/git config --local gc.auto 0
clickhouse	Run actions/checkout@v4	2026-09-08T05:39:49.1010721Z ##[endgroup]
clickhouse	Run actions/checkout@v4	2026-09-08T05:39:49.1013034Z ##[group]Setting up auth
clickhouse	Run actions/checkout@v4	2026-09-08T05:39:49.1016679Z [command]/usr/bin/git config --local --name-only --get-regexp core\.sshCommand
clickhouse	Run actions/checkout@v4	2026-09-08T05:39:49.1053541Z [command]/usr/bin/git submodule foreach --recursive sh -c "git config --local --name-only --get-regexp 'core\.sshCommand' && git config --local --unset-all 'core.sshCommand' || :"
clickhouse	Run actions/checkout@v4	2026-09-08T05:39:49.1433989Z [command]/usr/bin/git config --local --name-only --get-regexp http\.https\:\/\/github\.com\/\.extraheader
clickhouse	Run actions/checkout@v4	2026-09-08T05:39:49.1466513Z [command]/usr/bin/git submodule foreach --recursive sh -c "git config --local --name-only --get-regexp 'http\.https\:\/\/github\.com\/\.extraheader' && git config --local --unset-all 'http.https://github.com/.extraheader' || :"
clickhouse	Run actions/checkout@v4	2026-09-08T05:39:49.1667487Z [command]/usr/bin/git config --local --name-only --get-regexp ^includeIf\.gitdir:
clickhouse	Run actions/checkout@v4	2026-09-08T05:39:49.1700151Z [command]/usr/bin/git submodule foreach --recursive git config --local --show-origin --name-only --get-regexp remote.origin.url
clickhouse	Run actions/checkout@v4	2026-09-08T05:39:49.1879607Z [command]/usr/bin/git config --local http.https://github.com/.extraheader AUTHORIZATION: basic ***
clickhouse	Run actions/checkout@v4	2026-09-08T05:39:49.1912474Z ##[endgroup]
clickhouse	Run actions/checkout@v4	2026-09-08T05:39:49.1914105Z ##[group]Fetching the repository
clickhouse	Run actions/checkout@v4	2026-09-08T05:39:49.1921064Z [command]/usr/bin/git -c protocol.version=2 fetch --no-tags --prune --no-recurse-submodules --depth=1 origin +90b8ed7f2e22e9efc18084a12682c642c97a3e83:refs/remotes/origin/main
clickhouse	Run actions/checkout@v4	2026-09-08T05:39:49.8043388Z From https://github.com/zack-dev-cm/neuralink-contributions
clickhouse	Run actions/checkout@v4	2026-09-08T05:39:49.8044538Z  * [new ref]         90b8ed7f2e22e9efc18084a12682c642c97a3e83 -> origin/main
clickhouse	Run actions/checkout@v4	2026-09-08T05:39:49.8046778Z ##[endgroup]
clickhouse	Run actions/checkout@v4	2026-09-08T05:39:49.8047414Z ##[group]Determining the checkout info
clickhouse	Run actions/checkout@v4	2026-09-08T05:39:49.8049983Z ##[endgroup]
clickhouse	Run actions/checkout@v4	2026-09-08T05:39:49.8055519Z [command]/usr/bin/git sparse-checkout disable
clickhouse	Run actions/checkout@v4	2026-09-08T05:39:49.8100658Z [command]/usr/bin/git config --local --unset-all extensions.worktreeConfig
clickhouse	Run actions/checkout@v4	2026-09-08T05:39:49.8126012Z ##[group]Checking out the ref
clickhouse	Run actions/checkout@v4	2026-09-08T05:39:49.8131190Z [command]/usr/bin/git checkout --progress --force -B main refs/remotes/origin/main
clickhouse	Run actions/checkout@v4	2026-09-08T05:39:49.8296736Z Switched to a new branch 'main'
clickhouse	Run actions/checkout@v4	2026-09-08T05:39:49.8300922Z branch 'main' set up to track 'origin/main'.
clickhouse	Run actions/checkout@v4	2026-09-08T05:39:49.8305727Z ##[endgroup]
clickhouse	Run actions/checkout@v4	2026-09-08T05:39:49.8339129Z [command]/usr/bin/git log -1 --format=%H
clickhouse	Run actions/checkout@v4	2026-09-08T05:39:49.8359639Z 90b8ed7f2e22e9efc18084a12682c642c97a3e83
clickhouse	Run actions/checkout@v4	﻿2026-09-08T05:39:49.9845744Z Node 20 is being deprecated. This workflow is running with Node 24 by default. If you need to temporarily use Node 20, you can set the ACTIONS_ALLOW_USE_UNSECURE_NODE_VERSION=true environment variable. For more information see: https://github.blog/changelog/2025-09-19-deprecation-of-node-20-on-github-actions-runners/
clickhouse	Run actions/checkout@v4	2026-09-08T05:39:49.9847314Z ##[group]Run actions/checkout@v4
clickhouse	Run actions/checkout@v4	2026-09-08T05:39:49.9847613Z with:
clickhouse	Run actions/checkout@v4	2026-09-08T05:39:49.9847877Z   repository: zack-dev-cm/datarepo
clickhouse	Run actions/checkout@v4	2026-09-08T05:39:49.9848221Z   ref: 66fd1d372c9c2d390e52f541c18457da597cc0c2
clickhouse	Run actions/checkout@v4	2026-09-08T05:39:49.9848650Z   path: datarepo
clickhouse	Run actions/checkout@v4	2026-09-08T05:39:49.9851108Z   token: ***
clickhouse	Run actions/checkout@v4	2026-09-08T05:39:49.9851355Z   ssh-strict: true
clickhouse	Run actions/checkout@v4	2026-09-08T05:39:49.9851607Z   ssh-user: git
clickhouse	Run actions/checkout@v4	2026-09-08T05:39:49.9851871Z   persist-credentials: true
clickhouse	Run actions/checkout@v4	2026-09-08T05:39:49.9852153Z   clean: true
clickhouse	Run actions/checkout@v4	2026-09-08T05:39:49.9852430Z   sparse-checkout-cone-mode: true
clickhouse	Run actions/checkout@v4	2026-09-08T05:39:49.9852732Z   fetch-depth: 1
clickhouse	Run actions/checkout@v4	2026-09-08T05:39:49.9852983Z   fetch-tags: false
clickhouse	Run actions/checkout@v4	2026-09-08T05:39:49.9853292Z   show-progress: true
clickhouse	Run actions/checkout@v4	2026-09-08T05:39:49.9853547Z   lfs: false
clickhouse	Run actions/checkout@v4	2026-09-08T05:39:49.9853785Z   submodules: false
clickhouse	Run actions/checkout@v4	2026-09-08T05:39:49.9854046Z   set-safe-directory: true
clickhouse	Run actions/checkout@v4	2026-09-08T05:39:49.9854341Z   allow-unsafe-pr-checkout: false
clickhouse	Run actions/checkout@v4	2026-09-08T05:39:49.9854624Z env:
clickhouse	Run actions/checkout@v4	2026-09-08T05:39:49.9854864Z   AWS_EC2_METADATA_DISABLED: true
clickhouse	Run actions/checkout@v4	2026-09-08T05:39:49.9855155Z   POLARS_MAX_THREADS: 2
clickhouse	Run actions/checkout@v4	2026-09-08T05:39:49.9855420Z ##[endgroup]
clickhouse	Run actions/checkout@v4	2026-09-08T05:39:50.0653170Z Syncing repository: zack-dev-cm/datarepo
clickhouse	Run actions/checkout@v4	2026-09-08T05:39:50.0662267Z ##[group]Getting Git version info
clickhouse	Run actions/checkout@v4	2026-09-08T05:39:50.0663331Z Working directory is '/home/runner/work/neuralink-contributions/neuralink-contributions/datarepo'
clickhouse	Run actions/checkout@v4	2026-09-08T05:39:50.0695587Z [command]/usr/bin/git version
clickhouse	Run actions/checkout@v4	2026-09-08T05:39:50.0730668Z git version 2.55.0
clickhouse	Run actions/checkout@v4	2026-09-08T05:39:50.0748069Z ##[endgroup]
clickhouse	Run actions/checkout@v4	2026-09-08T05:39:50.0766861Z Temporarily overriding HOME='/home/runner/work/_temp/ae082af0-28a2-4bdb-8cc9-d75f749cb0a4' before making global git config changes
clickhouse	Run actions/checkout@v4	2026-09-08T05:39:50.0768045Z Adding repository directory to the temporary git global config as a safe directory
clickhouse	Run actions/checkout@v4	2026-09-08T05:39:50.0769382Z [command]/usr/bin/git config --global --add safe.directory /home/runner/work/neuralink-contributions/neuralink-contributions/datarepo
clickhouse	Run actions/checkout@v4	2026-09-08T05:39:50.0807230Z ##[group]Initializing the repository
clickhouse	Run actions/checkout@v4	2026-09-08T05:39:50.0811366Z [command]/usr/bin/git init /home/runner/work/neuralink-contributions/neuralink-contributions/datarepo
clickhouse	Run actions/checkout@v4	2026-09-08T05:39:50.0843577Z hint: Using 'master' as the name for the initial branch. This default branch name
clickhouse	Run actions/checkout@v4	2026-09-08T05:39:50.0845073Z hint: will change to "main" in Git 3.0. To configure the initial branch name
clickhouse	Run actions/checkout@v4	2026-09-08T05:39:50.0846226Z hint: to use in all of your new repositories, which will suppress this warning,
clickhouse	Run actions/checkout@v4	2026-09-08T05:39:50.0847189Z hint: call:
clickhouse	Run actions/checkout@v4	2026-09-08T05:39:50.0848068Z hint:
clickhouse	Run actions/checkout@v4	2026-09-08T05:39:50.0848900Z hint: 	git config --global init.defaultBranch <name>
clickhouse	Run actions/checkout@v4	2026-09-08T05:39:50.0849497Z hint:
clickhouse	Run actions/checkout@v4	2026-09-08T05:39:50.0850037Z hint: Names commonly chosen instead of 'master' are 'main', 'trunk' and
clickhouse	Run actions/checkout@v4	2026-09-08T05:39:50.0850926Z hint: 'development'. The just-created branch can be renamed via this command:
clickhouse	Run actions/checkout@v4	2026-09-08T05:39:50.0851563Z hint:
clickhouse	Run actions/checkout@v4	2026-09-08T05:39:50.0851919Z hint: 	git branch -m <name>
clickhouse	Run actions/checkout@v4	2026-09-08T05:39:50.0852324Z hint:
clickhouse	Run actions/checkout@v4	2026-09-08T05:39:50.0852903Z hint: Disable this message with "git config set advice.defaultBranchName false"
clickhouse	Run actions/checkout@v4	2026-09-08T05:39:50.0854031Z Initialized empty Git repository in /home/runner/work/neuralink-contributions/neuralink-contributions/datarepo/.git/
clickhouse	Run actions/checkout@v4	2026-09-08T05:39:50.0856088Z [command]/usr/bin/git remote add origin https://github.com/zack-dev-cm/datarepo
clickhouse	Run actions/checkout@v4	2026-09-08T05:39:50.0886253Z ##[endgroup]
clickhouse	Run actions/checkout@v4	2026-09-08T05:39:50.0887284Z ##[group]Disabling automatic garbage collection
clickhouse	Run actions/checkout@v4	2026-09-08T05:39:50.0890665Z [command]/usr/bin/git config --local gc.auto 0
clickhouse	Run actions/checkout@v4	2026-09-08T05:39:50.0929948Z ##[endgroup]
clickhouse	Run actions/checkout@v4	2026-09-08T05:39:50.0931010Z ##[group]Setting up auth
clickhouse	Run actions/checkout@v4	2026-09-08T05:39:50.0936235Z [command]/usr/bin/git config --local --name-only --get-regexp core\.sshCommand
clickhouse	Run actions/checkout@v4	2026-09-08T05:39:50.0964857Z [command]/usr/bin/git submodule foreach --recursive sh -c "git config --local --name-only --get-regexp 'core\.sshCommand' && git config --local --unset-all 'core.sshCommand' || :"
clickhouse	Run actions/checkout@v4	2026-09-08T05:39:50.1164975Z [command]/usr/bin/git config --local --name-only --get-regexp http\.https\:\/\/github\.com\/\.extraheader
clickhouse	Run actions/checkout@v4	2026-09-08T05:39:50.1195581Z [command]/usr/bin/git submodule foreach --recursive sh -c "git config --local --name-only --get-regexp 'http\.https\:\/\/github\.com\/\.extraheader' && git config --local --unset-all 'http.https://github.com/.extraheader' || :"
clickhouse	Run actions/checkout@v4	2026-09-08T05:39:50.1416679Z [command]/usr/bin/git config --local --name-only --get-regexp ^includeIf\.gitdir:
clickhouse	Run actions/checkout@v4	2026-09-08T05:39:50.1445399Z [command]/usr/bin/git submodule foreach --recursive git config --local --show-origin --name-only --get-regexp remote.origin.url
clickhouse	Run actions/checkout@v4	2026-09-08T05:39:50.1711004Z [command]/usr/bin/git config --local http.https://github.com/.extraheader AUTHORIZATION: basic ***
clickhouse	Run actions/checkout@v4	2026-09-08T05:39:50.1823093Z ##[endgroup]
clickhouse	Run actions/checkout@v4	2026-09-08T05:39:50.1823793Z ##[group]Fetching the repository
clickhouse	Run actions/checkout@v4	2026-09-08T05:39:50.1831650Z [command]/usr/bin/git -c protocol.version=2 fetch --no-tags --prune --no-recurse-submodules --depth=1 origin 66fd1d372c9c2d390e52f541c18457da597cc0c2
clickhouse	Run actions/checkout@v4	2026-09-08T05:39:50.6492602Z From https://github.com/zack-dev-cm/datarepo
clickhouse	Run actions/checkout@v4	2026-09-08T05:39:50.6493475Z  * branch            66fd1d372c9c2d390e52f541c18457da597cc0c2 -> FETCH_HEAD
clickhouse	Run actions/checkout@v4	2026-09-08T05:39:50.6494972Z ##[endgroup]
clickhouse	Run actions/checkout@v4	2026-09-08T05:39:50.6495457Z ##[group]Determining the checkout info
clickhouse	Run actions/checkout@v4	2026-09-08T05:39:50.6495963Z ##[endgroup]
clickhouse	Run actions/checkout@v4	2026-09-08T05:39:50.6498151Z [command]/usr/bin/git sparse-checkout disable
clickhouse	Run actions/checkout@v4	2026-09-08T05:39:50.6539985Z [command]/usr/bin/git config --local --unset-all extensions.worktreeConfig
clickhouse	Run actions/checkout@v4	2026-09-08T05:39:50.6570228Z ##[group]Checking out the ref
clickhouse	Run actions/checkout@v4	2026-09-08T05:39:50.6576247Z [command]/usr/bin/git checkout --progress --force 66fd1d372c9c2d390e52f541c18457da597cc0c2
clickhouse	Run actions/checkout@v4	2026-09-08T05:39:50.6738286Z Note: switching to '66fd1d372c9c2d390e52f541c18457da597cc0c2'.
clickhouse	Run actions/checkout@v4	2026-09-08T05:39:50.6739411Z 
clickhouse	Run actions/checkout@v4	2026-09-08T05:39:50.6740325Z You are in 'detached HEAD' state. You can look around, make experimental
clickhouse	Run actions/checkout@v4	2026-09-08T05:39:50.6741092Z changes and commit them, and you can discard any commits you make in this
clickhouse	Run actions/checkout@v4	2026-09-08T05:39:50.6741957Z state without impacting any branches by switching back to a branch.
clickhouse	Run actions/checkout@v4	2026-09-08T05:39:50.6743034Z 
clickhouse	Run actions/checkout@v4	2026-09-08T05:39:50.6743392Z If you want to create a new branch to retain commits you create, you may
clickhouse	Run actions/checkout@v4	2026-09-08T05:39:50.6743932Z do so (now or later) by using -c with the switch command. Example:
clickhouse	Run actions/checkout@v4	2026-09-08T05:39:50.6744218Z 
clickhouse	Run actions/checkout@v4	2026-09-08T05:39:50.6744374Z   git switch -c <new-branch-name>
clickhouse	Run actions/checkout@v4	2026-09-08T05:39:50.6744570Z 
clickhouse	Run actions/checkout@v4	2026-09-08T05:39:50.6744713Z Or undo this operation with:
clickhouse	Run actions/checkout@v4	2026-09-08T05:39:50.6744897Z 
clickhouse	Run actions/checkout@v4	2026-09-08T05:39:50.6745010Z   git switch -
clickhouse	Run actions/checkout@v4	2026-09-08T05:39:50.6745188Z 
clickhouse	Run actions/checkout@v4	2026-09-08T05:39:50.6745435Z Turn off this advice by setting config variable advice.detachedHead to false
clickhouse	Run actions/checkout@v4	2026-09-08T05:39:50.6745742Z 
clickhouse	Run actions/checkout@v4	2026-09-08T05:39:50.6746025Z HEAD is now at 66fd1d3 Fix ClickHouse null filters and reject unsupported operators
clickhouse	Run actions/checkout@v4	2026-09-08T05:39:50.6747175Z ##[endgroup]
clickhouse	Run actions/checkout@v4	2026-09-08T05:39:50.6786431Z [command]/usr/bin/git log -1 --format=%H
clickhouse	Run actions/checkout@v4	2026-09-08T05:39:50.6810172Z 66fd1d372c9c2d390e52f541c18457da597cc0c2
clickhouse	Run actions/setup-python@v5	﻿2026-09-08T05:39:50.8049908Z Node 20 is being deprecated. This workflow is running with Node 24 by default. If you need to temporarily use Node 20, you can set the ACTIONS_ALLOW_USE_UNSECURE_NODE_VERSION=true environment variable. For more information see: https://github.blog/changelog/2025-09-19-deprecation-of-node-20-on-github-actions-runners/
clickhouse	Run actions/setup-python@v5	2026-09-08T05:39:50.8051324Z ##[group]Run actions/setup-python@v5
clickhouse	Run actions/setup-python@v5	2026-09-08T05:39:50.8051640Z with:
clickhouse	Run actions/setup-python@v5	2026-09-08T05:39:50.8051900Z   python-version: 3.12
clickhouse	Run actions/setup-python@v5	2026-09-08T05:39:50.8052183Z   check-latest: false
clickhouse	Run actions/setup-python@v5	2026-09-08T05:39:50.8054723Z   token: ***
clickhouse	Run actions/setup-python@v5	2026-09-08T05:39:50.8055000Z   update-environment: true
clickhouse	Run actions/setup-python@v5	2026-09-08T05:39:50.8055336Z   allow-prereleases: false
clickhouse	Run actions/setup-python@v5	2026-09-08T05:39:50.8055615Z   freethreaded: false
clickhouse	Run actions/setup-python@v5	2026-09-08T05:39:50.8055865Z env:
clickhouse	Run actions/setup-python@v5	2026-09-08T05:39:50.8056113Z   AWS_EC2_METADATA_DISABLED: true
clickhouse	Run actions/setup-python@v5	2026-09-08T05:39:50.8056411Z   POLARS_MAX_THREADS: 2
clickhouse	Run actions/setup-python@v5	2026-09-08T05:39:50.8056672Z ##[endgroup]
clickhouse	Run actions/setup-python@v5	2026-09-08T05:39:50.9324881Z ##[group]Installed versions
clickhouse	Run actions/setup-python@v5	2026-09-08T05:39:50.9421918Z (node:2364) [DEP0040] DeprecationWarning: The `punycode` module is deprecated. Please use a userland alternative instead.
clickhouse	Run actions/setup-python@v5	2026-09-08T05:39:50.9423549Z (Use `node --trace-deprecation ...` to show where the warning was created)
clickhouse	Run actions/setup-python@v5	2026-09-08T05:39:50.9424306Z Successfully set up CPython (3.12.14)
clickhouse	Run actions/setup-python@v5	2026-09-08T05:39:50.9425297Z ##[endgroup]
clickhouse	Run actions/setup-node@v4	﻿2026-09-08T05:39:51.0837695Z Node 20 is being deprecated. This workflow is running with Node 24 by default. If you need to temporarily use Node 20, you can set the ACTIONS_ALLOW_USE_UNSECURE_NODE_VERSION=true environment variable. For more information see: https://github.blog/changelog/2025-09-19-deprecation-of-node-20-on-github-actions-runners/
clickhouse	Run actions/setup-node@v4	2026-09-08T05:39:51.0839124Z ##[group]Run actions/setup-node@v4
clickhouse	Run actions/setup-node@v4	2026-09-08T05:39:51.0839437Z with:
clickhouse	Run actions/setup-node@v4	2026-09-08T05:39:51.0839682Z   node-version: 22
clickhouse	Run actions/setup-node@v4	2026-09-08T05:39:51.0839937Z   always-auth: false
clickhouse	Run actions/setup-node@v4	2026-09-08T05:39:51.0840195Z   check-latest: false
clickhouse	Run actions/setup-node@v4	2026-09-08T05:39:51.0842833Z   token: ***
clickhouse	Run actions/setup-node@v4	2026-09-08T05:39:51.0843067Z env:
clickhouse	Run actions/setup-node@v4	2026-09-08T05:39:51.0843323Z   AWS_EC2_METADATA_DISABLED: true
clickhouse	Run actions/setup-node@v4	2026-09-08T05:39:51.0843621Z   POLARS_MAX_THREADS: 2
clickhouse	Run actions/setup-node@v4	2026-09-08T05:39:51.0843950Z   pythonLocation: /opt/hostedtoolcache/Python/3.12.14/x64
clickhouse	Run actions/setup-node@v4	2026-09-08T05:39:51.0844417Z   PKG_CONFIG_PATH: /opt/hostedtoolcache/Python/3.12.14/x64/lib/pkgconfig
clickhouse	Run actions/setup-node@v4	2026-09-08T05:39:51.0844878Z   Python_ROOT_DIR: /opt/hostedtoolcache/Python/3.12.14/x64
clickhouse	Run actions/setup-node@v4	2026-09-08T05:39:51.0845325Z   Python2_ROOT_DIR: /opt/hostedtoolcache/Python/3.12.14/x64
clickhouse	Run actions/setup-node@v4	2026-09-08T05:39:51.0845732Z   Python3_ROOT_DIR: /opt/hostedtoolcache/Python/3.12.14/x64
clickhouse	Run actions/setup-node@v4	2026-09-08T05:39:51.0846138Z   LD_LIBRARY_PATH: /opt/hostedtoolcache/Python/3.12.14/x64/lib
clickhouse	Run actions/setup-node@v4	2026-09-08T05:39:51.0846489Z ##[endgroup]
clickhouse	Run actions/setup-node@v4	2026-09-08T05:39:51.2271833Z Found in cache @ /opt/hostedtoolcache/node/22.23.2/x64
clickhouse	Run actions/setup-node@v4	2026-09-08T05:39:51.2276851Z (node:2373) [DEP0040] DeprecationWarning: The `punycode` module is deprecated. Please use a userland alternative instead.
clickhouse	Run actions/setup-node@v4	2026-09-08T05:39:51.2278112Z (Use `node --trace-deprecation ...` to show where the warning was created)
clickhouse	Run actions/setup-node@v4	2026-09-08T05:39:51.2279517Z ##[group]Environment details
clickhouse	Run actions/setup-node@v4	2026-09-08T05:39:54.6819394Z node: v22.23.2
clickhouse	Run actions/setup-node@v4	2026-09-08T05:39:54.6819897Z npm: 10.9.8
clickhouse	Run actions/setup-node@v4	2026-09-08T05:39:54.6820195Z yarn: 1.22.22
clickhouse	Run actions/setup-node@v4	2026-09-08T05:39:54.6821143Z ##[endgroup]
clickhouse	Install the measured environment	﻿2026-09-08T05:39:54.6981717Z ##[group]Run python -m pip install uv==0.11.19
clickhouse	Install the measured environment	2026-09-08T05:39:54.6982179Z ^[[36;1mpython -m pip install uv==0.11.19^[[0m
clickhouse	Install the measured environment	2026-09-08T05:39:54.6982466Z ^[[36;1muv venv --python 3.12 .venv^[[0m
clickhouse	Install the measured environment	2026-09-08T05:39:54.6982951Z ^[[36;1muv pip sync --python .venv/bin/python --require-hashes evidence/D1-01/requirements-linux-py312.lock^[[0m
clickhouse	Install the measured environment	2026-09-08T05:39:54.6983518Z ^[[36;1muv pip install --python .venv/bin/python --no-deps -e datarepo^[[0m
clickhouse	Install the measured environment	2026-09-08T05:39:54.7023973Z shell: /usr/bin/bash -e {0}
clickhouse	Install the measured environment	2026-09-08T05:39:54.7024280Z env:
clickhouse	Install the measured environment	2026-09-08T05:39:54.7024510Z   AWS_EC2_METADATA_DISABLED: true
clickhouse	Install the measured environment	2026-09-08T05:39:54.7024767Z   POLARS_MAX_THREADS: 2
clickhouse	Install the measured environment	2026-09-08T05:39:54.7025051Z   pythonLocation: /opt/hostedtoolcache/Python/3.12.14/x64
clickhouse	Install the measured environment	2026-09-08T05:39:54.7025458Z   PKG_CONFIG_PATH: /opt/hostedtoolcache/Python/3.12.14/x64/lib/pkgconfig
clickhouse	Install the measured environment	2026-09-08T05:39:54.7025898Z   Python_ROOT_DIR: /opt/hostedtoolcache/Python/3.12.14/x64
clickhouse	Install the measured environment	2026-09-08T05:39:54.7026252Z   Python2_ROOT_DIR: /opt/hostedtoolcache/Python/3.12.14/x64
clickhouse	Install the measured environment	2026-09-08T05:39:54.7026821Z   Python3_ROOT_DIR: /opt/hostedtoolcache/Python/3.12.14/x64
clickhouse	Install the measured environment	2026-09-08T05:39:54.7027193Z   LD_LIBRARY_PATH: /opt/hostedtoolcache/Python/3.12.14/x64/lib
clickhouse	Install the measured environment	2026-09-08T05:39:54.7027520Z ##[endgroup]
clickhouse	Install the measured environment	2026-09-08T05:39:56.7941695Z Collecting uv==0.11.19
clickhouse	Install the measured environment	2026-09-08T05:39:56.8499384Z   Downloading uv-0.11.19-py3-none-manylinux_2_17_x86_64.manylinux2014_x86_64.whl.metadata (11 kB)
clickhouse	Install the measured environment	2026-09-08T05:39:56.8600803Z Downloading uv-0.11.19-py3-none-manylinux_2_17_x86_64.manylinux2014_x86_64.whl (24.9 MB)
clickhouse	Install the measured environment	2026-09-08T05:39:57.1182460Z    ━━━━━━━━━━━━━━━━━━━━━━━━━━━━━━━━━━━━━━━━ 24.9/24.9 MB 103.8 MB/s  0:00:00
clickhouse	Install the measured environment	2026-09-08T05:39:57.2390587Z Installing collected packages: uv
clickhouse	Install the measured environment	2026-09-08T05:39:57.5579468Z Successfully installed uv-0.11.19
clickhouse	Install the measured environment	2026-09-08T05:39:57.7114403Z Using CPython 3.12.14 interpreter at: /opt/hostedtoolcache/Python/3.12.14/x64/bin/python3.12
clickhouse	Install the measured environment	2026-09-08T05:39:57.7115226Z Creating virtual environment at: .venv
clickhouse	Install the measured environment	2026-09-08T05:39:57.7130052Z Activate with: .venv/bin/activate
clickhouse	Install the measured environment	2026-09-08T05:39:58.1461792Z Resolved 77 packages in 319ms
clickhouse	Install the measured environment	2026-09-08T05:39:58.1625200Z Downloading babel (9.7MiB)
clickhouse	Install the measured environment	2026-09-08T05:39:58.1630514Z Downloading black (1.7MiB)
clickhouse	Install the measured environment	2026-09-08T05:39:58.1682609Z Downloading mkdocs-material (8.9MiB)
clickhouse	Install the measured environment	2026-09-08T05:39:58.1688245Z Downloading pygments (1.2MiB)
clickhouse	Install the measured environment	2026-09-08T05:39:58.1692915Z Downloading pyarrow (47.8MiB)
clickhouse	Install the measured environment	2026-09-08T05:39:58.1693373Z Downloading lz4 (1.3MiB)
clickhouse	Install the measured environment	2026-09-08T05:39:58.1696377Z Downloading botocore (15.0MiB)
clickhouse	Install the measured environment	2026-09-08T05:39:58.1696812Z Downloading deltalake (43.8MiB)
clickhouse	Install the measured environment	2026-09-08T05:39:58.1700277Z Downloading mkdocs (3.7MiB)
clickhouse	Install the measured environment	2026-09-08T05:39:58.1703691Z Downloading jedi (4.7MiB)
clickhouse	Install the measured environment	2026-09-08T05:39:58.1714012Z Downloading mypy (14.1MiB)
clickhouse	Install the measured environment	2026-09-08T05:39:58.1720700Z Downloading polars (32.5MiB)
clickhouse	Install the measured environment	2026-09-08T05:39:58.1721334Z Downloading clickhouse-connect (1.4MiB)
clickhouse	Install the measured environment	2026-09-08T05:39:58.5393920Z  Downloaded lz4
clickhouse	Install the measured environment	2026-09-08T05:39:58.5559817Z  Downloaded clickhouse-connect
clickhouse	Install the measured environment	2026-09-08T05:39:58.6441602Z  Downloaded black
clickhouse	Install the measured environment	2026-09-08T05:39:58.6915420Z  Downloaded pygments
clickhouse	Install the measured environment	2026-09-08T05:39:58.8303430Z  Downloaded mkdocs
clickhouse	Install the measured environment	2026-09-08T05:39:59.2727848Z  Downloaded babel
clickhouse	Install the measured environment	2026-09-08T05:39:59.7407556Z  Downloaded botocore
clickhouse	Install the measured environment	2026-09-08T05:40:00.3266058Z  Downloaded polars
clickhouse	Install the measured environment	2026-09-08T05:40:00.9456557Z  Downloaded deltalake
clickhouse	Install the measured environment	2026-09-08T05:40:01.0527771Z  Downloaded mypy
clickhouse	Install the measured environment	2026-09-08T05:40:01.3152829Z  Downloaded pyarrow
clickhouse	Install the measured environment	2026-09-08T05:40:01.5561317Z  Downloaded jedi
clickhouse	Install the measured environment	2026-09-08T05:40:02.3591101Z  Downloaded mkdocs-material
clickhouse	Install the measured environment	2026-09-08T05:40:02.3596318Z Prepared 77 packages in 4.21s
clickhouse	Install the measured environment	2026-09-08T05:40:02.9910410Z Installed 77 packages in 631ms
clickhouse	Install the measured environment	2026-09-08T05:40:02.9910972Z  + asttokens==3.0.2
clickhouse	Install the measured environment	2026-09-08T05:40:02.9911330Z  + babel==2.18.0
clickhouse	Install the measured environment	2026-09-08T05:40:02.9911674Z  + backports-zstd==1.7.0
clickhouse	Install the measured environment	2026-09-08T05:40:02.9912014Z  + backrefs==8.0
clickhouse	Install the measured environment	2026-09-08T05:40:02.9912298Z  + black==25.12.0
clickhouse	Install the measured environment	2026-09-08T05:40:02.9912600Z  + boto3==1.43.89
clickhouse	Install the measured environment	2026-09-08T05:40:02.9912892Z  + boto3-stubs==1.43.89
clickhouse	Install the measured environment	2026-09-08T05:40:02.9913198Z  + botocore==1.43.89
clickhouse	Install the measured environment	2026-09-08T05:40:02.9913495Z  + botocore-stubs==1.43.67
clickhouse	Install the measured environment	2026-09-08T05:40:02.9913819Z  + certifi==2026.7.22
clickhouse	Install the measured environment	2026-09-08T05:40:02.9914549Z  + charset-normalizer==3.5.1
clickhouse	Install the measured environment	2026-09-08T05:40:02.9914881Z  + click==8.5.0
clickhouse	Install the measured environment	2026-09-08T05:40:02.9915180Z  + clickhouse-connect==1.8.0
clickhouse	Install the measured environment	2026-09-08T05:40:02.9915510Z  + colorama==0.4.6
clickhouse	Install the measured environment	2026-09-08T05:40:02.9915793Z  + coverage==7.16.0
clickhouse	Install the measured environment	2026-09-08T05:40:02.9916084Z  + deltalake==0.25.5
clickhouse	Install the measured environment	2026-09-08T05:40:02.9916385Z  + executing==2.2.1
clickhouse	Install the measured environment	2026-09-08T05:40:02.9916661Z  + flake8==7.3.0
clickhouse	Install the measured environment	2026-09-08T05:40:02.9916946Z  + ghp-import==2.1.0
clickhouse	Install the measured environment	2026-09-08T05:40:02.9917252Z  + griffelib==2.3.0
clickhouse	Install the measured environment	2026-09-08T05:40:02.9917523Z  + idna==3.19
clickhouse	Install the measured environment	2026-09-08T05:40:02.9917787Z  + iniconfig==2.3.0
clickhouse	Install the measured environment	2026-09-08T05:40:02.9918068Z  + ipython==9.17.1
clickhouse	Install the measured environment	2026-09-08T05:40:02.9918411Z  + ipython-pygments-lexers==1.1.1
clickhouse	Install the measured environment	2026-09-08T05:40:02.9919010Z  + jedi==0.20.0
clickhouse	Install the measured environment	2026-09-08T05:40:02.9919290Z  + jinja2==3.1.6
clickhouse	Install the measured environment	2026-09-08T05:40:02.9919570Z  + jmespath==1.1.0
clickhouse	Install the measured environment	2026-09-08T05:40:02.9919844Z  + librt==0.15.0
clickhouse	Install the measured environment	2026-09-08T05:40:02.9920122Z  + lz4==4.4.5
clickhouse	Install the measured environment	2026-09-08T05:40:02.9920383Z  + markdown==3.10.3
clickhouse	Install the measured environment	2026-09-08T05:40:02.9920668Z  + markupsafe==3.0.3
clickhouse	Install the measured environment	2026-09-08T05:40:02.9921117Z  + matplotlib-inline==0.2.2
clickhouse	Install the measured environment	2026-09-08T05:40:02.9921441Z  + mccabe==0.7.0
clickhouse	Install the measured environment	2026-09-08T05:40:02.9921718Z  + mergedeep==1.3.4
clickhouse	Install the measured environment	2026-09-08T05:40:02.9922005Z  + mkdocs==1.6.1
clickhouse	Install the measured environment	2026-09-08T05:40:02.9922291Z  + mkdocs-autorefs==1.4.4
clickhouse	Install the measured environment	2026-09-08T05:40:02.9922615Z  + mkdocs-get-deps==0.2.2
clickhouse	Install the measured environment	2026-09-08T05:40:02.9922929Z  + mkdocs-material==9.7.7
clickhouse	Install the measured environment	2026-09-08T05:40:02.9923295Z  + mkdocs-material-extensions==1.3.1
clickhouse	Install the measured environment	2026-09-08T05:40:02.9923679Z  + mkdocstrings==1.0.6
clickhouse	Install the measured environment	2026-09-08T05:40:02.9924016Z  + mkdocstrings-python==2.0.8
clickhouse	Install the measured environment	2026-09-08T05:40:02.9924336Z  + mypy==1.20.2
clickhouse	Install the measured environment	2026-09-08T05:40:02.9924621Z  + mypy-extensions==1.1.0
clickhouse	Install the measured environment	2026-09-08T05:40:02.9924926Z  + packaging==26.3
clickhouse	Install the measured environment	2026-09-08T05:40:02.9925191Z  + paginate==0.5.7
clickhouse	Install the measured environment	2026-09-08T05:40:02.9925430Z  + parso==0.8.7
clickhouse	Install the measured environment	2026-09-08T05:40:02.9925692Z  + pathspec==1.1.1
clickhouse	Install the measured environment	2026-09-08T05:40:02.9925956Z  + pexpect==4.9.0
clickhouse	Install the measured environment	2026-09-08T05:40:02.9926247Z  + platformdirs==4.11.7
clickhouse	Install the measured environment	2026-09-08T05:40:02.9926549Z  + pluggy==1.6.0
clickhouse	Install the measured environment	2026-09-08T05:40:02.9926821Z  + polars==1.12.0
clickhouse	Install the measured environment	2026-09-08T05:40:02.9927170Z  + prompt-toolkit==3.0.53
clickhouse	Install the measured environment	2026-09-08T05:40:02.9927400Z  + psutil==7.2.2
clickhouse	Install the measured environment	2026-09-08T05:40:02.9927598Z  + ptyprocess==0.7.0
clickhouse	Install the measured environment	2026-09-08T05:40:02.9927808Z  + pure-eval==0.2.3
clickhouse	Install the measured environment	2026-09-08T05:40:02.9928004Z  + pyarrow==25.0.1
clickhouse	Install the measured environment	2026-09-08T05:40:02.9928235Z  + pyarrow-stubs==20.0.0.20260819
clickhouse	Install the measured environment	2026-09-08T05:40:02.9929760Z  + pycodestyle==2.14.0
clickhouse	Install the measured environment	2026-09-08T05:40:02.9930313Z  + pyflakes==3.4.0
clickhouse	Install the measured environment	2026-09-08T05:40:02.9930713Z  + pygments==2.21.0
clickhouse	Install the measured environment	2026-09-08T05:40:02.9931166Z  + pymdown-extensions==11.0.2
clickhouse	Install the measured environment	2026-09-08T05:40:02.9931616Z  + pytest==9.1.1
clickhouse	Install the measured environment	2026-09-08T05:40:02.9931979Z  + pytest-cov==7.1.0
clickhouse	Install the measured environment	2026-09-08T05:40:02.9932471Z  + python-dateutil==2.9.0.post0
clickhouse	Install the measured environment	2026-09-08T05:40:02.9933223Z  + pytokens==0.4.1
clickhouse	Install the measured environment	2026-09-08T05:40:02.9933645Z  + pyyaml==6.0.3
clickhouse	Install the measured environment	2026-09-08T05:40:02.9934059Z  + pyyaml-env-tag==1.1
clickhouse	Install the measured environment	2026-09-08T05:40:02.9934454Z  + requests==2.34.2
clickhouse	Install the measured environment	2026-09-08T05:40:02.9934876Z  + s3transfer==0.19.2
clickhouse	Install the measured environment	2026-09-08T05:40:02.9935178Z  + six==1.17.0
clickhouse	Install the measured environment	2026-09-08T05:40:02.9935625Z  + stack-data==0.6.3
clickhouse	Install the measured environment	2026-09-08T05:40:02.9935946Z  + traitlets==5.16.1
clickhouse	Install the measured environment	2026-09-08T05:40:02.9936239Z  + types-s3transfer==0.16.0
clickhouse	Install the measured environment	2026-09-08T05:40:02.9936650Z  + typing-extensions==4.16.0
clickhouse	Install the measured environment	2026-09-08T05:40:02.9936889Z  + urllib3==2.7.0
clickhouse	Install the measured environment	2026-09-08T05:40:02.9937084Z  + watchdog==6.0.0
clickhouse	Install the measured environment	2026-09-08T05:40:02.9937279Z  + wcwidth==0.8.3
clickhouse	Install the measured environment	2026-09-08T05:40:03.0565797Z Resolved 1 package in 1ms
clickhouse	Install the measured environment	2026-09-08T05:40:03.0629953Z    Building data-repository @ file:///home/runner/work/neuralink-contributions/neuralink-contributions/datarepo
clickhouse	Install the measured environment	2026-09-08T05:40:27.5816081Z       Built data-repository @ file:///home/runner/work/neuralink-contributions/neuralink-contributions/datarepo
clickhouse	Install the measured environment	2026-09-08T05:40:27.6013232Z Prepared 1 package in 24.54s
clickhouse	Install the measured environment	2026-09-08T05:40:27.6154821Z Installed 1 package in 13ms
clickhouse	Install the measured environment	2026-09-08T05:40:27.6157053Z  + data-repository==0.1.0 (from file:///home/runner/work/neuralink-contributions/neuralink-contributions/datarepo)
clickhouse	Fetch the exact standalone ClickHouse release	﻿2026-09-08T05:40:27.6840783Z ##[group]Run mkdir "$RUNNER_TEMP/clickhouse"
clickhouse	Fetch the exact standalone ClickHouse release	2026-09-08T05:40:27.6841181Z ^[[36;1mmkdir "$RUNNER_TEMP/clickhouse"^[[0m
clickhouse	Fetch the exact standalone ClickHouse release	2026-09-08T05:40:27.6842033Z ^[[36;1mcurl --fail --location --retry 3 -o "$RUNNER_TEMP/clickhouse/archive.tgz" https://github.com/ClickHouse/ClickHouse/releases/download/v26.3.32.14-lts/clickhouse-common-static-26.3.32.14-amd64.tgz^[[0m
clickhouse	Fetch the exact standalone ClickHouse release	2026-09-08T05:40:27.6842791Z ^[[36;1mcd "$RUNNER_TEMP/clickhouse"^[[0m
clickhouse	Fetch the exact standalone ClickHouse release	2026-09-08T05:40:27.6843286Z ^[[36;1mecho '6d79e28523e86a4530edd98596d8bc86bbbdbc7e5e3562f9da79f6488cf59e06  archive.tgz' | sha256sum --check^[[0m
clickhouse	Fetch the exact standalone ClickHouse release	2026-09-08T05:40:27.6843915Z ^[[36;1mtar -xzf archive.tgz clickhouse-common-static-26.3.32.14/usr/bin/clickhouse^[[0m
clickhouse	Fetch the exact standalone ClickHouse release	2026-09-08T05:40:27.6868187Z shell: /usr/bin/bash -e {0}
clickhouse	Fetch the exact standalone ClickHouse release	2026-09-08T05:40:27.6868445Z env:
clickhouse	Fetch the exact standalone ClickHouse release	2026-09-08T05:40:27.6868841Z   AWS_EC2_METADATA_DISABLED: true
clickhouse	Fetch the exact standalone ClickHouse release	2026-09-08T05:40:27.6869097Z   POLARS_MAX_THREADS: 2
clickhouse	Fetch the exact standalone ClickHouse release	2026-09-08T05:40:27.6869387Z   pythonLocation: /opt/hostedtoolcache/Python/3.12.14/x64
clickhouse	Fetch the exact standalone ClickHouse release	2026-09-08T05:40:27.6869790Z   PKG_CONFIG_PATH: /opt/hostedtoolcache/Python/3.12.14/x64/lib/pkgconfig
clickhouse	Fetch the exact standalone ClickHouse release	2026-09-08T05:40:27.6870230Z   Python_ROOT_DIR: /opt/hostedtoolcache/Python/3.12.14/x64
clickhouse	Fetch the exact standalone ClickHouse release	2026-09-08T05:40:27.6870719Z   Python2_ROOT_DIR: /opt/hostedtoolcache/Python/3.12.14/x64
clickhouse	Fetch the exact standalone ClickHouse release	2026-09-08T05:40:27.6871064Z   Python3_ROOT_DIR: /opt/hostedtoolcache/Python/3.12.14/x64
clickhouse	Fetch the exact standalone ClickHouse release	2026-09-08T05:40:27.6871411Z   LD_LIBRARY_PATH: /opt/hostedtoolcache/Python/3.12.14/x64/lib
clickhouse	Fetch the exact standalone ClickHouse release	2026-09-08T05:40:27.6871709Z ##[endgroup]
clickhouse	Fetch the exact standalone ClickHouse release	2026-09-08T05:40:27.7391916Z   % Total    % Received % Xferd  Average Speed   Time    Time     Time  Current
clickhouse	Fetch the exact standalone ClickHouse release	2026-09-08T05:40:27.7392586Z                                  Dload  Upload   Total   Spent    Left  Speed
clickhouse	Fetch the exact standalone ClickHouse release	2026-09-08T05:40:27.7392910Z 
clickhouse	Fetch the exact standalone ClickHouse release	2026-09-08T05:40:27.7837435Z   0     0    0     0    0     0      0      0 --:--:-- --:--:-- --:--:--     0
clickhouse	Fetch the exact standalone ClickHouse release	2026-09-08T05:40:27.8926692Z   0     0    0     0    0     0      0      0 --:--:-- --:--:-- --:--:--     0
clickhouse	Fetch the exact standalone ClickHouse release	2026-09-08T05:40:27.8927363Z   0     0    0     0    0     0      0      0 --:--:-- --:--:-- --:--:--     0
clickhouse	Fetch the exact standalone ClickHouse release	2026-09-08T05:40:28.7786994Z 
clickhouse	Fetch the exact standalone ClickHouse release	2026-09-08T05:40:29.4563669Z  53  213M   53  113M    0     0   109M      0  0:00:01  0:00:01 --:--:--  109M
clickhouse	Fetch the exact standalone ClickHouse release	2026-09-08T05:40:29.4565042Z 100  213M  100  213M    0     0   124M      0  0:00:01  0:00:01 --:--:--  147M
clickhouse	Fetch the exact standalone ClickHouse release	2026-09-08T05:40:29.6490969Z archive.tgz: OK
clickhouse	Run all tests with a disposable local backend	﻿2026-09-08T05:40:34.6777362Z ##[group]Run python "$GITHUB_WORKSPACE/tools/with_local_clickhouse.py" --binary "$RUNNER_TEMP/clickhouse/clickhouse-common-static-26.3.32.14/usr/bin/clickhouse" --run-dir "$RUNNER_TEMP/clickhouse-run" -- "$GITHUB_WORKSPACE/.venv/bin/python" -m pytest test -v -s --junitxml="$RUNNER_TEMP/clickhouse-junit.xml"
clickhouse	Run all tests with a disposable local backend	2026-09-08T05:40:34.6779591Z ^[[36;1mpython "$GITHUB_WORKSPACE/tools/with_local_clickhouse.py" --binary "$RUNNER_TEMP/clickhouse/clickhouse-common-static-26.3.32.14/usr/bin/clickhouse" --run-dir "$RUNNER_TEMP/clickhouse-run" -- "$GITHUB_WORKSPACE/.venv/bin/python" -m pytest test -v -s --junitxml="$RUNNER_TEMP/clickhouse-junit.xml"^[[0m
clickhouse	Run all tests with a disposable local backend	2026-09-08T05:40:34.6805032Z shell: /usr/bin/bash -e {0}
clickhouse	Run all tests with a disposable local backend	2026-09-08T05:40:34.6805303Z env:
clickhouse	Run all tests with a disposable local backend	2026-09-08T05:40:34.6805523Z   AWS_EC2_METADATA_DISABLED: true
clickhouse	Run all tests with a disposable local backend	2026-09-08T05:40:34.6805786Z   POLARS_MAX_THREADS: 2
clickhouse	Run all tests with a disposable local backend	2026-09-08T05:40:34.6806071Z   pythonLocation: /opt/hostedtoolcache/Python/3.12.14/x64
clickhouse	Run all tests with a disposable local backend	2026-09-08T05:40:34.6806467Z   PKG_CONFIG_PATH: /opt/hostedtoolcache/Python/3.12.14/x64/lib/pkgconfig
clickhouse	Run all tests with a disposable local backend	2026-09-08T05:40:34.6806887Z   Python_ROOT_DIR: /opt/hostedtoolcache/Python/3.12.14/x64
clickhouse	Run all tests with a disposable local backend	2026-09-08T05:40:34.6807233Z   Python2_ROOT_DIR: /opt/hostedtoolcache/Python/3.12.14/x64
clickhouse	Run all tests with a disposable local backend	2026-09-08T05:40:34.6807577Z   Python3_ROOT_DIR: /opt/hostedtoolcache/Python/3.12.14/x64
clickhouse	Run all tests with a disposable local backend	2026-09-08T05:40:34.6807930Z   LD_LIBRARY_PATH: /opt/hostedtoolcache/Python/3.12.14/x64/lib
clickhouse	Run all tests with a disposable local backend	2026-09-08T05:40:34.6808232Z ##[endgroup]
clickhouse	Run all tests with a disposable local backend	2026-09-08T05:40:35.3935017Z Disposable ClickHouse HTTP: 127.0.0.1:40675
clickhouse	Run all tests with a disposable local backend	2026-09-08T05:40:35.9847405Z ============================= test session starts ==============================
clickhouse	Run all tests with a disposable local backend	2026-09-08T05:40:35.9849108Z platform linux -- Python 3.12.14, pytest-9.1.1, pluggy-1.6.0 -- /home/runner/work/neuralink-contributions/neuralink-contributions/.venv/bin/python
clickhouse	Run all tests with a disposable local backend	2026-09-08T05:40:35.9850236Z cachedir: .pytest_cache
clickhouse	Run all tests with a disposable local backend	2026-09-08T05:40:35.9851119Z rootdir: /home/runner/work/neuralink-contributions/neuralink-contributions/datarepo
clickhouse	Run all tests with a disposable local backend	2026-09-08T05:40:35.9851935Z configfile: pyproject.toml
clickhouse	Run all tests with a disposable local backend	2026-09-08T05:40:35.9852400Z plugins: cov-7.1.0
clickhouse	Run all tests with a disposable local backend	2026-09-08T05:40:37.3454469Z collecting ... collected 135 items
clickhouse	Run all tests with a disposable local backend	2026-09-08T05:40:37.3454930Z 
clickhouse	Run all tests with a disposable local backend	2026-09-08T05:40:37.3508719Z test/export/test_roapi.py::TestRoapiExport::test_roapi_export_parquet_partition_columns PASSED
clickhouse	Run all tests with a disposable local backend	2026-09-08T05:40:37.3516941Z test/export/test_roapi.py::TestRoapiExport::test_roapi_export_clickhouse_table_returns_none PASSED
clickhouse	Run all tests with a disposable local backend	2026-09-08T05:40:37.3524771Z test/export/test_web.py::TestWebExport::test_export_table_column_name_field PASSED
clickhouse	Run all tests with a disposable local backend	2026-09-08T05:40:37.3531670Z test/export/test_web.py::TestWebExport::test_export_table_derives_schema_from_attribute PASSED
clickhouse	Run all tests with a disposable local backend	2026-09-08T05:40:37.3536011Z test/export/test_web.py::TestWebExport::test_export_table_delta_without_docs_filters PASSED
clickhouse	Run all tests with a disposable local backend	2026-09-08T05:40:37.3543293Z test/export/test_web.py::TestWebExport::test_export_table_uses_partition_columns_when_set PASSED
clickhouse	Run all tests with a disposable local backend	2026-09-08T05:40:37.3549170Z database_new_table: Only parquet and deltalake tables are supported for roapi export.
clickhouse	Run all tests with a disposable local backend	2026-09-08T05:40:37.3554528Z test/roapi/test_roapi.py::TestRoapi::test_export_roapi PASSED
clickhouse	Run all tests with a disposable local backend	2026-09-08T05:40:37.3562017Z test/tables/test_clickhouse_filters.py::test_null_predicates_ignore_placeholder[None-is null] PASSED
clickhouse	Run all tests with a disposable local backend	2026-09-08T05:40:37.3568856Z test/tables/test_clickhouse_filters.py::test_null_predicates_ignore_placeholder[None-is not null] PASSED
clickhouse	Run all tests with a disposable local backend	2026-09-08T05:40:37.3575695Z test/tables/test_clickhouse_filters.py::test_null_predicates_ignore_placeholder[unused'placeholder-is null] PASSED
clickhouse	Run all tests with a disposable local backend	2026-09-08T05:40:37.3582336Z test/tables/test_clickhouse_filters.py::test_null_predicates_ignore_placeholder[unused'placeholder-is not null] PASSED
clickhouse	Run all tests with a disposable local backend	2026-09-08T05:40:37.3589127Z test/tables/test_clickhouse_filters.py::test_null_predicates_ignore_placeholder[placeholder2-is null] PASSED
clickhouse	Run all tests with a disposable local backend	2026-09-08T05:40:37.3595344Z test/tables/test_clickhouse_filters.py::test_null_predicates_ignore_placeholder[placeholder2-is not null] PASSED
clickhouse	Run all tests with a disposable local backend	2026-09-08T05:40:37.3602069Z test/tables/test_clickhouse_filters.py::test_null_predicates_ignore_placeholder[placeholder3-is null] PASSED
clickhouse	Run all tests with a disposable local backend	2026-09-08T05:40:37.3608311Z test/tables/test_clickhouse_filters.py::test_null_predicates_ignore_placeholder[placeholder3-is not null] PASSED
clickhouse	Run all tests with a disposable local backend	2026-09-08T05:40:37.3622164Z test/tables/test_clickhouse_filters.py::test_null_predicates_do_not_format_value[is null] PASSED
clickhouse	Run all tests with a disposable local backend	2026-09-08T05:40:37.3631468Z test/tables/test_clickhouse_filters.py::test_null_predicates_do_not_format_value[is not null] PASSED
clickhouse	Run all tests with a disposable local backend	2026-09-08T05:40:37.3638271Z test/tables/test_clickhouse_filters.py::test_null_predicates_preserve_and_or_groups[filters0-(`x` IS NULL AND `id` = 1)] PASSED
clickhouse	Run all tests with a disposable local backend	2026-09-08T05:40:37.3645604Z test/tables/test_clickhouse_filters.py::test_null_predicates_preserve_and_or_groups[filters1-(`x` IS NULL) OR (`id` = 2)] PASSED
clickhouse	Run all tests with a disposable local backend	2026-09-08T05:40:37.3655127Z test/tables/test_clickhouse_filters.py::test_null_predicates_preserve_and_or_groups[filters2-(`x` IS NOT NULL AND `id` > 2) OR (`x` IS NULL AND `id` = 1)] PASSED
clickhouse	Run all tests with a disposable local backend	2026-09-08T05:40:37.3676245Z test/tables/test_clickhouse_filters.py::test_unknown_operator_raises_before_client_creation[filters0] PASSED
clickhouse	Run all tests with a disposable local backend	2026-09-08T05:40:37.3689959Z test/tables/test_clickhouse_filters.py::test_unknown_operator_raises_before_client_creation[filters1] PASSED
clickhouse	Run all tests with a disposable local backend	2026-09-08T05:40:37.3701864Z test/tables/test_clickhouse_filters.py::test_unknown_operator_raises_before_client_creation[filters2] PASSED
clickhouse	Run all tests with a disposable local backend	2026-09-08T05:40:37.3713892Z test/tables/test_clickhouse_filters.py::test_unknown_operator_raises_before_client_creation[filters3] PASSED
clickhouse	Run all tests with a disposable local backend	2026-09-08T05:40:37.3720440Z test/tables/test_clickhouse_filters.py::test_existing_empty_filter_behavior[None] PASSED
clickhouse	Run all tests with a disposable local backend	2026-09-08T05:40:37.3726557Z test/tables/test_clickhouse_filters.py::test_existing_empty_filter_behavior[filters1] PASSED
clickhouse	Run all tests with a disposable local backend	2026-09-08T05:40:37.3735113Z test/tables/test_clickhouse_filters.py::test_existing_empty_filter_behavior[filters2] PASSED
clickhouse	Run all tests with a disposable local backend	2026-09-08T05:40:37.3744631Z test/tables/test_clickhouse_filters.py::test_existing_empty_filter_behavior[filters3] PASSED
clickhouse	Run all tests with a disposable local backend	2026-09-08T05:40:37.3752996Z test/tables/test_clickhouse_filters.py::test_empty_group_alongside_nonempty_group_is_ignored PASSED
clickhouse	Run all tests with a disposable local backend	2026-09-08T05:40:37.3764202Z test/tables/test_clickhouse_filters.py::test_recognized_operator_behavior_is_unchanged[=-None-`x` = NULL] PASSED
clickhouse	Run all tests with a disposable local backend	2026-09-08T05:40:37.3775152Z test/tables/test_clickhouse_filters.py::test_recognized_operator_behavior_is_unchanged[!=-2-`x` != 2] PASSED
clickhouse	Run all tests with a disposable local backend	2026-09-08T05:40:37.3786622Z test/tables/test_clickhouse_filters.py::test_recognized_operator_behavior_is_unchanged[<-2-`x` < 2] PASSED
clickhouse	Run all tests with a disposable local backend	2026-09-08T05:40:37.3795491Z test/tables/test_clickhouse_filters.py::test_recognized_operator_behavior_is_unchanged[<=-2-`x` <= 2] PASSED
clickhouse	Run all tests with a disposable local backend	2026-09-08T05:40:37.3802585Z test/tables/test_clickhouse_filters.py::test_recognized_operator_behavior_is_unchanged[>-2-`x` > 2] PASSED
clickhouse	Run all tests with a disposable local backend	2026-09-08T05:40:37.3809961Z test/tables/test_clickhouse_filters.py::test_recognized_operator_behavior_is_unchanged[>=-2-`x` >= 2] PASSED
clickhouse	Run all tests with a disposable local backend	2026-09-08T05:40:37.3816831Z test/tables/test_clickhouse_filters.py::test_recognized_operator_behavior_is_unchanged[in-value6-`x` IN (1, 2)] PASSED
clickhouse	Run all tests with a disposable local backend	2026-09-08T05:40:37.3823959Z test/tables/test_clickhouse_filters.py::test_recognized_operator_behavior_is_unchanged[not in-value7-`x` NOT IN (1, 2)] PASSED
clickhouse	Run all tests with a disposable local backend	2026-09-08T05:40:37.3830865Z test/tables/test_clickhouse_filters.py::test_recognized_operator_behavior_is_unchanged[in-value8-`x` IN ()] PASSED
clickhouse	Run all tests with a disposable local backend	2026-09-08T05:40:37.3838148Z test/tables/test_clickhouse_filters.py::test_recognized_operator_behavior_is_unchanged[not in-value9-`x` NOT IN ()] PASSED
clickhouse	Run all tests with a disposable local backend	2026-09-08T05:40:37.3845367Z test/tables/test_clickhouse_filters.py::test_recognized_operator_behavior_is_unchanged[contains-%cat%-`x` LIKE '%cat%'] PASSED
clickhouse	Run all tests with a disposable local backend	2026-09-08T05:40:37.3852367Z test/tables/test_clickhouse_filters.py::test_recognized_operator_behavior_is_unchanged[includes-%cat%-`x` LIKE '%cat%'] PASSED
clickhouse	Run all tests with a disposable local backend	2026-09-08T05:40:37.3859297Z test/tables/test_clickhouse_filters.py::test_recognized_operator_behavior_is_unchanged[includes any-%cat%-`x` LIKE '%cat%'] PASSED
clickhouse	Run all tests with a disposable local backend	2026-09-08T05:40:37.3866068Z test/tables/test_clickhouse_filters.py::test_recognized_operator_behavior_is_unchanged[includes all-%cat%-`x` LIKE '%cat%'] PASSED
clickhouse	Run all tests with a disposable local backend	2026-09-08T05:40:37.3874336Z test/tables/test_clickhouse_filters.py::test_existing_invalid_column_behavior_is_unchanged PASSED
clickhouse	Run all tests with a disposable local backend	2026-09-08T05:40:37.4979449Z test/tables/test_clickhouse_filters_integration.py::test_local_null_filter_rows[is-null] ClickHouse version: 26.3.32.14
clickhouse	Run all tests with a disposable local backend	2026-09-08T05:40:37.4980491Z SELECT `id` FROM `default`.`datarepo_null_filters_9bd3b5f74ec94ca3871a39d19cf2b26d` WHERE (`x` IS NULL): [1, 3]
clickhouse	Run all tests with a disposable local backend	2026-09-08T05:40:37.4982659Z PASSED
clickhouse	Run all tests with a disposable local backend	2026-09-08T05:40:37.5106788Z test/tables/test_clickhouse_filters_integration.py::test_local_null_filter_rows[is-not-null] SELECT `id` FROM `default`.`datarepo_null_filters_9bd3b5f74ec94ca3871a39d19cf2b26d` WHERE (`x` IS NOT NULL): [2, 4]
clickhouse	Run all tests with a disposable local backend	2026-09-08T05:40:37.5109892Z PASSED
clickhouse	Run all tests with a disposable local backend	2026-09-08T05:40:37.5221817Z test/tables/test_clickhouse_filters_integration.py::test_local_null_filter_rows[null-and-id] SELECT `id` FROM `default`.`datarepo_null_filters_9bd3b5f74ec94ca3871a39d19cf2b26d` WHERE (`x` IS NULL AND `id` = 1): [1]
clickhouse	Run all tests with a disposable local backend	2026-09-08T05:40:37.5224673Z PASSED
clickhouse	Run all tests with a disposable local backend	2026-09-08T05:40:37.5336897Z test/tables/test_clickhouse_filters_integration.py::test_local_null_filter_rows[null-or-id] SELECT `id` FROM `default`.`datarepo_null_filters_9bd3b5f74ec94ca3871a39d19cf2b26d` WHERE (`x` IS NULL) OR (`id` = 2): [1, 2, 3]
clickhouse	Run all tests with a disposable local backend	2026-09-08T05:40:37.5339779Z PASSED
clickhouse	Run all tests with a disposable local backend	2026-09-08T05:40:37.5454858Z test/tables/test_clickhouse_filters_integration.py::test_local_null_filter_rows[no-filters] SELECT `id` FROM `default`.`datarepo_null_filters_9bd3b5f74ec94ca3871a39d19cf2b26d` : [1, 2, 3, 4]
clickhouse	Run all tests with a disposable local backend	2026-09-08T05:40:37.5470107Z PASSED
clickhouse	Run all tests with a disposable local backend	2026-09-08T05:40:37.5476815Z test/tables/test_clickhouse_table.py::TestMakeClickHouseConfig::test_defaults_match_http_port PASSED
clickhouse	Run all tests with a disposable local backend	2026-09-08T05:40:37.5483457Z test/tables/test_clickhouse_table.py::TestClickHouseTable::test_get_schema PASSED
clickhouse	Run all tests with a disposable local backend	2026-09-08T05:40:37.5489462Z test/tables/test_clickhouse_table.py::TestClickHouseTable::test_build_query_no_filters PASSED
clickhouse	Run all tests with a disposable local backend	2026-09-08T05:40:37.5494493Z test/tables/test_clickhouse_table.py::TestClickHouseTable::test_build_query_falls_back_to_self_name PASSED
clickhouse	Run all tests with a disposable local backend	2026-09-08T05:40:37.5500493Z test/tables/test_clickhouse_table.py::TestClickHouseTable::test_build_query_with_columns PASSED
clickhouse	Run all tests with a disposable local backend	2026-09-08T05:40:37.5506206Z test/tables/test_clickhouse_table.py::TestClickHouseTable::test_build_query_with_filters PASSED
clickhouse	Run all tests with a disposable local backend	2026-09-08T05:40:37.5512268Z test/tables/test_clickhouse_table.py::TestClickHouseTable::test_build_query_with_multiple_filters PASSED
clickhouse	Run all tests with a disposable local backend	2026-09-08T05:40:37.5523176Z test/tables/test_clickhouse_table.py::TestClickHouseTable::test_filter_operators[=-1-`implant_id` = 1] PASSED
clickhouse	Run all tests with a disposable local backend	2026-09-08T05:40:37.5533292Z test/tables/test_clickhouse_table.py::TestClickHouseTable::test_filter_operators[!=-1-`implant_id` != 1] PASSED
clickhouse	Run all tests with a disposable local backend	2026-09-08T05:40:37.5541788Z test/tables/test_clickhouse_table.py::TestClickHouseTable::test_filter_operators[>-1-`implant_id` > 1] PASSED
clickhouse	Run all tests with a disposable local backend	2026-09-08T05:40:37.5551254Z test/tables/test_clickhouse_table.py::TestClickHouseTable::test_filter_operators[<-1-`implant_id` < 1] PASSED
clickhouse	Run all tests with a disposable local backend	2026-09-08T05:40:37.5560295Z test/tables/test_clickhouse_table.py::TestClickHouseTable::test_filter_operators[>=-1-`implant_id` >= 1] PASSED
clickhouse	Run all tests with a disposable local backend	2026-09-08T05:40:37.5568709Z test/tables/test_clickhouse_table.py::TestClickHouseTable::test_filter_operators[<=-1-`implant_id` <= 1] PASSED
clickhouse	Run all tests with a disposable local backend	2026-09-08T05:40:37.5576848Z test/tables/test_clickhouse_table.py::TestClickHouseTable::test_filter_operators[in-value6-`implant_id` IN (1, 2, 3)] PASSED
clickhouse	Run all tests with a disposable local backend	2026-09-08T05:40:37.5585280Z test/tables/test_clickhouse_table.py::TestClickHouseTable::test_filter_operators[not in-value7-`implant_id` NOT IN (1, 2, 3)] PASSED
clickhouse	Run all tests with a disposable local backend	2026-09-08T05:40:37.5593849Z test/tables/test_clickhouse_table.py::TestClickHouseTable::test_filter_operators[contains-%test%-`str_value` LIKE '%test%'] PASSED
clickhouse	Run all tests with a disposable local backend	2026-09-08T05:40:37.5626845Z test/tables/test_clickhouse_table.py::TestClickHouseTable::test_call_with_no_filters PASSED
clickhouse	Run all tests with a disposable local backend	2026-09-08T05:40:37.5644563Z test/tables/test_clickhouse_table.py::TestClickHouseTable::test_call_with_filters_and_columns PASSED
clickhouse	Run all tests with a disposable local backend	2026-09-08T05:40:37.5664409Z test/tables/test_clickhouse_table.py::TestClickHouseTable::test_call_handles_empty_results PASSED
clickhouse	Run all tests with a disposable local backend	2026-09-08T05:40:37.5681476Z test/tables/test_clickhouse_table.py::TestClickHouseTable::test_call_uses_override_config PASSED
clickhouse	Run all tests with a disposable local backend	2026-09-08T05:40:37.5716426Z test/tables/test_deltalake_table.py::TestDeltalakeTable::test_fetch_dfs_by_paths PASSED
clickhouse	Run all tests with a disposable local backend	2026-09-08T05:40:37.5739888Z test/tables/test_deltalake_table.py::TestDeltalakeTable::test_fetch_dfs_by_paths_reordered PASSED
clickhouse	Run all tests with a disposable local backend	2026-09-08T05:40:37.5777424Z test/tables/test_deltalake_table.py::TestDeltalakeTable::test_fetch_dfs_by_paths_different_schemas PASSED
clickhouse	Run all tests with a disposable local backend	2026-09-08T05:40:37.5804969Z test/tables/test_deltalake_table.py::TestDeltalakeTable::test_fetch_df_by_partition PASSED
clickhouse	Run all tests with a disposable local backend	2026-09-08T05:40:37.5815662Z test/tables/test_deltalake_table.py::TestDeltalakeTable::test_fetch_df_by_partition_empty_files PASSED
clickhouse	Run all tests with a disposable local backend	2026-09-08T05:40:37.6181651Z test/tables/test_deltalake_table.py::TestDeltalakeTable::test_call_loads_correct_data[data0-args0-expected0] PASSED
clickhouse	Run all tests with a disposable local backend	2026-09-08T05:40:37.6375563Z test/tables/test_deltalake_table.py::TestDeltalakeTable::test_call_loads_correct_data[data1-args1-expected1] PASSED
clickhouse	Run all tests with a disposable local backend	2026-09-08T05:40:37.6612251Z test/tables/test_deltalake_table.py::TestDeltalakeTable::test_call_loads_correct_data[data2-args2-expected2] PASSED
clickhouse	Run all tests with a disposable local backend	2026-09-08T05:40:37.6820163Z test/tables/test_deltalake_table.py::TestDeltalakeTable::test_call_loads_correct_data[data3-args3-expected3] PASSED
clickhouse	Run all tests with a disposable local backend	2026-09-08T05:40:37.7022881Z test/tables/test_deltalake_table.py::TestDeltalakeTable::test_call_loads_correct_data[data4-args4-expected4] PASSED
clickhouse	Run all tests with a disposable local backend	2026-09-08T05:40:37.7137380Z test/tables/test_parquet_table.py::TestParquetTable::test_read[None-expected0] PASSED
clickhouse	Run all tests with a disposable local backend	2026-09-08T05:40:37.7236785Z test/tables/test_parquet_table.py::TestParquetTable::test_read[filters1-expected1] PASSED
clickhouse	Run all tests with a disposable local backend	2026-09-08T05:40:37.7341499Z test/tables/test_parquet_table.py::TestParquetTable::test_read[filters2-expected2] PASSED
clickhouse	Run all tests with a disposable local backend	2026-09-08T05:40:37.7518959Z test/tables/test_parquet_table.py::TestParquetTable::test_read_partitioned[None-expected0] PASSED
clickhouse	Run all tests with a disposable local backend	2026-09-08T05:40:37.7695014Z test/tables/test_parquet_table.py::TestParquetTable::test_read_partitioned[filters1-expected1] PASSED
clickhouse	Run all tests with a disposable local backend	2026-09-08T05:40:37.7871761Z test/tables/test_parquet_table.py::TestParquetTable::test_read_partitioned[filters2-expected2] PASSED
clickhouse	Run all tests with a disposable local backend	2026-09-08T05:40:37.8044436Z test/tables/test_parquet_table.py::TestParquetTable::test_read_partitioned[filters3-expected3] PASSED
clickhouse	Run all tests with a disposable local backend	2026-09-08T05:40:37.8224125Z test/tables/test_parquet_table.py::TestParquetTable::test_read_partitioned[filters4-expected4] PASSED
clickhouse	Run all tests with a disposable local backend	2026-09-08T05:40:37.8405370Z test/tables/test_parquet_table.py::TestParquetTable::test_read_partitioned[filters5-expected5] PASSED
clickhouse	Run all tests with a disposable local backend	2026-09-08T05:40:37.8596994Z test/tables/test_parquet_table.py::TestParquetTable::test_read_partitioned[filters6-expected6] PASSED
clickhouse	Run all tests with a disposable local backend	2026-09-08T05:40:37.8776721Z test/tables/test_parquet_table.py::TestParquetTable::test_read_partitioned[filters7-expected7] PASSED
clickhouse	Run all tests with a disposable local backend	2026-09-08T05:40:37.8960329Z test/tables/test_parquet_table.py::TestParquetTable::test_read_partitioned[filters8-expected8] PASSED
clickhouse	Run all tests with a disposable local backend	2026-09-08T05:40:37.9141439Z test/tables/test_parquet_table.py::TestParquetTable::test_read_partitioned[filters9-expected9] PASSED
clickhouse	Run all tests with a disposable local backend	2026-09-08T05:40:37.9319498Z test/tables/test_parquet_table.py::TestParquetTable::test_read_partitioned[filters10-expected10] PASSED
clickhouse	Run all tests with a disposable local backend	2026-09-08T05:40:37.9511880Z test/tables/test_parquet_table.py::TestParquetTable::test_read_partitioned[filters11-expected11] PASSED
clickhouse	Run all tests with a disposable local backend	2026-09-08T05:40:37.9604796Z test/tables/test_parquet_table.py::TestParquetTable::test_build_uri_from_filters[filters0-expected0] PASSED
clickhouse	Run all tests with a disposable local backend	2026-09-08T05:40:37.9702224Z test/tables/test_parquet_table.py::TestParquetTable::test_build_uri_from_filters[filters1-expected1] PASSED
clickhouse	Run all tests with a disposable local backend	2026-09-08T05:40:37.9797214Z test/tables/test_parquet_table.py::TestParquetTable::test_build_uri_from_filters[filters2-expected2] PASSED
clickhouse	Run all tests with a disposable local backend	2026-09-08T05:40:37.9890699Z test/tables/test_parquet_table.py::TestParquetTable::test_build_uri_from_filters[filters3-expected3] PASSED
clickhouse	Run all tests with a disposable local backend	2026-09-08T05:40:37.9983096Z test/tables/test_parquet_table.py::TestParquetTable::test_build_uri_from_filters[filters4-expected4] PASSED
clickhouse	Run all tests with a disposable local backend	2026-09-08T05:40:38.0077617Z test/tables/test_parquet_table.py::TestParquetTable::test_build_uri_from_filters[filters5-expected5] PASSED
clickhouse	Run all tests with a disposable local backend	2026-09-08T05:40:38.0083234Z test/tables/test_table.py::TestTable::test_exactly_one_equality_filter PASSED
clickhouse	Run all tests with a disposable local backend	2026-09-08T05:40:38.0088944Z test/tables/test_table.py::TestTable::test_exactly_one_equality_filter_none PASSED
clickhouse	Run all tests with a disposable local backend	2026-09-08T05:40:38.0094255Z test/tables/test_table.py::TestTable::test_exactly_one_equality_filter_non_equality PASSED
clickhouse	Run all tests with a disposable local backend	2026-09-08T05:40:38.0099345Z test/tables/test_table.py::TestTable::test_exactly_one_equality_filter_multiple PASSED
clickhouse	Run all tests with a disposable local backend	2026-09-08T05:40:38.0105705Z test/tables/test_table.py::TestTable::test_exactly_one_equality_filter_no_filters PASSED
clickhouse	Run all tests with a disposable local backend	2026-09-08T05:40:38.0113616Z test/tables/test_util.py::TestUtil::test_filter_to_expr[schema0-f0-(int_col = 123)] PASSED
clickhouse	Run all tests with a disposable local backend	2026-09-08T05:40:38.0120748Z test/tables/test_util.py::TestUtil::test_filter_to_expr[schema1-f1-(int_col = 123)] PASSED
clickhouse	Run all tests with a disposable local backend	2026-09-08T05:40:38.0127774Z test/tables/test_util.py::TestUtil::test_filter_to_expr[schema2-f2-(int_col in (1))] PASSED
clickhouse	Run all tests with a disposable local backend	2026-09-08T05:40:38.0135122Z test/tables/test_util.py::TestUtil::test_filter_to_expr[schema3-f3-(int_col in (1, 2))] PASSED
clickhouse	Run all tests with a disposable local backend	2026-09-08T05:40:38.0142034Z test/tables/test_util.py::TestUtil::test_filter_to_expr[schema4-f4-(int_col not in (1, 2))] PASSED
clickhouse	Run all tests with a disposable local backend	2026-09-08T05:40:38.0149365Z test/tables/test_util.py::TestUtil::test_filter_to_expr[schema5-f5-(str_col = 'x')] PASSED
clickhouse	Run all tests with a disposable local backend	2026-09-08T05:40:38.0156045Z test/tables/test_util.py::TestUtil::test_filter_to_expr[schema6-f6-(str_col in ('val1'))] PASSED
clickhouse	Run all tests with a disposable local backend	2026-09-08T05:40:38.0162910Z test/tables/test_util.py::TestUtil::test_filter_to_expr[schema7-f7-(str_col in ('val1', 'val2'))] PASSED
clickhouse	Run all tests with a disposable local backend	2026-09-08T05:40:38.0169970Z test/tables/test_util.py::TestUtil::test_filter_to_expr[schema8-f8-(str_col like '%x''%')] PASSED
clickhouse	Run all tests with a disposable local backend	2026-09-08T05:40:38.0178967Z test/tables/test_util.py::TestUtil::test_filter_to_expr[schema9-f9-(array_contains(list_col, 1))] PASSED
clickhouse	Run all tests with a disposable local backend	2026-09-08T05:40:38.0186409Z test/tables/test_util.py::TestUtil::test_filter_to_expr[schema10-f10-(array_contains(list_str_col, 'x'))] PASSED
clickhouse	Run all tests with a disposable local backend	2026-09-08T05:40:38.0194029Z test/tables/test_util.py::TestUtil::test_filter_to_expr[schema11-f11-(array_contains(list_col, 1) and array_contains(list_col, 2) and array_contains(list_col, 3))] PASSED
clickhouse	Run all tests with a disposable local backend	2026-09-08T05:40:38.0201376Z test/tables/test_util.py::TestUtil::test_filter_to_expr[schema12-f12-(array_contains(list_col, 1) or array_contains(list_col, 2) or array_contains(list_col, 3))] PASSED
clickhouse	Run all tests with a disposable local backend	2026-09-08T05:40:38.0206338Z test/tables/test_util.py::TestUtil::test_filter_to_expr_raises PASSED
clickhouse	Run all tests with a disposable local backend	2026-09-08T05:40:38.0213658Z test/tables/test_util.py::TestUtil::test_filters_to_sql_predicate[schema0-filters0-((str_col = 'x'))] PASSED
clickhouse	Run all tests with a disposable local backend	2026-09-08T05:40:38.0220991Z test/tables/test_util.py::TestUtil::test_filters_to_sql_predicate[schema1-filters1-((str_col = 'x') and (int_col = 123))] PASSED
clickhouse	Run all tests with a disposable local backend	2026-09-08T05:40:38.0228261Z test/tables/test_util.py::TestUtil::test_filters_to_sql_predicate[schema2-filters2-((str_col = 'x')) or ((int_col = 123) and (int_col < 456))] PASSED
clickhouse	Run all tests with a disposable local backend	2026-09-08T05:40:38.0234879Z test/tables/test_util.py::TestUtil::test_normalize_filters[None-expected0] PASSED
clickhouse	Run all tests with a disposable local backend	2026-09-08T05:40:38.0241067Z test/tables/test_util.py::TestUtil::test_normalize_filters[filters1-expected1] PASSED
clickhouse	Run all tests with a disposable local backend	2026-09-08T05:40:38.0247353Z test/tables/test_util.py::TestUtil::test_normalize_filters[filters2-expected2] PASSED
clickhouse	Run all tests with a disposable local backend	2026-09-08T05:40:38.0253727Z test/tables/test_util.py::TestUtil::test_normalize_filters[filters3-expected3] PASSED
clickhouse	Run all tests with a disposable local backend	2026-09-08T05:40:38.0260200Z test/tables/test_util.py::TestUtil::test_normalize_filters[filters4-expected4] PASSED
clickhouse	Run all tests with a disposable local backend	2026-09-08T05:40:38.0266657Z test/tables/test_util.py::TestUtil::test_normalize_filters[filters5-expected5] PASSED
clickhouse	Run all tests with a disposable local backend	2026-09-08T05:40:38.0298236Z test/tables/test_util.py::TestUtil::test_get_storage_options_skips_missing_profile PASSED
clickhouse	Run all tests with a disposable local backend	2026-09-08T05:40:38.0304969Z test/test_core.py::TestCore::test_get_dbs PASSED
clickhouse	Run all tests with a disposable local backend	2026-09-08T05:40:38.0317424Z test/test_core.py::TestCore::test_get_deprecated_table PASSED
clickhouse	Run all tests with a disposable local backend	2026-09-08T05:40:38.0326858Z test/test_core.py::TestCore::test_get_table PASSED
clickhouse	Run all tests with a disposable local backend	2026-09-08T05:40:38.0333752Z test/test_core.py::TestCore::test_get_tables PASSED
clickhouse	Run all tests with a disposable local backend	2026-09-08T05:40:38.0339604Z test/test_core.py::TestCore::test_unregistered_db PASSED
clickhouse	Run all tests with a disposable local backend	2026-09-08T05:40:38.0741367Z test/test_core.py::TestCore::test_unregistered_table PASSED
clickhouse	Run all tests with a disposable local backend	2026-09-08T05:40:38.0743094Z 
clickhouse	Run all tests with a disposable local backend	2026-09-08T05:40:38.0743684Z ------- generated xml file: /home/runner/work/_temp/clickhouse-junit.xml -------
clickhouse	Run all tests with a disposable local backend	2026-09-08T05:40:38.0744228Z ============================= 135 passed in 2.06s ==============================
clickhouse	Check formatting, fatal lint and types	﻿2026-09-08T05:40:38.2127290Z ##[group]Run "$GITHUB_WORKSPACE/.venv/bin/black" --check src/datarepo
clickhouse	Check formatting, fatal lint and types	2026-09-08T05:40:38.2127880Z ^[[36;1m"$GITHUB_WORKSPACE/.venv/bin/black" --check src/datarepo^[[0m
clickhouse	Check formatting, fatal lint and types	2026-09-08T05:40:38.2128422Z ^[[36;1m"$GITHUB_WORKSPACE/.venv/bin/flake8" src/datarepo --count --select=E9,F63,F7,F82 --show-source --statistics^[[0m
clickhouse	Check formatting, fatal lint and types	2026-09-08T05:40:38.2129174Z ^[[36;1m"$GITHUB_WORKSPACE/.venv/bin/mypy" src/datarepo^[[0m
clickhouse	Check formatting, fatal lint and types	2026-09-08T05:40:38.2152760Z shell: /usr/bin/bash -e {0}
clickhouse	Check formatting, fatal lint and types	2026-09-08T05:40:38.2153022Z env:
clickhouse	Check formatting, fatal lint and types	2026-09-08T05:40:38.2153230Z   AWS_EC2_METADATA_DISABLED: true
clickhouse	Check formatting, fatal lint and types	2026-09-08T05:40:38.2153487Z   POLARS_MAX_THREADS: 2
clickhouse	Check formatting, fatal lint and types	2026-09-08T05:40:38.2153767Z   pythonLocation: /opt/hostedtoolcache/Python/3.12.14/x64
clickhouse	Check formatting, fatal lint and types	2026-09-08T05:40:38.2154169Z   PKG_CONFIG_PATH: /opt/hostedtoolcache/Python/3.12.14/x64/lib/pkgconfig
clickhouse	Check formatting, fatal lint and types	2026-09-08T05:40:38.2154551Z   Python_ROOT_DIR: /opt/hostedtoolcache/Python/3.12.14/x64
clickhouse	Check formatting, fatal lint and types	2026-09-08T05:40:38.2154899Z   Python2_ROOT_DIR: /opt/hostedtoolcache/Python/3.12.14/x64
clickhouse	Check formatting, fatal lint and types	2026-09-08T05:40:38.2155243Z   Python3_ROOT_DIR: /opt/hostedtoolcache/Python/3.12.14/x64
clickhouse	Check formatting, fatal lint and types	2026-09-08T05:40:38.2155641Z   LD_LIBRARY_PATH: /opt/hostedtoolcache/Python/3.12.14/x64/lib
clickhouse	Check formatting, fatal lint and types	2026-09-08T05:40:38.2155939Z ##[endgroup]
clickhouse	Check formatting, fatal lint and types	2026-09-08T05:40:38.7253728Z All done! ✨ 🍰 ✨
clickhouse	Check formatting, fatal lint and types	2026-09-08T05:40:38.7254385Z 19 files would be left unchanged.
clickhouse	Check formatting, fatal lint and types	2026-09-08T05:40:39.2480051Z 0
clickhouse	Check formatting, fatal lint and types	2026-09-08T05:40:45.5167158Z Success: no issues found in 19 source files
clickhouse	Run actions/upload-artifact@v4	﻿2026-09-08T05:40:45.5511251Z Node 20 is being deprecated. This workflow is running with Node 24 by default. If you need to temporarily use Node 20, you can set the ACTIONS_ALLOW_USE_UNSECURE_NODE_VERSION=true environment variable. For more information see: https://github.blog/changelog/2025-09-19-deprecation-of-node-20-on-github-actions-runners/
clickhouse	Run actions/upload-artifact@v4	2026-09-08T05:40:45.5512430Z ##[group]Run actions/upload-artifact@v4
clickhouse	Run actions/upload-artifact@v4	2026-09-08T05:40:45.5512710Z with:
clickhouse	Run actions/upload-artifact@v4	2026-09-08T05:40:45.5512946Z   name: clickhouse-validation
clickhouse	Run actions/upload-artifact@v4	2026-09-08T05:40:45.5513422Z   path: /home/runner/work/_temp/clickhouse-junit.xml
clickhouse	Run actions/upload-artifact@v4	/home/runner/work/_temp/clickhouse-run/process.log
clickhouse	Run actions/upload-artifact@v4	
clickhouse	Run actions/upload-artifact@v4	2026-09-08T05:40:45.5513905Z   if-no-files-found: warn
clickhouse	Run actions/upload-artifact@v4	2026-09-08T05:40:45.5514151Z   compression-level: 6
clickhouse	Run actions/upload-artifact@v4	2026-09-08T05:40:45.5514380Z   overwrite: false
clickhouse	Run actions/upload-artifact@v4	2026-09-08T05:40:45.5514786Z   include-hidden-files: false
clickhouse	Run actions/upload-artifact@v4	2026-09-08T05:40:45.5515048Z env:
clickhouse	Run actions/upload-artifact@v4	2026-09-08T05:40:45.5515266Z   AWS_EC2_METADATA_DISABLED: true
clickhouse	Run actions/upload-artifact@v4	2026-09-08T05:40:45.5515546Z   POLARS_MAX_THREADS: 2
clickhouse	Run actions/upload-artifact@v4	2026-09-08T05:40:45.5515824Z   pythonLocation: /opt/hostedtoolcache/Python/3.12.14/x64
clickhouse	Run actions/upload-artifact@v4	2026-09-08T05:40:45.5516283Z   PKG_CONFIG_PATH: /opt/hostedtoolcache/Python/3.12.14/x64/lib/pkgconfig
clickhouse	Run actions/upload-artifact@v4	2026-09-08T05:40:45.5516697Z   Python_ROOT_DIR: /opt/hostedtoolcache/Python/3.12.14/x64
clickhouse	Run actions/upload-artifact@v4	2026-09-08T05:40:45.5517046Z   Python2_ROOT_DIR: /opt/hostedtoolcache/Python/3.12.14/x64
clickhouse	Run actions/upload-artifact@v4	2026-09-08T05:40:45.5517391Z   Python3_ROOT_DIR: /opt/hostedtoolcache/Python/3.12.14/x64
clickhouse	Run actions/upload-artifact@v4	2026-09-08T05:40:45.5517752Z   LD_LIBRARY_PATH: /opt/hostedtoolcache/Python/3.12.14/x64/lib
clickhouse	Run actions/upload-artifact@v4	2026-09-08T05:40:45.5518048Z ##[endgroup]
clickhouse	Run actions/upload-artifact@v4	2026-09-08T05:40:45.7075833Z (node:2817) [DEP0040] DeprecationWarning: The `punycode` module is deprecated. Please use a userland alternative instead.
clickhouse	Run actions/upload-artifact@v4	2026-09-08T05:40:45.7076629Z (Use `node --trace-deprecation ...` to show where the warning was created)
clickhouse	Run actions/upload-artifact@v4	2026-09-08T05:40:45.7125647Z Multiple search paths detected. Calculating the least common ancestor of all paths
clickhouse	Run actions/upload-artifact@v4	2026-09-08T05:40:45.7127585Z The least common ancestor is /home/runner/work/_temp. This will be the root directory of the artifact
clickhouse	Run actions/upload-artifact@v4	2026-09-08T05:40:45.7128448Z With the provided path, there will be 2 files uploaded
clickhouse	Run actions/upload-artifact@v4	2026-09-08T05:40:45.7133319Z Artifact name is valid!
clickhouse	Run actions/upload-artifact@v4	2026-09-08T05:40:45.7134077Z Root directory input is valid!
clickhouse	Run actions/upload-artifact@v4	2026-09-08T05:40:45.9811873Z Beginning upload of artifact content to blob storage
clickhouse	Run actions/upload-artifact@v4	2026-09-08T05:40:45.9995847Z (node:2817) [DEP0169] DeprecationWarning: `url.parse()` behavior is not standardized and prone to errors that have security implications. Use the WHATWG URL API instead. CVEs are not issued for `url.parse()` vulnerabilities.
clickhouse	Run actions/upload-artifact@v4	2026-09-08T05:40:46.1189015Z Uploaded bytes 2587
clickhouse	Run actions/upload-artifact@v4	2026-09-08T05:40:46.1603161Z Finished uploading artifact content to blob storage!
clickhouse	Run actions/upload-artifact@v4	2026-09-08T05:40:46.1604458Z SHA256 digest of uploaded artifact zip is 9f9c0ea0ef5af96344c92af6345a2166078ba2515b8e135219ab01e65ef1aca3
clickhouse	Run actions/upload-artifact@v4	2026-09-08T05:40:46.1605751Z Finalizing artifact upload
clickhouse	Run actions/upload-artifact@v4	2026-09-08T05:40:46.3840914Z Artifact clickhouse-validation.zip successfully finalized. Artifact ID 10042369698
clickhouse	Run actions/upload-artifact@v4	2026-09-08T05:40:46.3841729Z Artifact clickhouse-validation has been successfully uploaded! Final size is 2587 bytes. Artifact ID is 10042369698
clickhouse	Run actions/upload-artifact@v4	2026-09-08T05:40:46.3846890Z Artifact download URL: https://github.com/zack-dev-cm/neuralink-contributions/actions/runs/34191476771/artifacts/10042369698
clickhouse	Post Run actions/setup-node@v4	﻿2026-09-08T05:40:46.4187021Z Node 20 is being deprecated. This workflow is running with Node 24 by default. If you need to temporarily use Node 20, you can set the ACTIONS_ALLOW_USE_UNSECURE_NODE_VERSION=true environment variable. For more information see: https://github.blog/changelog/2025-09-19-deprecation-of-node-20-on-github-actions-runners/
clickhouse	Post Run actions/setup-node@v4	2026-09-08T05:40:46.4188160Z Post job cleanup.
clickhouse	Post Run actions/setup-node@v4	2026-09-08T05:40:46.5365121Z (node:2830) [DEP0040] DeprecationWarning: The `punycode` module is deprecated. Please use a userland alternative instead.
clickhouse	Post Run actions/setup-node@v4	2026-09-08T05:40:46.5366037Z (Use `node --trace-deprecation ...` to show where the warning was created)
clickhouse	Post Run actions/setup-python@v5	﻿2026-09-08T05:40:46.5749976Z Node 20 is being deprecated. This workflow is running with Node 24 by default. If you need to temporarily use Node 20, you can set the ACTIONS_ALLOW_USE_UNSECURE_NODE_VERSION=true environment variable. For more information see: https://github.blog/changelog/2025-09-19-deprecation-of-node-20-on-github-actions-runners/
clickhouse	Post Run actions/setup-python@v5	2026-09-08T05:40:46.5751087Z Post job cleanup.
clickhouse	Post Run actions/setup-python@v5	2026-09-08T05:40:46.6912893Z (node:2838) [DEP0040] DeprecationWarning: The `punycode` module is deprecated. Please use a userland alternative instead.
clickhouse	Post Run actions/setup-python@v5	2026-09-08T05:40:46.6913836Z (Use `node --trace-deprecation ...` to show where the warning was created)
clickhouse	Post Run actions/checkout@v4	﻿2026-09-08T05:40:46.7369921Z Node 20 is being deprecated. This workflow is running with Node 24 by default. If you need to temporarily use Node 20, you can set the ACTIONS_ALLOW_USE_UNSECURE_NODE_VERSION=true environment variable. For more information see: https://github.blog/changelog/2025-09-19-deprecation-of-node-20-on-github-actions-runners/
clickhouse	Post Run actions/checkout@v4	2026-09-08T05:40:46.7372049Z Post job cleanup.
clickhouse	Post Run actions/checkout@v4	2026-09-08T05:40:46.8160949Z [command]/usr/bin/git version
clickhouse	Post Run actions/checkout@v4	2026-09-08T05:40:46.8196339Z git version 2.55.0
clickhouse	Post Run actions/checkout@v4	2026-09-08T05:40:46.8226941Z Temporarily overriding HOME='/home/runner/work/_temp/260c8605-b07f-46a1-8e52-a4c7a1a4d0d7' before making global git config changes
clickhouse	Post Run actions/checkout@v4	2026-09-08T05:40:46.8228325Z Adding repository directory to the temporary git global config as a safe directory
clickhouse	Post Run actions/checkout@v4	2026-09-08T05:40:46.8232636Z [command]/usr/bin/git config --global --add safe.directory /home/runner/work/neuralink-contributions/neuralink-contributions/datarepo
clickhouse	Post Run actions/checkout@v4	2026-09-08T05:40:46.8269549Z [command]/usr/bin/git config --local --name-only --get-regexp core\.sshCommand
clickhouse	Post Run actions/checkout@v4	2026-09-08T05:40:46.8308980Z [command]/usr/bin/git submodule foreach --recursive sh -c "git config --local --name-only --get-regexp 'core\.sshCommand' && git config --local --unset-all 'core.sshCommand' || :"
clickhouse	Post Run actions/checkout@v4	2026-09-08T05:40:46.8519966Z [command]/usr/bin/git config --local --name-only --get-regexp http\.https\:\/\/github\.com\/\.extraheader
clickhouse	Post Run actions/checkout@v4	2026-09-08T05:40:46.8545135Z http.https://github.com/.extraheader
clickhouse	Post Run actions/checkout@v4	2026-09-08T05:40:46.8554970Z [command]/usr/bin/git config --local --unset-all http.https://github.com/.extraheader
clickhouse	Post Run actions/checkout@v4	2026-09-08T05:40:46.8583893Z [command]/usr/bin/git submodule foreach --recursive sh -c "git config --local --name-only --get-regexp 'http\.https\:\/\/github\.com\/\.extraheader' && git config --local --unset-all 'http.https://github.com/.extraheader' || :"
clickhouse	Post Run actions/checkout@v4	2026-09-08T05:40:46.8815871Z [command]/usr/bin/git config --local --name-only --get-regexp ^includeIf\.gitdir:
clickhouse	Post Run actions/checkout@v4	2026-09-08T05:40:46.8850503Z [command]/usr/bin/git submodule foreach --recursive git config --local --show-origin --name-only --get-regexp remote.origin.url
clickhouse	Post Run actions/checkout@v4	﻿2026-09-08T05:40:46.9499737Z Node 20 is being deprecated. This workflow is running with Node 24 by default. If you need to temporarily use Node 20, you can set the ACTIONS_ALLOW_USE_UNSECURE_NODE_VERSION=true environment variable. For more information see: https://github.blog/changelog/2025-09-19-deprecation-of-node-20-on-github-actions-runners/
clickhouse	Post Run actions/checkout@v4	2026-09-08T05:40:46.9500861Z Post job cleanup.
clickhouse	Post Run actions/checkout@v4	2026-09-08T05:40:47.0349756Z [command]/usr/bin/git version
clickhouse	Post Run actions/checkout@v4	2026-09-08T05:40:47.0376793Z git version 2.55.0
clickhouse	Post Run actions/checkout@v4	2026-09-08T05:40:47.0409073Z Temporarily overriding HOME='/home/runner/work/_temp/24ff3fab-15d1-4af5-92f6-cd561810d82a' before making global git config changes
clickhouse	Post Run actions/checkout@v4	2026-09-08T05:40:47.0410580Z Adding repository directory to the temporary git global config as a safe directory
clickhouse	Post Run actions/checkout@v4	2026-09-08T05:40:47.0413431Z [command]/usr/bin/git config --global --add safe.directory /home/runner/work/neuralink-contributions/neuralink-contributions
clickhouse	Post Run actions/checkout@v4	2026-09-08T05:40:47.0451874Z [command]/usr/bin/git config --local --name-only --get-regexp core\.sshCommand
clickhouse	Post Run actions/checkout@v4	2026-09-08T05:40:47.0483928Z [command]/usr/bin/git submodule foreach --recursive sh -c "git config --local --name-only --get-regexp 'core\.sshCommand' && git config --local --unset-all 'core.sshCommand' || :"
clickhouse	Post Run actions/checkout@v4	2026-09-08T05:40:47.0710862Z [command]/usr/bin/git config --local --name-only --get-regexp http\.https\:\/\/github\.com\/\.extraheader
clickhouse	Post Run actions/checkout@v4	2026-09-08T05:40:47.0731249Z http.https://github.com/.extraheader
clickhouse	Post Run actions/checkout@v4	2026-09-08T05:40:47.0740792Z [command]/usr/bin/git config --local --unset-all http.https://github.com/.extraheader
clickhouse	Post Run actions/checkout@v4	2026-09-08T05:40:47.0770300Z [command]/usr/bin/git submodule foreach --recursive sh -c "git config --local --name-only --get-regexp 'http\.https\:\/\/github\.com\/\.extraheader' && git config --local --unset-all 'http.https://github.com/.extraheader' || :"
clickhouse	Post Run actions/checkout@v4	2026-09-08T05:40:47.0977458Z [command]/usr/bin/git config --local --name-only --get-regexp ^includeIf\.gitdir:
clickhouse	Post Run actions/checkout@v4	2026-09-08T05:40:47.1008867Z [command]/usr/bin/git submodule foreach --recursive git config --local --show-origin --name-only --get-regexp remote.origin.url
clickhouse	Complete job	﻿2026-09-08T05:40:47.1362496Z Cleaning up orphan processes
clickhouse	Complete job	2026-09-08T05:40:47.1617662Z ##[warning]Node.js 20 is deprecated. The following actions target Node.js 20 but are being forced to run on Node.js 24: actions/checkout@v4, actions/setup-node@v4, actions/setup-python@v5, actions/upload-artifact@v4. For more information see: https://github.blog/changelog/2025-09-19-deprecation-of-node-20-on-github-actions-runners/
installed-wheel (3.10)	Set up job	﻿2026-09-08T05:39:47.0946335Z Current runner version: '2.337.0'
installed-wheel (3.10)	Set up job	2026-09-08T05:39:47.0980221Z ##[group]Runner Image Provisioner
installed-wheel (3.10)	Set up job	2026-09-08T05:39:47.0981495Z Hosted Compute Agent
installed-wheel (3.10)	Set up job	2026-09-08T05:39:47.0982411Z Version: 20260828.587
installed-wheel (3.10)	Set up job	2026-09-08T05:39:47.0983482Z Commit: abac92662cab4cc7352de4f9f9d2e2419aad9c29
installed-wheel (3.10)	Set up job	2026-09-08T05:39:47.0984689Z Build Date: 2026-08-28T16:44:25Z
installed-wheel (3.10)	Set up job	2026-09-08T05:39:47.0985941Z Worker ID: {7995928b-bf89-4ea3-a1dd-b8616c3632f3}
installed-wheel (3.10)	Set up job	2026-09-08T05:39:47.0987118Z Azure Region: eastus
installed-wheel (3.10)	Set up job	2026-09-08T05:39:47.0988005Z ##[endgroup]
installed-wheel (3.10)	Set up job	2026-09-08T05:39:47.0990170Z ##[group]Operating System
installed-wheel (3.10)	Set up job	2026-09-08T05:39:47.0991200Z Ubuntu
installed-wheel (3.10)	Set up job	2026-09-08T05:39:47.0991979Z 24.04.4
installed-wheel (3.10)	Set up job	2026-09-08T05:39:47.0992825Z LTS
installed-wheel (3.10)	Set up job	2026-09-08T05:39:47.0993603Z ##[endgroup]
installed-wheel (3.10)	Set up job	2026-09-08T05:39:47.0994549Z ##[group]Runner Image
installed-wheel (3.10)	Set up job	2026-09-08T05:39:47.0995728Z Image: ubuntu-24.04
installed-wheel (3.10)	Set up job	2026-09-08T05:39:47.0996598Z Version: 20260831.293.1
installed-wheel (3.10)	Set up job	2026-09-08T05:39:47.0998798Z Included Software: https://github.com/actions/runner-images/blob/ubuntu24/20260831.293/images/ubuntu/Ubuntu2404-Readme.md
installed-wheel (3.10)	Set up job	2026-09-08T05:39:47.1001673Z Image Release: https://github.com/actions/runner-images/releases/tag/ubuntu24%2F20260831.293
installed-wheel (3.10)	Set up job	2026-09-08T05:39:47.1003274Z ##[endgroup]
installed-wheel (3.10)	Set up job	2026-09-08T05:39:47.1005253Z ##[group]GITHUB_TOKEN Permissions
installed-wheel (3.10)	Set up job	2026-09-08T05:39:47.1008165Z Contents: read
installed-wheel (3.10)	Set up job	2026-09-08T05:39:47.1009126Z Metadata: read
installed-wheel (3.10)	Set up job	2026-09-08T05:39:47.1010125Z ##[endgroup]
installed-wheel (3.10)	Set up job	2026-09-08T05:39:47.1012979Z Secret source: Actions
installed-wheel (3.10)	Set up job	2026-09-08T05:39:47.1015186Z Prepare workflow directory
installed-wheel (3.10)	Set up job	2026-09-08T05:39:47.2533699Z Prepare all required actions
installed-wheel (3.10)	Set up job	2026-09-08T05:39:47.2584084Z Getting action download info
installed-wheel (3.10)	Set up job	2026-09-08T05:39:47.3944314Z Download action repository 'actions/checkout@v4' (SHA:11d5960a326750d5838078e36cf38b85af677262)
installed-wheel (3.10)	Set up job	2026-09-08T05:39:47.5275696Z Download action repository 'actions/setup-node@v4' (SHA:49933ea5288caeca8642d1e84afbd3f7d6820020)
installed-wheel (3.10)	Set up job	2026-09-08T05:39:47.6172002Z Download action repository 'actions/setup-python@v5' (SHA:a26af69be951a213d495a4c3e4e4022e16d87065)
installed-wheel (3.10)	Set up job	2026-09-08T05:39:47.8493276Z Complete job name: installed-wheel (3.10)
installed-wheel (3.10)	Run actions/checkout@v4	﻿2026-09-08T05:39:48.0340600Z Node 20 is being deprecated. This workflow is running with Node 24 by default. If you need to temporarily use Node 20, you can set the ACTIONS_ALLOW_USE_UNSECURE_NODE_VERSION=true environment variable. For more information see: https://github.blog/changelog/2025-09-19-deprecation-of-node-20-on-github-actions-runners/
installed-wheel (3.10)	Run actions/checkout@v4	2026-09-08T05:39:48.0349214Z ##[group]Run actions/checkout@v4
installed-wheel (3.10)	Run actions/checkout@v4	2026-09-08T05:39:48.0349927Z with:
installed-wheel (3.10)	Run actions/checkout@v4	2026-09-08T05:39:48.0350370Z   repository: zack-dev-cm/datarepo
installed-wheel (3.10)	Run actions/checkout@v4	2026-09-08T05:39:48.0350956Z   ref: ed8bdeba5deb66a6421360632745711f73eee5d6
installed-wheel (3.10)	Run actions/checkout@v4	2026-09-08T05:39:48.0355300Z   token: ***
installed-wheel (3.10)	Run actions/checkout@v4	2026-09-08T05:39:48.0355747Z   ssh-strict: true
installed-wheel (3.10)	Run actions/checkout@v4	2026-09-08T05:39:48.0356198Z   ssh-user: git
installed-wheel (3.10)	Run actions/checkout@v4	2026-09-08T05:39:48.0356649Z   persist-credentials: true
installed-wheel (3.10)	Run actions/checkout@v4	2026-09-08T05:39:48.0357136Z   clean: true
installed-wheel (3.10)	Run actions/checkout@v4	2026-09-08T05:39:48.0357580Z   sparse-checkout-cone-mode: true
installed-wheel (3.10)	Run actions/checkout@v4	2026-09-08T05:39:48.0358099Z   fetch-depth: 1
installed-wheel (3.10)	Run actions/checkout@v4	2026-09-08T05:39:48.0358530Z   fetch-tags: false
installed-wheel (3.10)	Run actions/checkout@v4	2026-09-08T05:39:48.0358975Z   show-progress: true
installed-wheel (3.10)	Run actions/checkout@v4	2026-09-08T05:39:48.0359482Z   lfs: false
installed-wheel (3.10)	Run actions/checkout@v4	2026-09-08T05:39:48.0359887Z   submodules: false
installed-wheel (3.10)	Run actions/checkout@v4	2026-09-08T05:39:48.0360330Z   set-safe-directory: true
installed-wheel (3.10)	Run actions/checkout@v4	2026-09-08T05:39:48.0360827Z   allow-unsafe-pr-checkout: false
installed-wheel (3.10)	Run actions/checkout@v4	2026-09-08T05:39:48.0361545Z env:
installed-wheel (3.10)	Run actions/checkout@v4	2026-09-08T05:39:48.0361963Z   AWS_EC2_METADATA_DISABLED: true
installed-wheel (3.10)	Run actions/checkout@v4	2026-09-08T05:39:48.0362479Z   POLARS_MAX_THREADS: 2
installed-wheel (3.10)	Run actions/checkout@v4	2026-09-08T05:39:48.0362932Z ##[endgroup]
installed-wheel (3.10)	Run actions/checkout@v4	2026-09-08T05:39:48.1453292Z Syncing repository: zack-dev-cm/datarepo
installed-wheel (3.10)	Run actions/checkout@v4	2026-09-08T05:39:48.1456064Z ##[group]Getting Git version info
installed-wheel (3.10)	Run actions/checkout@v4	2026-09-08T05:39:48.1457481Z Working directory is '/home/runner/work/neuralink-contributions/neuralink-contributions'
installed-wheel (3.10)	Run actions/checkout@v4	2026-09-08T05:39:48.1459330Z [command]/usr/bin/git version
installed-wheel (3.10)	Run actions/checkout@v4	2026-09-08T05:39:48.1508706Z git version 2.55.0
installed-wheel (3.10)	Run actions/checkout@v4	2026-09-08T05:39:48.1530599Z ##[endgroup]
installed-wheel (3.10)	Run actions/checkout@v4	2026-09-08T05:39:48.1546820Z Temporarily overriding HOME='/home/runner/work/_temp/94f32e68-b07b-40ad-b60d-7dfcd84341ee' before making global git config changes
installed-wheel (3.10)	Run actions/checkout@v4	2026-09-08T05:39:48.1549284Z Adding repository directory to the temporary git global config as a safe directory
installed-wheel (3.10)	Run actions/checkout@v4	2026-09-08T05:39:48.1554737Z [command]/usr/bin/git config --global --add safe.directory /home/runner/work/neuralink-contributions/neuralink-contributions
installed-wheel (3.10)	Run actions/checkout@v4	2026-09-08T05:39:48.1607890Z Deleting the contents of '/home/runner/work/neuralink-contributions/neuralink-contributions'
installed-wheel (3.10)	Run actions/checkout@v4	2026-09-08T05:39:48.1630985Z ##[group]Initializing the repository
installed-wheel (3.10)	Run actions/checkout@v4	2026-09-08T05:39:48.1648767Z [command]/usr/bin/git init /home/runner/work/neuralink-contributions/neuralink-contributions
installed-wheel (3.10)	Run actions/checkout@v4	2026-09-08T05:39:48.1737839Z hint: Using 'master' as the name for the initial branch. This default branch name
installed-wheel (3.10)	Run actions/checkout@v4	2026-09-08T05:39:48.1741745Z hint: will change to "main" in Git 3.0. To configure the initial branch name
installed-wheel (3.10)	Run actions/checkout@v4	2026-09-08T05:39:48.1743231Z hint: to use in all of your new repositories, which will suppress this warning,
installed-wheel (3.10)	Run actions/checkout@v4	2026-09-08T05:39:48.1744398Z hint: call:
installed-wheel (3.10)	Run actions/checkout@v4	2026-09-08T05:39:48.1745224Z hint:
installed-wheel (3.10)	Run actions/checkout@v4	2026-09-08T05:39:48.1746012Z hint: 	git config --global init.defaultBranch <name>
installed-wheel (3.10)	Run actions/checkout@v4	2026-09-08T05:39:48.1747035Z hint:
installed-wheel (3.10)	Run actions/checkout@v4	2026-09-08T05:39:48.1747943Z hint: Names commonly chosen instead of 'master' are 'main', 'trunk' and
installed-wheel (3.10)	Run actions/checkout@v4	2026-09-08T05:39:48.1749407Z hint: 'development'. The just-created branch can be renamed via this command:
installed-wheel (3.10)	Run actions/checkout@v4	2026-09-08T05:39:48.1750567Z hint:
installed-wheel (3.10)	Run actions/checkout@v4	2026-09-08T05:39:48.1751192Z hint: 	git branch -m <name>
installed-wheel (3.10)	Run actions/checkout@v4	2026-09-08T05:39:48.1752317Z hint:
installed-wheel (3.10)	Run actions/checkout@v4	2026-09-08T05:39:48.1753345Z hint: Disable this message with "git config set advice.defaultBranchName false"
installed-wheel (3.10)	Run actions/checkout@v4	2026-09-08T05:39:48.1755395Z Initialized empty Git repository in /home/runner/work/neuralink-contributions/neuralink-contributions/.git/
installed-wheel (3.10)	Run actions/checkout@v4	2026-09-08T05:39:48.1758548Z [command]/usr/bin/git remote add origin https://github.com/zack-dev-cm/datarepo
installed-wheel (3.10)	Run actions/checkout@v4	2026-09-08T05:39:48.1794772Z ##[endgroup]
installed-wheel (3.10)	Run actions/checkout@v4	2026-09-08T05:39:48.1796144Z ##[group]Disabling automatic garbage collection
installed-wheel (3.10)	Run actions/checkout@v4	2026-09-08T05:39:48.1798864Z [command]/usr/bin/git config --local gc.auto 0
installed-wheel (3.10)	Run actions/checkout@v4	2026-09-08T05:39:48.1896430Z ##[endgroup]
installed-wheel (3.10)	Run actions/checkout@v4	2026-09-08T05:39:48.1897947Z ##[group]Setting up auth
installed-wheel (3.10)	Run actions/checkout@v4	2026-09-08T05:39:48.1899318Z [command]/usr/bin/git config --local --name-only --get-regexp core\.sshCommand
installed-wheel (3.10)	Run actions/checkout@v4	2026-09-08T05:39:48.1903587Z [command]/usr/bin/git submodule foreach --recursive sh -c "git config --local --name-only --get-regexp 'core\.sshCommand' && git config --local --unset-all 'core.sshCommand' || :"
installed-wheel (3.10)	Run actions/checkout@v4	2026-09-08T05:39:48.2254303Z [command]/usr/bin/git config --local --name-only --get-regexp http\.https\:\/\/github\.com\/\.extraheader
installed-wheel (3.10)	Run actions/checkout@v4	2026-09-08T05:39:48.2296104Z [command]/usr/bin/git submodule foreach --recursive sh -c "git config --local --name-only --get-regexp 'http\.https\:\/\/github\.com\/\.extraheader' && git config --local --unset-all 'http.https://github.com/.extraheader' || :"
installed-wheel (3.10)	Run actions/checkout@v4	2026-09-08T05:39:48.2558284Z [command]/usr/bin/git config --local --name-only --get-regexp ^includeIf\.gitdir:
installed-wheel (3.10)	Run actions/checkout@v4	2026-09-08T05:39:48.2597608Z [command]/usr/bin/git submodule foreach --recursive git config --local --show-origin --name-only --get-regexp remote.origin.url
installed-wheel (3.10)	Run actions/checkout@v4	2026-09-08T05:39:48.2836410Z [command]/usr/bin/git config --local http.https://github.com/.extraheader AUTHORIZATION: basic ***
installed-wheel (3.10)	Run actions/checkout@v4	2026-09-08T05:39:48.2877743Z ##[endgroup]
installed-wheel (3.10)	Run actions/checkout@v4	2026-09-08T05:39:48.2878995Z ##[group]Fetching the repository
installed-wheel (3.10)	Run actions/checkout@v4	2026-09-08T05:39:48.2888646Z [command]/usr/bin/git -c protocol.version=2 fetch --no-tags --prune --no-recurse-submodules --depth=1 origin ed8bdeba5deb66a6421360632745711f73eee5d6
installed-wheel (3.10)	Run actions/checkout@v4	2026-09-08T05:39:48.6007550Z From https://github.com/zack-dev-cm/datarepo
installed-wheel (3.10)	Run actions/checkout@v4	2026-09-08T05:39:48.6009403Z  * branch            ed8bdeba5deb66a6421360632745711f73eee5d6 -> FETCH_HEAD
installed-wheel (3.10)	Run actions/checkout@v4	2026-09-08T05:39:48.6013376Z ##[endgroup]
installed-wheel (3.10)	Run actions/checkout@v4	2026-09-08T05:39:48.6015211Z ##[group]Determining the checkout info
installed-wheel (3.10)	Run actions/checkout@v4	2026-09-08T05:39:48.6016978Z ##[endgroup]
installed-wheel (3.10)	Run actions/checkout@v4	2026-09-08T05:39:48.6036010Z [command]/usr/bin/git sparse-checkout disable
installed-wheel (3.10)	Run actions/checkout@v4	2026-09-08T05:39:48.6073820Z [command]/usr/bin/git config --local --unset-all extensions.worktreeConfig
installed-wheel (3.10)	Run actions/checkout@v4	2026-09-08T05:39:48.6110970Z ##[group]Checking out the ref
installed-wheel (3.10)	Run actions/checkout@v4	2026-09-08T05:39:48.6115901Z [command]/usr/bin/git checkout --progress --force ed8bdeba5deb66a6421360632745711f73eee5d6
installed-wheel (3.10)	Run actions/checkout@v4	2026-09-08T05:39:48.6295104Z Note: switching to 'ed8bdeba5deb66a6421360632745711f73eee5d6'.
installed-wheel (3.10)	Run actions/checkout@v4	2026-09-08T05:39:48.6296200Z 
installed-wheel (3.10)	Run actions/checkout@v4	2026-09-08T05:39:48.6296779Z You are in 'detached HEAD' state. You can look around, make experimental
installed-wheel (3.10)	Run actions/checkout@v4	2026-09-08T05:39:48.6298068Z changes and commit them, and you can discard any commits you make in this
installed-wheel (3.10)	Run actions/checkout@v4	2026-09-08T05:39:48.6299355Z state without impacting any branches by switching back to a branch.
installed-wheel (3.10)	Run actions/checkout@v4	2026-09-08T05:39:48.6300101Z 
installed-wheel (3.10)	Run actions/checkout@v4	2026-09-08T05:39:48.6300685Z If you want to create a new branch to retain commits you create, you may
installed-wheel (3.10)	Run actions/checkout@v4	2026-09-08T05:39:48.6301885Z do so (now or later) by using -c with the switch command. Example:
installed-wheel (3.10)	Run actions/checkout@v4	2026-09-08T05:39:48.6302675Z 
installed-wheel (3.10)	Run actions/checkout@v4	2026-09-08T05:39:48.6303020Z   git switch -c <new-branch-name>
installed-wheel (3.10)	Run actions/checkout@v4	2026-09-08T05:39:48.6303572Z 
installed-wheel (3.10)	Run actions/checkout@v4	2026-09-08T05:39:48.6303908Z Or undo this operation with:
installed-wheel (3.10)	Run actions/checkout@v4	2026-09-08T05:39:48.6304412Z 
installed-wheel (3.10)	Run actions/checkout@v4	2026-09-08T05:39:48.6304719Z   git switch -
installed-wheel (3.10)	Run actions/checkout@v4	2026-09-08T05:39:48.6305407Z 
installed-wheel (3.10)	Run actions/checkout@v4	2026-09-08T05:39:48.6306058Z Turn off this advice by setting config variable advice.detachedHead to false
installed-wheel (3.10)	Run actions/checkout@v4	2026-09-08T05:39:48.6307134Z 
installed-wheel (3.10)	Run actions/checkout@v4	2026-09-08T05:39:48.6307902Z HEAD is now at ed8bdeb Declare the measured Python minimum and test installed wheels
installed-wheel (3.10)	Run actions/checkout@v4	2026-09-08T05:39:48.6321513Z ##[endgroup]
installed-wheel (3.10)	Run actions/checkout@v4	2026-09-08T05:39:48.6368403Z [command]/usr/bin/git log -1 --format=%H
installed-wheel (3.10)	Run actions/checkout@v4	2026-09-08T05:39:48.6398779Z ed8bdeba5deb66a6421360632745711f73eee5d6
installed-wheel (3.10)	Run actions/setup-node@v4	﻿2026-09-08T05:39:48.7603973Z Node 20 is being deprecated. This workflow is running with Node 24 by default. If you need to temporarily use Node 20, you can set the ACTIONS_ALLOW_USE_UNSECURE_NODE_VERSION=true environment variable. For more information see: https://github.blog/changelog/2025-09-19-deprecation-of-node-20-on-github-actions-runners/
installed-wheel (3.10)	Run actions/setup-node@v4	2026-09-08T05:39:48.7609963Z ##[group]Run actions/setup-node@v4
installed-wheel (3.10)	Run actions/setup-node@v4	2026-09-08T05:39:48.7611059Z with:
installed-wheel (3.10)	Run actions/setup-node@v4	2026-09-08T05:39:48.7611846Z   node-version: 22
installed-wheel (3.10)	Run actions/setup-node@v4	2026-09-08T05:39:48.7612736Z   always-auth: false
installed-wheel (3.10)	Run actions/setup-node@v4	2026-09-08T05:39:48.7613657Z   check-latest: false
installed-wheel (3.10)	Run actions/setup-node@v4	2026-09-08T05:39:48.7623570Z   token: ***
installed-wheel (3.10)	Run actions/setup-node@v4	2026-09-08T05:39:48.7624405Z env:
installed-wheel (3.10)	Run actions/setup-node@v4	2026-09-08T05:39:48.7625360Z   AWS_EC2_METADATA_DISABLED: true
installed-wheel (3.10)	Run actions/setup-node@v4	2026-09-08T05:39:48.7626460Z   POLARS_MAX_THREADS: 2
installed-wheel (3.10)	Run actions/setup-node@v4	2026-09-08T05:39:48.7627381Z ##[endgroup]
installed-wheel (3.10)	Run actions/setup-node@v4	2026-09-08T05:39:48.9058322Z Found in cache @ /opt/hostedtoolcache/node/22.23.2/x64
installed-wheel (3.10)	Run actions/setup-node@v4	2026-09-08T05:39:48.9062280Z (node:2309) [DEP0040] DeprecationWarning: The `punycode` module is deprecated. Please use a userland alternative instead.
installed-wheel (3.10)	Run actions/setup-node@v4	2026-09-08T05:39:48.9066825Z (Use `node --trace-deprecation ...` to show where the warning was created)
installed-wheel (3.10)	Run actions/setup-node@v4	2026-09-08T05:39:48.9071087Z ##[group]Environment details
installed-wheel (3.10)	Run actions/setup-node@v4	2026-09-08T05:39:49.2469740Z node: v22.23.2
installed-wheel (3.10)	Run actions/setup-node@v4	2026-09-08T05:39:49.2470347Z npm: 10.9.8
installed-wheel (3.10)	Run actions/setup-node@v4	2026-09-08T05:39:49.2470659Z yarn: 1.22.22
installed-wheel (3.10)	Run actions/setup-node@v4	2026-09-08T05:39:49.2471515Z ##[endgroup]
installed-wheel (3.10)	Run actions/setup-python@v5	﻿2026-09-08T05:39:49.3403249Z Node 20 is being deprecated. This workflow is running with Node 24 by default. If you need to temporarily use Node 20, you can set the ACTIONS_ALLOW_USE_UNSECURE_NODE_VERSION=true environment variable. For more information see: https://github.blog/changelog/2025-09-19-deprecation-of-node-20-on-github-actions-runners/
installed-wheel (3.10)	Run actions/setup-python@v5	2026-09-08T05:39:49.3404719Z ##[group]Run actions/setup-python@v5
installed-wheel (3.10)	Run actions/setup-python@v5	2026-09-08T05:39:49.3405300Z with:
installed-wheel (3.10)	Run actions/setup-python@v5	2026-09-08T05:39:49.3405655Z   python-version: 3.10
installed-wheel (3.10)	Run actions/setup-python@v5	2026-09-08T05:39:49.3406046Z   check-latest: false
installed-wheel (3.10)	Run actions/setup-python@v5	2026-09-08T05:39:49.3408826Z   token: ***
installed-wheel (3.10)	Run actions/setup-python@v5	2026-09-08T05:39:49.3409222Z   update-environment: true
installed-wheel (3.10)	Run actions/setup-python@v5	2026-09-08T05:39:49.3409640Z   allow-prereleases: false
installed-wheel (3.10)	Run actions/setup-python@v5	2026-09-08T05:39:49.3410037Z   freethreaded: false
installed-wheel (3.10)	Run actions/setup-python@v5	2026-09-08T05:39:49.3410412Z env:
installed-wheel (3.10)	Run actions/setup-python@v5	2026-09-08T05:39:49.3410767Z   AWS_EC2_METADATA_DISABLED: true
installed-wheel (3.10)	Run actions/setup-python@v5	2026-09-08T05:39:49.3411210Z   POLARS_MAX_THREADS: 2
installed-wheel (3.10)	Run actions/setup-python@v5	2026-09-08T05:39:49.3411584Z ##[endgroup]
installed-wheel (3.10)	Run actions/setup-python@v5	2026-09-08T05:39:49.4745062Z ##[group]Installed versions
installed-wheel (3.10)	Run actions/setup-python@v5	2026-09-08T05:39:49.4832699Z (node:2340) [DEP0040] DeprecationWarning: The `punycode` module is deprecated. Please use a userland alternative instead.
installed-wheel (3.10)	Run actions/setup-python@v5	2026-09-08T05:39:49.4834569Z (Use `node --trace-deprecation ...` to show where the warning was created)
installed-wheel (3.10)	Run actions/setup-python@v5	2026-09-08T05:39:49.4835907Z Successfully set up CPython (3.10.21)
installed-wheel (3.10)	Run actions/setup-python@v5	2026-09-08T05:39:49.4837434Z ##[endgroup]
installed-wheel (3.10)	Build and exercise an installed wheel outside the checkout	﻿2026-09-08T05:39:49.5294123Z ##[group]Run python -m pip install build
installed-wheel (3.10)	Build and exercise an installed wheel outside the checkout	2026-09-08T05:39:49.5294744Z ^[[36;1mpython -m pip install build^[[0m
installed-wheel (3.10)	Build and exercise an installed wheel outside the checkout	2026-09-08T05:39:49.5295491Z ^[[36;1mpython -m build --wheel^[[0m
installed-wheel (3.10)	Build and exercise an installed wheel outside the checkout	2026-09-08T05:39:49.5295984Z ^[[36;1mwheel_env="$RUNNER_TEMP/datarepo-wheel-smoke"^[[0m
installed-wheel (3.10)	Build and exercise an installed wheel outside the checkout	2026-09-08T05:39:49.5296481Z ^[[36;1mpython -m venv "$wheel_env"^[[0m
installed-wheel (3.10)	Build and exercise an installed wheel outside the checkout	2026-09-08T05:39:49.5296969Z ^[[36;1m"$wheel_env/bin/python" -m pip install dist/*.whl^[[0m
installed-wheel (3.10)	Build and exercise an installed wheel outside the checkout	2026-09-08T05:39:49.5297447Z ^[[36;1mcd "$RUNNER_TEMP"^[[0m
installed-wheel (3.10)	Build and exercise an installed wheel outside the checkout	2026-09-08T05:39:49.5298021Z ^[[36;1m"$wheel_env/bin/python" -I "$GITHUB_WORKSPACE/scripts/smoke_installed_wheel.py"^[[0m
installed-wheel (3.10)	Build and exercise an installed wheel outside the checkout	2026-09-08T05:39:49.5354174Z shell: /usr/bin/bash -e {0}
installed-wheel (3.10)	Build and exercise an installed wheel outside the checkout	2026-09-08T05:39:49.5354611Z env:
installed-wheel (3.10)	Build and exercise an installed wheel outside the checkout	2026-09-08T05:39:49.5355143Z   AWS_EC2_METADATA_DISABLED: true
installed-wheel (3.10)	Build and exercise an installed wheel outside the checkout	2026-09-08T05:39:49.5355566Z   POLARS_MAX_THREADS: 2
installed-wheel (3.10)	Build and exercise an installed wheel outside the checkout	2026-09-08T05:39:49.5356022Z   pythonLocation: /opt/hostedtoolcache/Python/3.10.21/x64
installed-wheel (3.10)	Build and exercise an installed wheel outside the checkout	2026-09-08T05:39:49.5356632Z   PKG_CONFIG_PATH: /opt/hostedtoolcache/Python/3.10.21/x64/lib/pkgconfig
installed-wheel (3.10)	Build and exercise an installed wheel outside the checkout	2026-09-08T05:39:49.5357247Z   Python_ROOT_DIR: /opt/hostedtoolcache/Python/3.10.21/x64
installed-wheel (3.10)	Build and exercise an installed wheel outside the checkout	2026-09-08T05:39:49.5357837Z   Python2_ROOT_DIR: /opt/hostedtoolcache/Python/3.10.21/x64
installed-wheel (3.10)	Build and exercise an installed wheel outside the checkout	2026-09-08T05:39:49.5358373Z   Python3_ROOT_DIR: /opt/hostedtoolcache/Python/3.10.21/x64
installed-wheel (3.10)	Build and exercise an installed wheel outside the checkout	2026-09-08T05:39:49.5358921Z   LD_LIBRARY_PATH: /opt/hostedtoolcache/Python/3.10.21/x64/lib
installed-wheel (3.10)	Build and exercise an installed wheel outside the checkout	2026-09-08T05:39:49.5359387Z ##[endgroup]
installed-wheel (3.10)	Build and exercise an installed wheel outside the checkout	2026-09-08T05:39:50.2664525Z Collecting build
installed-wheel (3.10)	Build and exercise an installed wheel outside the checkout	2026-09-08T05:39:50.3140567Z   Downloading build-1.6.0-py3-none-any.whl.metadata (5.6 kB)
installed-wheel (3.10)	Build and exercise an installed wheel outside the checkout	2026-09-08T05:39:50.3321068Z Collecting packaging>=24.0 (from build)
installed-wheel (3.10)	Build and exercise an installed wheel outside the checkout	2026-09-08T05:39:50.3360951Z   Downloading packaging-26.3-py3-none-any.whl.metadata (3.5 kB)
installed-wheel (3.10)	Build and exercise an installed wheel outside the checkout	2026-09-08T05:39:50.3470204Z Collecting pyproject_hooks (from build)
installed-wheel (3.10)	Build and exercise an installed wheel outside the checkout	2026-09-08T05:39:50.3505551Z   Downloading pyproject_hooks-1.2.0-py3-none-any.whl.metadata (1.3 kB)
installed-wheel (3.10)	Build and exercise an installed wheel outside the checkout	2026-09-08T05:39:50.3861083Z Collecting tomli>=1.1.0 (from build)
installed-wheel (3.10)	Build and exercise an installed wheel outside the checkout	2026-09-08T05:39:50.3899398Z   Downloading tomli-2.4.1-py3-none-any.whl.metadata (10 kB)
installed-wheel (3.10)	Build and exercise an installed wheel outside the checkout	2026-09-08T05:39:50.3975826Z Downloading build-1.6.0-py3-none-any.whl (31 kB)
installed-wheel (3.10)	Build and exercise an installed wheel outside the checkout	2026-09-08T05:39:50.4061032Z Downloading packaging-26.3-py3-none-any.whl (129 kB)
installed-wheel (3.10)	Build and exercise an installed wheel outside the checkout	2026-09-08T05:39:50.4179934Z Downloading tomli-2.4.1-py3-none-any.whl (14 kB)
installed-wheel (3.10)	Build and exercise an installed wheel outside the checkout	2026-09-08T05:39:50.4254241Z Downloading pyproject_hooks-1.2.0-py3-none-any.whl (10 kB)
installed-wheel (3.10)	Build and exercise an installed wheel outside the checkout	2026-09-08T05:39:50.4695515Z Installing collected packages: tomli, pyproject_hooks, packaging, build
installed-wheel (3.10)	Build and exercise an installed wheel outside the checkout	2026-09-08T05:39:50.5856870Z 
installed-wheel (3.10)	Build and exercise an installed wheel outside the checkout	2026-09-08T05:39:50.5869969Z Successfully installed build-1.6.0 packaging-26.3 pyproject_hooks-1.2.0 tomli-2.4.1
installed-wheel (3.10)	Build and exercise an installed wheel outside the checkout	2026-09-08T05:39:50.7709589Z * Creating isolated environment: venv+pip...
installed-wheel (3.10)	Build and exercise an installed wheel outside the checkout	2026-09-08T05:39:50.8309569Z * Installing packages in isolated environment:
installed-wheel (3.10)	Build and exercise an installed wheel outside the checkout	2026-09-08T05:39:50.8309987Z   - hatchling
installed-wheel (3.10)	Build and exercise an installed wheel outside the checkout	2026-09-08T05:39:51.7259039Z * Getting build dependencies for wheel...
installed-wheel (3.10)	Build and exercise an installed wheel outside the checkout	2026-09-08T05:39:51.8761357Z * Installed build dependency versions:
installed-wheel (3.10)	Build and exercise an installed wheel outside the checkout	2026-09-08T05:39:51.8761937Z   - hatchling==1.32.0
installed-wheel (3.10)	Build and exercise an installed wheel outside the checkout	2026-09-08T05:39:51.8762309Z * Building wheel...
installed-wheel (3.10)	Build and exercise an installed wheel outside the checkout	2026-09-08T05:40:05.8963437Z Running npm install...
installed-wheel (3.10)	Build and exercise an installed wheel outside the checkout	2026-09-08T05:40:05.8964206Z 
installed-wheel (3.10)	Build and exercise an installed wheel outside the checkout	2026-09-08T05:40:05.8964790Z > @neuralink/datarepo-catalog@1.0.7 prepare
installed-wheel (3.10)	Build and exercise an installed wheel outside the checkout	2026-09-08T05:40:05.8965778Z > npm run build
installed-wheel (3.10)	Build and exercise an installed wheel outside the checkout	2026-09-08T05:40:05.8966136Z 
installed-wheel (3.10)	Build and exercise an installed wheel outside the checkout	2026-09-08T05:40:05.8966301Z 
installed-wheel (3.10)	Build and exercise an installed wheel outside the checkout	2026-09-08T05:40:05.8966737Z > @neuralink/datarepo-catalog@1.0.7 build
installed-wheel (3.10)	Build and exercise an installed wheel outside the checkout	2026-09-08T05:40:05.8967309Z > tsc && vite build
installed-wheel (3.10)	Build and exercise an installed wheel outside the checkout	2026-09-08T05:40:05.8967632Z 
installed-wheel (3.10)	Build and exercise an installed wheel outside the checkout	2026-09-08T05:40:05.8968432Z ^[[36mvite v5.4.19 ^[[32mbuilding for production...^[[36m^[[39m
installed-wheel (3.10)	Build and exercise an installed wheel outside the checkout	2026-09-08T05:40:05.8969305Z transforming...
installed-wheel (3.10)	Build and exercise an installed wheel outside the checkout	2026-09-08T05:40:05.8972411Z ^[[32m✓^[[39m 814 modules transformed.
installed-wheel (3.10)	Build and exercise an installed wheel outside the checkout	2026-09-08T05:40:05.8972956Z rendering chunks...
installed-wheel (3.10)	Build and exercise an installed wheel outside the checkout	2026-09-08T05:40:05.8973340Z computing gzip size...
installed-wheel (3.10)	Build and exercise an installed wheel outside the checkout	2026-09-08T05:40:05.8974461Z ^[[2m../precompiled/^[[22m^[[32mindex.html                                     ^[[39m^[[1m^[[2m  0.45 kB^[[22m^[[1m^[[22m^[[2m │ gzip:   0.29 kB^[[22m
installed-wheel (3.10)	Build and exercise an installed wheel outside the checkout	2026-09-08T05:40:05.8976334Z ^[[2m../precompiled/^[[22m^[[2massets/^[[22m^[[35mmain-DjPsrpBr.css                       ^[[39m^[[1m^[[2m692.74 kB^[[22m^[[1m^[[22m^[[2m │ gzip:  82.38 kB^[[22m
installed-wheel (3.10)	Build and exercise an installed wheel outside the checkout	2026-09-08T05:40:05.8979814Z ^[[2m../precompiled/^[[22m^[[2massets/^[[22m^[[36mcodeowners-Bp6g37R7.js                  ^[[39m^[[1m^[[2m  0.60 kB^[[22m^[[1m^[[22m^[[2m │ gzip:   0.35 kB^[[22m^[[2m │ map:     1.07 kB^[[22m
installed-wheel (3.10)	Build and exercise an installed wheel outside the checkout	2026-09-08T05:40:05.8982095Z ^[[2m../precompiled/^[[22m^[[2massets/^[[22m^[[36mshellsession-C_rIy8kc.js                ^[[39m^[[1m^[[2m  0.77 kB^[[22m^[[1m^[[22m^[[2m │ gzip:   0.47 kB^[[22m^[[2m │ map:     1.31 kB^[[22m
installed-wheel (3.10)	Build and exercise an installed wheel outside the checkout	2026-09-08T05:40:05.8984680Z ^[[2m../precompiled/^[[22m^[[2massets/^[[22m^[[36mtsv-B_m7g4N7.js                         ^[[39m^[[1m^[[2m  0.78 kB^[[22m^[[1m^[[22m^[[2m │ gzip:   0.38 kB^[[22m^[[2m │ map:     1.36 kB^[[22m
installed-wheel (3.10)	Build and exercise an installed wheel outside the checkout	2026-09-08T05:40:05.8986893Z ^[[2m../precompiled/^[[22m^[[2massets/^[[22m^[[36mhtml-derivative-CSfWNPLT.js             ^[[39m^[[1m^[[2m  1.02 kB^[[22m^[[1m^[[22m^[[2m │ gzip:   0.56 kB^[[22m^[[2m │ map:     1.48 kB^[[22m
installed-wheel (3.10)	Build and exercise an installed wheel outside the checkout	2026-09-08T05:40:05.8988961Z ^[[2m../precompiled/^[[22m^[[2massets/^[[22m^[[36mgit-rebase-B-v9cOL2.js                  ^[[39m^[[1m^[[2m  1.03 kB^[[22m^[[1m^[[22m^[[2m │ gzip:   0.47 kB^[[22m^[[2m │ map:     1.65 kB^[[22m
installed-wheel (3.10)	Build and exercise an installed wheel outside the checkout	2026-09-08T05:40:05.8990935Z ^[[2m../precompiled/^[[22m^[[2massets/^[[22m^[[36mqmldir-C8lEn-DE.js                      ^[[39m^[[1m^[[2m  1.05 kB^[[22m^[[1m^[[22m^[[2m │ gzip:   0.49 kB^[[22m^[[2m │ map:     1.72 kB^[[22m
installed-wheel (3.10)	Build and exercise an installed wheel outside the checkout	2026-09-08T05:40:05.8993012Z ^[[2m../precompiled/^[[22m^[[2massets/^[[22m^[[36mfortran-fixed-form-TqA4NnZg.js          ^[[39m^[[1m^[[2m  1.16 kB^[[22m^[[1m^[[22m^[[2m │ gzip:   0.58 kB^[[22m^[[2m │ map:     1.93 kB^[[22m
installed-wheel (3.10)	Build and exercise an installed wheel outside the checkout	2026-09-08T05:40:05.8996269Z ^[[2m../precompiled/^[[22m^[[2massets/^[[22m^[[36mcsv-B0qRVHPH.js                         ^[[39m^[[1m^[[2m  1.26 kB^[[22m^[[1m^[[22m^[[2m │ gzip:   0.42 kB^[[22m^[[2m │ map:     2.05 kB^[[22m
installed-wheel (3.10)	Build and exercise an installed wheel outside the checkout	2026-09-08T05:40:05.8998424Z ^[[2m../precompiled/^[[22m^[[2massets/^[[22m^[[36mxsl-Dd0NUgwM.js                         ^[[39m^[[1m^[[2m  1.43 kB^[[22m^[[1m^[[22m^[[2m │ gzip:   0.55 kB^[[22m^[[2m │ map:     2.16 kB^[[22m
installed-wheel (3.10)	Build and exercise an installed wheel outside the checkout	2026-09-08T05:40:05.9000353Z ^[[2m../precompiled/^[[22m^[[2massets/^[[22m^[[36msparql-bYkjHRlG.js                      ^[[39m^[[1m^[[2m  1.56 kB^[[22m^[[1m^[[22m^[[2m │ gzip:   0.86 kB^[[22m^[[2m │ map:     2.14 kB^[[22m
installed-wheel (3.10)	Build and exercise an installed wheel outside the checkout	2026-09-08T05:40:05.9002358Z ^[[2m../precompiled/^[[22m^[[2massets/^[[22m^[[36mini-BjABl1g7.js                         ^[[39m^[[1m^[[2m  1.57 kB^[[22m^[[1m^[[22m^[[2m │ gzip:   0.53 kB^[[22m^[[2m │ map:     2.46 kB^[[22m
installed-wheel (3.10)	Build and exercise an installed wheel outside the checkout	2026-09-08T05:40:05.9004337Z ^[[2m../precompiled/^[[22m^[[2massets/^[[22m^[[36mgit-commit-i4q6IMui.js                  ^[[39m^[[1m^[[2m  1.59 kB^[[22m^[[1m^[[22m^[[2m │ gzip:   0.70 kB^[[22m^[[2m │ map:     2.39 kB^[[22m
installed-wheel (3.10)	Build and exercise an installed wheel outside the checkout	2026-09-08T05:40:05.9006439Z ^[[2m../precompiled/^[[22m^[[2massets/^[[22m^[[36mdotenv-BjQB5zDj.js                      ^[[39m^[[1m^[[2m  1.75 kB^[[22m^[[1m^[[22m^[[2m │ gzip:   0.67 kB^[[22m^[[2m │ map:     2.72 kB^[[22m
installed-wheel (3.10)	Build and exercise an installed wheel outside the checkout	2026-09-08T05:40:05.9008399Z ^[[2m../precompiled/^[[22m^[[2massets/^[[22m^[[36mwenyan-7A4Fjokl.js                      ^[[39m^[[1m^[[2m  1.75 kB^[[22m^[[1m^[[22m^[[2m │ gzip:   1.16 kB^[[22m^[[2m │ map:     2.72 kB^[[22m
installed-wheel (3.10)	Build and exercise an installed wheel outside the checkout	2026-09-08T05:40:05.9010384Z ^[[2m../precompiled/^[[22m^[[2massets/^[[22m^[[36mdocker-COcR7UxN.js                      ^[[39m^[[1m^[[2m  1.81 kB^[[22m^[[1m^[[22m^[[2m │ gzip:   0.64 kB^[[22m^[[2m │ map:     2.66 kB^[[22m
installed-wheel (3.10)	Build and exercise an installed wheel outside the checkout	2026-09-08T05:40:05.9012302Z ^[[2m../precompiled/^[[22m^[[2massets/^[[22m^[[36mhxml-TIA70rKU.js                        ^[[39m^[[1m^[[2m  1.87 kB^[[22m^[[1m^[[22m^[[2m │ gzip:   0.93 kB^[[22m^[[2m │ map:     2.53 kB^[[22m
installed-wheel (3.10)	Build and exercise an installed wheel outside the checkout	2026-09-08T05:40:05.9014284Z ^[[2m../precompiled/^[[22m^[[2massets/^[[22m^[[36mdesktop-DEIpsLCJ.js                     ^[[39m^[[1m^[[2m  2.07 kB^[[22m^[[1m^[[22m^[[2m │ gzip:   0.82 kB^[[22m^[[2m │ map:     3.08 kB^[[22m
installed-wheel (3.10)	Build and exercise an installed wheel outside the checkout	2026-09-08T05:40:05.9016390Z ^[[2m../precompiled/^[[22m^[[2massets/^[[22m^[[36medge-D5gP-w-T.js                        ^[[39m^[[1m^[[2m  2.40 kB^[[22m^[[1m^[[22m^[[2m │ gzip:   0.73 kB^[[22m^[[2m │ map:     3.52 kB^[[22m
installed-wheel (3.10)	Build and exercise an installed wheel outside the checkout	2026-09-08T05:40:05.9018335Z ^[[2m../precompiled/^[[22m^[[2massets/^[[22m^[[36mreg-5LuOXUq_.js                         ^[[39m^[[1m^[[2m  2.41 kB^[[22m^[[1m^[[22m^[[2m │ gzip:   0.74 kB^[[22m^[[2m │ map:     3.53 kB^[[22m
installed-wheel (3.10)	Build and exercise an installed wheel outside the checkout	2026-09-08T05:40:05.9020231Z ^[[2m../precompiled/^[[22m^[[2massets/^[[22m^[[36mberry-3xVqZejG.js                       ^[[39m^[[1m^[[2m  2.49 kB^[[22m^[[1m^[[22m^[[2m │ gzip:   0.84 kB^[[22m^[[2m │ map:     3.95 kB^[[22m
installed-wheel (3.10)	Build and exercise an installed wheel outside the checkout	2026-09-08T05:40:05.9022542Z ^[[2m../precompiled/^[[22m^[[2massets/^[[22m^[[36merb-BYTLMnw6.js                         ^[[39m^[[1m^[[2m  2.65 kB^[[22m^[[1m^[[22m^[[2m │ gzip:   0.88 kB^[[22m^[[2m │ map:     3.27 kB^[[22m
installed-wheel (3.10)	Build and exercise an installed wheel outside the checkout	2026-09-08T05:40:05.9024487Z ^[[2m../precompiled/^[[22m^[[2massets/^[[22m^[[36mdiff-BgYniUM_.js                        ^[[39m^[[1m^[[2m  2.69 kB^[[22m^[[1m^[[22m^[[2m │ gzip:   0.77 kB^[[22m^[[2m │ map:     3.94 kB^[[22m
installed-wheel (3.10)	Build and exercise an installed wheel outside the checkout	2026-09-08T05:40:05.9026657Z ^[[2m../precompiled/^[[22m^[[2massets/^[[22m^[[36mgleam-B430Bg39.js                       ^[[39m^[[1m^[[2m  2.73 kB^[[22m^[[1m^[[22m^[[2m │ gzip:   0.89 kB^[[22m^[[2m │ map:     4.09 kB^[[22m
installed-wheel (3.10)	Build and exercise an installed wheel outside the checkout	2026-09-08T05:40:05.9028561Z ^[[2m../precompiled/^[[22m^[[2massets/^[[22m^[[36mhy-BMj5Y0dO.js                          ^[[39m^[[1m^[[2m  2.86 kB^[[22m^[[1m^[[22m^[[2m │ gzip:   1.23 kB^[[22m^[[2m │ map:     3.98 kB^[[22m
installed-wheel (3.10)	Build and exercise an installed wheel outside the checkout	2026-09-08T05:40:05.9030412Z ^[[2m../precompiled/^[[22m^[[2massets/^[[22m^[[36mjson-BQoSv7ci.js                        ^[[39m^[[1m^[[2m  2.96 kB^[[22m^[[1m^[[22m^[[2m │ gzip:   0.85 kB^[[22m^[[2m │ map:     4.43 kB^[[22m
installed-wheel (3.10)	Build and exercise an installed wheel outside the checkout	2026-09-08T05:40:05.9032371Z ^[[2m../precompiled/^[[22m^[[2massets/^[[22m^[[36mcairo--RitsXJZ.js                       ^[[39m^[[1m^[[2m  3.00 kB^[[22m^[[1m^[[22m^[[2m │ gzip:   0.84 kB^[[22m^[[2m │ map:     4.53 kB^[[22m
installed-wheel (3.10)	Build and exercise an installed wheel outside the checkout	2026-09-08T05:40:05.9034250Z ^[[2m../precompiled/^[[22m^[[2massets/^[[22m^[[36mlog-Cc5clBb7.js                         ^[[39m^[[1m^[[2m  3.01 kB^[[22m^[[1m^[[22m^[[2m │ gzip:   0.93 kB^[[22m^[[2m │ map:     4.46 kB^[[22m
installed-wheel (3.10)	Build and exercise an installed wheel outside the checkout	2026-09-08T05:40:05.9036338Z ^[[2m../precompiled/^[[22m^[[2massets/^[[22m^[[36mjssm-P4WzXJd0.js                        ^[[39m^[[1m^[[2m  3.02 kB^[[22m^[[1m^[[22m^[[2m │ gzip:   0.73 kB^[[22m^[[2m │ map:     4.44 kB^[[22m
installed-wheel (3.10)	Build and exercise an installed wheel outside the checkout	2026-09-08T05:40:05.9038257Z ^[[2m../precompiled/^[[22m^[[2massets/^[[22m^[[36mjsonl-DREVFZK8.js                       ^[[39m^[[1m^[[2m  3.15 kB^[[22m^[[1m^[[22m^[[2m │ gzip:   0.86 kB^[[22m^[[2m │ map:     4.62 kB^[[22m
installed-wheel (3.10)	Build and exercise an installed wheel outside the checkout	2026-09-08T05:40:05.9040105Z ^[[2m../precompiled/^[[22m^[[2massets/^[[22m^[[36mjsonc-TU54ms6u.js                       ^[[39m^[[1m^[[2m  3.24 kB^[[22m^[[1m^[[22m^[[2m │ gzip:   0.86 kB^[[22m^[[2m │ map:     4.72 kB^[[22m
installed-wheel (3.10)	Build and exercise an installed wheel outside the checkout	2026-09-08T05:40:05.9042028Z ^[[2m../precompiled/^[[22m^[[2massets/^[[22m^[[36mlogo-IuBKFhSY.js                        ^[[39m^[[1m^[[2m  3.25 kB^[[22m^[[1m^[[22m^[[2m │ gzip:   1.52 kB^[[22m^[[2m │ map:     3.88 kB^[[22m
installed-wheel (3.10)	Build and exercise an installed wheel outside the checkout	2026-09-08T05:40:05.9044007Z ^[[2m../precompiled/^[[22m^[[2massets/^[[22m^[[36mpo-BFLt1xDp.js                          ^[[39m^[[1m^[[2m  3.42 kB^[[22m^[[1m^[[22m^[[2m │ gzip:   1.02 kB^[[22m^[[2m │ map:     5.24 kB^[[22m
installed-wheel (3.10)	Build and exercise an installed wheel outside the checkout	2026-09-08T05:40:05.9050250Z ^[[2m../precompiled/^[[22m^[[2massets/^[[22m^[[36mgenie-ajMbGru0.js                       ^[[39m^[[1m^[[2m  3.42 kB^[[22m^[[1m^[[22m^[[2m │ gzip:   1.25 kB^[[22m^[[2m │ map:     4.89 kB^[[22m
installed-wheel (3.10)	Build and exercise an installed wheel outside the checkout	2026-09-08T05:40:05.9052238Z ^[[2m../precompiled/^[[22m^[[2massets/^[[22m^[[36mtasl-CQjiPCtT.js                        ^[[39m^[[1m^[[2m  3.43 kB^[[22m^[[1m^[[22m^[[2m │ gzip:   0.92 kB^[[22m^[[2m │ map:     5.21 kB^[[22m
installed-wheel (3.10)	Build and exercise an installed wheel outside the checkout	2026-09-08T05:40:05.9054134Z ^[[2m../precompiled/^[[22m^[[2massets/^[[22m^[[36mvala-BFOHcciG.js                        ^[[39m^[[1m^[[2m  3.45 kB^[[22m^[[1m^[[22m^[[2m │ gzip:   1.23 kB^[[22m^[[2m │ map:     4.92 kB^[[22m
installed-wheel (3.10)	Build and exercise an installed wheel outside the checkout	2026-09-08T05:40:05.9056293Z ^[[2m../precompiled/^[[22m^[[2massets/^[[22m^[[36mmipsasm-BC5c_5Pe.js                     ^[[39m^[[1m^[[2m  3.46 kB^[[22m^[[1m^[[22m^[[2m │ gzip:   1.31 kB^[[22m^[[2m │ map:     4.82 kB^[[22m
installed-wheel (3.10)	Build and exercise an installed wheel outside the checkout	2026-09-08T05:40:05.9058169Z ^[[2m../precompiled/^[[22m^[[2massets/^[[22m^[[36mrel-DJlmqQ1C.js                         ^[[39m^[[1m^[[2m  3.47 kB^[[22m^[[1m^[[22m^[[2m │ gzip:   1.14 kB^[[22m^[[2m │ map:     5.00 kB^[[22m
installed-wheel (3.10)	Build and exercise an installed wheel outside the checkout	2026-09-08T05:40:05.9060115Z ^[[2m../precompiled/^[[22m^[[2massets/^[[22m^[[36mjson5-w8dY5SsB.js                       ^[[39m^[[1m^[[2m  3.58 kB^[[22m^[[1m^[[22m^[[2m │ gzip:   0.98 kB^[[22m^[[2m │ map:     5.30 kB^[[22m
installed-wheel (3.10)	Build and exercise an installed wheel outside the checkout	2026-09-08T05:40:05.9062111Z ^[[2m../precompiled/^[[22m^[[2massets/^[[22m^[[36mssh-config-BknIz3MU.js                  ^[[39m^[[1m^[[2m  3.66 kB^[[22m^[[1m^[[22m^[[2m │ gzip:   1.62 kB^[[22m^[[2m │ map:     4.46 kB^[[22m
installed-wheel (3.10)	Build and exercise an installed wheel outside the checkout	2026-09-08T05:40:05.9064095Z ^[[2m../precompiled/^[[22m^[[2massets/^[[22m^[[36mfluent-Dayu4EKP.js                      ^[[39m^[[1m^[[2m  3.67 kB^[[22m^[[1m^[[22m^[[2m │ gzip:   0.93 kB^[[22m^[[2m │ map:     5.21 kB^[[22m
installed-wheel (3.10)	Build and exercise an installed wheel outside the checkout	2026-09-08T05:40:05.9068254Z ^[[2m../precompiled/^[[22m^[[2massets/^[[22m^[[36mjsonnet-BfivnA6A.js                     ^[[39m^[[1m^[[2m  3.68 kB^[[22m^[[1m^[[22m^[[2m │ gzip:   1.10 kB^[[22m^[[2m │ map:     5.38 kB^[[22m
installed-wheel (3.10)	Build and exercise an installed wheel outside the checkout	2026-09-08T05:40:05.9070222Z ^[[2m../precompiled/^[[22m^[[2massets/^[[22m^[[36mnarrat-DLbgOhZU.js                      ^[[39m^[[1m^[[2m  3.74 kB^[[22m^[[1m^[[22m^[[2m │ gzip:   1.14 kB^[[22m^[[2m │ map:     5.46 kB^[[22m
installed-wheel (3.10)	Build and exercise an installed wheel outside the checkout	2026-09-08T05:40:05.9072179Z ^[[2m../precompiled/^[[22m^[[2massets/^[[22m^[[36mturtle-BMR_PYu6.js                      ^[[39m^[[1m^[[2m  3.76 kB^[[22m^[[1m^[[22m^[[2m │ gzip:   1.02 kB^[[22m^[[2m │ map:     5.50 kB^[[22m
installed-wheel (3.10)	Build and exercise an installed wheel outside the checkout	2026-09-08T05:40:05.9074138Z ^[[2m../precompiled/^[[22m^[[2massets/^[[22m^[[36msplunk-Cf8iN4DR.js                      ^[[39m^[[1m^[[2m  3.96 kB^[[22m^[[1m^[[22m^[[2m │ gzip:   1.69 kB^[[22m^[[2m │ map:     5.13 kB^[[22m
installed-wheel (3.10)	Build and exercise an installed wheel outside the checkout	2026-09-08T05:40:05.9076238Z ^[[2m../precompiled/^[[22m^[[2massets/^[[22m^[[36mglsl-DBO2IWDn.js                        ^[[39m^[[1m^[[2m  3.98 kB^[[22m^[[1m^[[22m^[[2m │ gzip:   1.46 kB^[[22m^[[2m │ map:     4.67 kB^[[22m
installed-wheel (3.10)	Build and exercise an installed wheel outside the checkout	2026-09-08T05:40:05.9078288Z ^[[2m../precompiled/^[[22m^[[2massets/^[[22m^[[36mnextflow-B0XVJmRM.js                    ^[[39m^[[1m^[[2m  4.00 kB^[[22m^[[1m^[[22m^[[2m │ gzip:   1.13 kB^[[22m^[[2m │ map:     5.94 kB^[[22m
installed-wheel (3.10)	Build and exercise an installed wheel outside the checkout	2026-09-08T05:40:05.9080239Z ^[[2m../precompiled/^[[22m^[[2massets/^[[22m^[[36msdbl-BLhTXw86.js                        ^[[39m^[[1m^[[2m  4.18 kB^[[22m^[[1m^[[22m^[[2m │ gzip:   2.15 kB^[[22m^[[2m │ map:     5.48 kB^[[22m
installed-wheel (3.10)	Build and exercise an installed wheel outside the checkout	2026-09-08T05:40:05.9082196Z ^[[2m../precompiled/^[[22m^[[2massets/^[[22m^[[36mpascal-JqZropPD.js                      ^[[39m^[[1m^[[2m  4.22 kB^[[22m^[[1m^[[22m^[[2m │ gzip:   1.71 kB^[[22m^[[2m │ map:     5.55 kB^[[22m
installed-wheel (3.10)	Build and exercise an installed wheel outside the checkout	2026-09-08T05:40:05.9084165Z ^[[2m../precompiled/^[[22m^[[2massets/^[[22m^[[36msmalltalk-DkLiglaE.js                   ^[[39m^[[1m^[[2m  4.25 kB^[[22m^[[1m^[[22m^[[2m │ gzip:   1.29 kB^[[22m^[[2m │ map:     6.06 kB^[[22m
installed-wheel (3.10)	Build and exercise an installed wheel outside the checkout	2026-09-08T05:40:05.9086334Z ^[[2m../precompiled/^[[22m^[[2massets/^[[22m^[[36mlean-XBlWyCtg.js                        ^[[39m^[[1m^[[2m  4.34 kB^[[22m^[[1m^[[22m^[[2m │ gzip:   1.36 kB^[[22m^[[2m │ map:     6.22 kB^[[22m
installed-wheel (3.10)	Build and exercise an installed wheel outside the checkout	2026-09-08T05:40:05.9088335Z ^[[2m../precompiled/^[[22m^[[2massets/^[[22m^[[36mzenscript-HnGAYVZD.js                   ^[[39m^[[1m^[[2m  4.44 kB^[[22m^[[1m^[[22m^[[2m │ gzip:   1.46 kB^[[22m^[[2m │ map:     6.46 kB^[[22m
installed-wheel (3.10)	Build and exercise an installed wheel outside the checkout	2026-09-08T05:40:05.9090319Z ^[[2m../precompiled/^[[22m^[[2massets/^[[22m^[[36mbicep-DHo0CJ0O.js                       ^[[39m^[[1m^[[2m  4.50 kB^[[22m^[[1m^[[22m^[[2m │ gzip:   1.11 kB^[[22m^[[2m │ map:     6.69 kB^[[22m
installed-wheel (3.10)	Build and exercise an installed wheel outside the checkout	2026-09-08T05:40:05.9092256Z ^[[2m../precompiled/^[[22m^[[2massets/^[[22m^[[36mhttp-FRrOvY1W.js                        ^[[39m^[[1m^[[2m  4.70 kB^[[22m^[[1m^[[22m^[[2m │ gzip:   1.17 kB^[[22m^[[2m │ map:     6.84 kB^[[22m
installed-wheel (3.10)	Build and exercise an installed wheel outside the checkout	2026-09-08T05:40:05.9094233Z ^[[2m../precompiled/^[[22m^[[2massets/^[[22m^[[36mpolar-DKykz6zU.js                       ^[[39m^[[1m^[[2m  4.72 kB^[[22m^[[1m^[[22m^[[2m │ gzip:   1.21 kB^[[22m^[[2m │ map:     7.23 kB^[[22m
installed-wheel (3.10)	Build and exercise an installed wheel outside the checkout	2026-09-08T05:40:05.9096453Z ^[[2m../precompiled/^[[22m^[[2massets/^[[22m^[[36mfennel-bCA53EVm.js                      ^[[39m^[[1m^[[2m  4.87 kB^[[22m^[[1m^[[22m^[[2m │ gzip:   1.59 kB^[[22m^[[2m │ map:     6.51 kB^[[22m
installed-wheel (3.10)	Build and exercise an installed wheel outside the checkout	2026-09-08T05:40:05.9098431Z ^[[2m../precompiled/^[[22m^[[2massets/^[[22m^[[36mtcl-DQ1-QYvQ.js                         ^[[39m^[[1m^[[2m  5.06 kB^[[22m^[[1m^[[22m^[[2m │ gzip:   1.73 kB^[[22m^[[2m │ map:     7.21 kB^[[22m
installed-wheel (3.10)	Build and exercise an installed wheel outside the checkout	2026-09-08T05:40:05.9100381Z ^[[2m../precompiled/^[[22m^[[2massets/^[[22m^[[36mbibtex-xW4inM5L.js                      ^[[39m^[[1m^[[2m  5.12 kB^[[22m^[[1m^[[22m^[[2m │ gzip:   0.84 kB^[[22m^[[2m │ map:     7.44 kB^[[22m
installed-wheel (3.10)	Build and exercise an installed wheel outside the checkout	2026-09-08T05:40:05.9102348Z ^[[2m../precompiled/^[[22m^[[2massets/^[[22m^[[36mfish-w-ucz2PV.js                        ^[[39m^[[1m^[[2m  5.43 kB^[[22m^[[1m^[[22m^[[2m │ gzip:   1.72 kB^[[22m^[[2m │ map:     7.11 kB^[[22m
installed-wheel (3.10)	Build and exercise an installed wheel outside the checkout	2026-09-08T05:40:05.9104297Z ^[[2m../precompiled/^[[22m^[[2massets/^[[22m^[[36mxml-e3z08dGr.js                         ^[[39m^[[1m^[[2m  5.45 kB^[[22m^[[1m^[[22m^[[2m │ gzip:   1.26 kB^[[22m^[[2m │ map:     7.85 kB^[[22m
installed-wheel (3.10)	Build and exercise an installed wheel outside the checkout	2026-09-08T05:40:05.9106394Z ^[[2m../precompiled/^[[22m^[[2massets/^[[22m^[[36mqml-D8XfuvdV.js                         ^[[39m^[[1m^[[2m  5.47 kB^[[22m^[[1m^[[22m^[[2m │ gzip:   1.42 kB^[[22m^[[2m │ map:     8.28 kB^[[22m
installed-wheel (3.10)	Build and exercise an installed wheel outside the checkout	2026-09-08T05:40:05.9108704Z ^[[2m../precompiled/^[[22m^[[2massets/^[[22m^[[36mzig-BVz_zdnA.js                         ^[[39m^[[1m^[[2m  5.50 kB^[[22m^[[1m^[[22m^[[2m │ gzip:   1.63 kB^[[22m^[[2m │ map:     7.97 kB^[[22m
installed-wheel (3.10)	Build and exercise an installed wheel outside the checkout	2026-09-08T05:40:05.9110692Z ^[[2m../precompiled/^[[22m^[[2massets/^[[22m^[[36mgdresource-BHYsBjWJ.js                  ^[[39m^[[1m^[[2m  5.52 kB^[[22m^[[1m^[[22m^[[2m │ gzip:   1.40 kB^[[22m^[[2m │ map:     7.98 kB^[[22m
installed-wheel (3.10)	Build and exercise an installed wheel outside the checkout	2026-09-08T05:40:05.9112652Z ^[[2m../precompiled/^[[22m^[[2massets/^[[22m^[[36mawk-eg146-Ew.js                         ^[[39m^[[1m^[[2m  5.54 kB^[[22m^[[1m^[[22m^[[2m │ gzip:   1.42 kB^[[22m^[[2m │ map:     8.03 kB^[[22m
installed-wheel (3.10)	Build and exercise an installed wheel outside the checkout	2026-09-08T05:40:05.9114577Z ^[[2m../precompiled/^[[22m^[[2massets/^[[22m^[[36mdax-ClGRhx96.js                         ^[[39m^[[1m^[[2m  5.57 kB^[[22m^[[1m^[[22m^[[2m │ gzip:   2.31 kB^[[22m^[[2m │ map:     6.95 kB^[[22m
installed-wheel (3.10)	Build and exercise an installed wheel outside the checkout	2026-09-08T05:40:05.9116665Z ^[[2m../precompiled/^[[22m^[[2massets/^[[22m^[[36mjinja-DGy0s7-h.js                       ^[[39m^[[1m^[[2m  5.77 kB^[[22m^[[1m^[[22m^[[2m │ gzip:   1.45 kB^[[22m^[[2m │ map:     8.46 kB^[[22m
installed-wheel (3.10)	Build and exercise an installed wheel outside the checkout	2026-09-08T05:40:05.9118681Z ^[[2m../precompiled/^[[22m^[[2massets/^[[22m^[[36mpowerquery-CSHBycmS.js                  ^[[39m^[[1m^[[2m  5.98 kB^[[22m^[[1m^[[22m^[[2m │ gzip:   1.55 kB^[[22m^[[2m │ map:     8.55 kB^[[22m
installed-wheel (3.10)	Build and exercise an installed wheel outside the checkout	2026-09-08T05:40:05.9120584Z ^[[2m../precompiled/^[[22m^[[2massets/^[[22m^[[36mverilog-CJaU5se_.js                     ^[[39m^[[1m^[[2m  5.98 kB^[[22m^[[1m^[[22m^[[2m │ gzip:   1.93 kB^[[22m^[[2m │ map:     8.01 kB^[[22m
installed-wheel (3.10)	Build and exercise an installed wheel outside the checkout	2026-09-08T05:40:05.9122569Z ^[[2m../precompiled/^[[22m^[[2massets/^[[22m^[[36mcoq-Dsg_Bt_b.js                         ^[[39m^[[1m^[[2m  6.03 kB^[[22m^[[1m^[[22m^[[2m │ gzip:   2.06 kB^[[22m^[[2m │ map:     8.18 kB^[[22m
installed-wheel (3.10)	Build and exercise an installed wheel outside the checkout	2026-09-08T05:40:05.9124547Z ^[[2m../precompiled/^[[22m^[[2massets/^[[22m^[[36mvb-CdO5JTpU.js                          ^[[39m^[[1m^[[2m  6.30 kB^[[22m^[[1m^[[22m^[[2m │ gzip:   2.40 kB^[[22m^[[2m │ map:     8.25 kB^[[22m
installed-wheel (3.10)	Build and exercise an installed wheel outside the checkout	2026-09-08T05:40:05.9126688Z ^[[2m../precompiled/^[[22m^[[2massets/^[[22m^[[36mred-bN70gL4F.js                         ^[[39m^[[1m^[[2m  6.30 kB^[[22m^[[1m^[[22m^[[2m │ gzip:   1.64 kB^[[22m^[[2m │ map:     8.85 kB^[[22m
installed-wheel (3.10)	Build and exercise an installed wheel outside the checkout	2026-09-08T05:40:05.9128690Z ^[[2m../precompiled/^[[22m^[[2massets/^[[22m^[[36mshaderlab-B7qAK45m.js                   ^[[39m^[[1m^[[2m  6.32 kB^[[22m^[[1m^[[22m^[[2m │ gzip:   2.13 kB^[[22m^[[2m │ map:     8.03 kB^[[22m
installed-wheel (3.10)	Build and exercise an installed wheel outside the checkout	2026-09-08T05:40:05.9130693Z ^[[2m../precompiled/^[[22m^[[2massets/^[[22m^[[36mmin-dark-CafNBF8u.js                    ^[[39m^[[1m^[[2m  6.34 kB^[[22m^[[1m^[[22m^[[2m │ gzip:   1.75 kB^[[22m^[[2m │ map:     8.59 kB^[[22m
installed-wheel (3.10)	Build and exercise an installed wheel outside the checkout	2026-09-08T05:40:05.9132704Z ^[[2m../precompiled/^[[22m^[[2massets/^[[22m^[[36mgdshader-SKMF96pI.js                    ^[[39m^[[1m^[[2m  6.42 kB^[[22m^[[1m^[[22m^[[2m │ gzip:   1.79 kB^[[22m^[[2m │ map:     9.22 kB^[[22m
installed-wheel (3.10)	Build and exercise an installed wheel outside the checkout	2026-09-08T05:40:05.9134774Z ^[[2m../precompiled/^[[22m^[[2massets/^[[22m^[[36mprisma-B48N-Iqd.js                      ^[[39m^[[1m^[[2m  6.43 kB^[[22m^[[1m^[[22m^[[2m │ gzip:   1.43 kB^[[22m^[[2m │ map:     9.35 kB^[[22m
installed-wheel (3.10)	Build and exercise an installed wheel outside the checkout	2026-09-08T05:40:05.9137314Z ^[[2m../precompiled/^[[22m^[[2massets/^[[22m^[[36mwgsl-CB0Krxn9.js                        ^[[39m^[[1m^[[2m  6.53 kB^[[22m^[[1m^[[22m^[[2m │ gzip:   1.74 kB^[[22m^[[2m │ map:     9.36 kB^[[22m
installed-wheel (3.10)	Build and exercise an installed wheel outside the checkout	2026-09-08T05:40:05.9139379Z ^[[2m../precompiled/^[[22m^[[2massets/^[[22m^[[36msolarized-light-L9t79GZl.js             ^[[39m^[[1m^[[2m  6.53 kB^[[22m^[[1m^[[22m^[[2m │ gzip:   1.77 kB^[[22m^[[2m │ map:     9.21 kB^[[22m
installed-wheel (3.10)	Build and exercise an installed wheel outside the checkout	2026-09-08T05:40:05.9141408Z ^[[2m../precompiled/^[[22m^[[2massets/^[[22m^[[36mpostcss-B3ZDOciz.js                     ^[[39m^[[1m^[[2m  6.56 kB^[[22m^[[1m^[[22m^[[2m │ gzip:   1.97 kB^[[22m^[[2m │ map:     9.26 kB^[[22m
installed-wheel (3.10)	Build and exercise an installed wheel outside the checkout	2026-09-08T05:40:05.9143378Z ^[[2m../precompiled/^[[22m^[[2massets/^[[22m^[[36mtoml-CB2ApiWb.js                        ^[[39m^[[1m^[[2m  6.58 kB^[[22m^[[1m^[[22m^[[2m │ gzip:   1.34 kB^[[22m^[[2m │ map:     9.58 kB^[[22m
installed-wheel (3.10)	Build and exercise an installed wheel outside the checkout	2026-09-08T05:40:05.9145513Z ^[[2m../precompiled/^[[22m^[[2massets/^[[22m^[[36mproto-zocC4JxJ.js                       ^[[39m^[[1m^[[2m  6.62 kB^[[22m^[[1m^[[22m^[[2m │ gzip:   1.46 kB^[[22m^[[2m │ map:     9.92 kB^[[22m
installed-wheel (3.10)	Build and exercise an installed wheel outside the checkout	2026-09-08T05:40:05.9147544Z ^[[2m../precompiled/^[[22m^[[2massets/^[[22m^[[36mtalonscript-C1XDQQGZ.js                 ^[[39m^[[1m^[[2m  6.75 kB^[[22m^[[1m^[[22m^[[2m │ gzip:   1.51 kB^[[22m^[[2m │ map:    10.06 kB^[[22m
installed-wheel (3.10)	Build and exercise an installed wheel outside the checkout	2026-09-08T05:40:05.9149946Z ^[[2m../precompiled/^[[22m^[[2massets/^[[22m^[[36mcypher-m2LEI-9-.js                      ^[[39m^[[1m^[[2m  6.86 kB^[[22m^[[1m^[[22m^[[2m │ gzip:   1.87 kB^[[22m^[[2m │ map:     9.41 kB^[[22m
installed-wheel (3.10)	Build and exercise an installed wheel outside the checkout	2026-09-08T05:40:05.9151978Z ^[[2m../precompiled/^[[22m^[[2massets/^[[22m^[[36msolarized-dark-DXbdFlpD.js              ^[[39m^[[1m^[[2m  6.90 kB^[[22m^[[1m^[[22m^[[2m │ gzip:   1.83 kB^[[22m^[[2m │ map:     9.67 kB^[[22m
installed-wheel (3.10)	Build and exercise an installed wheel outside the checkout	2026-09-08T05:40:05.9154010Z ^[[2m../precompiled/^[[22m^[[2massets/^[[22m^[[36msoy-C-lX7w71.js                         ^[[39m^[[1m^[[2m  6.99 kB^[[22m^[[1m^[[22m^[[2m │ gzip:   1.71 kB^[[22m^[[2m │ map:    10.61 kB^[[22m
installed-wheel (3.10)	Build and exercise an installed wheel outside the checkout	2026-09-08T05:40:05.9156127Z ^[[2m../precompiled/^[[22m^[[2massets/^[[22m^[[36mmin-light-CTRr51gU.js                   ^[[39m^[[1m^[[2m  7.02 kB^[[22m^[[1m^[[22m^[[2m │ gzip:   1.92 kB^[[22m^[[2m │ map:     9.51 kB^[[22m
installed-wheel (3.10)	Build and exercise an installed wheel outside the checkout	2026-09-08T05:40:05.9158153Z ^[[2m../precompiled/^[[22m^[[2massets/^[[22m^[[36mclojure-DxSadP1t.js                     ^[[39m^[[1m^[[2m  7.12 kB^[[22m^[[1m^[[22m^[[2m │ gzip:   1.52 kB^[[22m^[[2m │ map:    10.55 kB^[[22m
installed-wheel (3.10)	Build and exercise an installed wheel outside the checkout	2026-09-08T05:40:05.9160121Z ^[[2m../precompiled/^[[22m^[[2massets/^[[22m^[[36mara-7O62HKoU.js                         ^[[39m^[[1m^[[2m  7.29 kB^[[22m^[[1m^[[22m^[[2m │ gzip:   2.16 kB^[[22m^[[2m │ map:    10.37 kB^[[22m
installed-wheel (3.10)	Build and exercise an installed wheel outside the checkout	2026-09-08T05:40:05.9162075Z ^[[2m../precompiled/^[[22m^[[2massets/^[[22m^[[36mhlsl-ifBTmRxC.js                        ^[[39m^[[1m^[[2m  7.65 kB^[[22m^[[1m^[[22m^[[2m │ gzip:   2.27 kB^[[22m^[[2m │ map:     9.59 kB^[[22m
installed-wheel (3.10)	Build and exercise an installed wheel outside the checkout	2026-09-08T05:40:05.9164053Z ^[[2m../precompiled/^[[22m^[[2massets/^[[22m^[[36mriscv-QhoSD0DR.js                       ^[[39m^[[1m^[[2m  7.75 kB^[[22m^[[1m^[[22m^[[2m │ gzip:   2.25 kB^[[22m^[[2m │ map:    10.64 kB^[[22m
installed-wheel (3.10)	Build and exercise an installed wheel outside the checkout	2026-09-08T05:40:05.9166148Z ^[[2m../precompiled/^[[22m^[[2massets/^[[22m^[[36mqss-DhMKtDLN.js                         ^[[39m^[[1m^[[2m  7.86 kB^[[22m^[[1m^[[22m^[[2m │ gzip:   2.63 kB^[[22m^[[2m │ map:     9.73 kB^[[22m
installed-wheel (3.10)	Build and exercise an installed wheel outside the checkout	2026-09-08T05:40:05.9168124Z ^[[2m../precompiled/^[[22m^[[2massets/^[[22m^[[36mmonokai-D4h5O-jR.js                     ^[[39m^[[1m^[[2m  7.93 kB^[[22m^[[1m^[[22m^[[2m │ gzip:   1.94 kB^[[22m^[[2m │ map:    11.07 kB^[[22m
installed-wheel (3.10)	Build and exercise an installed wheel outside the checkout	2026-09-08T05:40:05.9170123Z ^[[2m../precompiled/^[[22m^[[2massets/^[[22m^[[36mdart-B9wLZaAG.js                        ^[[39m^[[1m^[[2m  7.93 kB^[[22m^[[1m^[[22m^[[2m │ gzip:   1.96 kB^[[22m^[[2m │ map:    11.65 kB^[[22m
installed-wheel (3.10)	Build and exercise an installed wheel outside the checkout	2026-09-08T05:40:05.9172074Z ^[[2m../precompiled/^[[22m^[[2massets/^[[22m^[[36msystemd-CUnW07Te.js                     ^[[39m^[[1m^[[2m  8.04 kB^[[22m^[[1m^[[22m^[[2m │ gzip:   2.61 kB^[[22m^[[2m │ map:    10.81 kB^[[22m
installed-wheel (3.10)	Build and exercise an installed wheel outside the checkout	2026-09-08T05:40:05.9174045Z ^[[2m../precompiled/^[[22m^[[2massets/^[[22m^[[36mregexp-DWJ3fJO_.js                      ^[[39m^[[1m^[[2m  8.11 kB^[[22m^[[1m^[[22m^[[2m │ gzip:   1.49 kB^[[22m^[[2m │ map:    11.26 kB^[[22m
installed-wheel (3.10)	Build and exercise an installed wheel outside the checkout	2026-09-08T05:40:05.9176156Z ^[[2m../precompiled/^[[22m^[[2massets/^[[22m^[[36mhaml-B2EZWmdv.js                        ^[[39m^[[1m^[[2m  8.53 kB^[[22m^[[1m^[[22m^[[2m │ gzip:   1.91 kB^[[22m^[[2m │ map:    12.74 kB^[[22m
installed-wheel (3.10)	Build and exercise an installed wheel outside the checkout	2026-09-08T05:40:05.9178157Z ^[[2m../precompiled/^[[22m^[[2massets/^[[22m^[[36mtypst-BVUVsWT6.js                       ^[[39m^[[1m^[[2m  8.60 kB^[[22m^[[1m^[[22m^[[2m │ gzip:   1.74 kB^[[22m^[[2m │ map:    12.54 kB^[[22m
installed-wheel (3.10)	Build and exercise an installed wheel outside the checkout	2026-09-08T05:40:05.9180125Z ^[[2m../precompiled/^[[22m^[[2massets/^[[22m^[[36mplsql-LKU2TuZ1.js                       ^[[39m^[[1m^[[2m  8.61 kB^[[22m^[[1m^[[22m^[[2m │ gzip:   3.04 kB^[[22m^[[2m │ map:    10.94 kB^[[22m
installed-wheel (3.10)	Build and exercise an installed wheel outside the checkout	2026-09-08T05:40:05.9182119Z ^[[2m../precompiled/^[[22m^[[2massets/^[[22m^[[36mvue-html-xdeiXROB.js                    ^[[39m^[[1m^[[2m  8.74 kB^[[22m^[[1m^[[22m^[[2m │ gzip:   1.81 kB^[[22m^[[2m │ map:    12.07 kB^[[22m
installed-wheel (3.10)	Build and exercise an installed wheel outside the checkout	2026-09-08T05:40:05.9184121Z ^[[2m../precompiled/^[[22m^[[2massets/^[[22m^[[36mscheme-BJGe-b2p.js                      ^[[39m^[[1m^[[2m  8.76 kB^[[22m^[[1m^[[22m^[[2m │ gzip:   2.63 kB^[[22m^[[2m │ map:    11.81 kB^[[22m
installed-wheel (3.10)	Build and exercise an installed wheel outside the checkout	2026-09-08T05:40:05.9186236Z ^[[2m../precompiled/^[[22m^[[2massets/^[[22m^[[36mkotlin-B5lbUyaz.js                      ^[[39m^[[1m^[[2m  8.86 kB^[[22m^[[1m^[[22m^[[2m │ gzip:   2.18 kB^[[22m^[[2m │ map:    12.82 kB^[[22m
installed-wheel (3.10)	Build and exercise an installed wheel outside the checkout	2026-09-08T05:40:05.9188227Z ^[[2m../precompiled/^[[22m^[[2massets/^[[22m^[[36mandromeeda-C3khCPGq.js                  ^[[39m^[[1m^[[2m  8.91 kB^[[22m^[[1m^[[22m^[[2m │ gzip:   2.34 kB^[[22m^[[2m │ map:    11.73 kB^[[22m
installed-wheel (3.10)	Build and exercise an installed wheel outside the checkout	2026-09-08T05:40:05.9190563Z ^[[2m../precompiled/^[[22m^[[2massets/^[[22m^[[36mmake-Bvotw-X0.js                        ^[[39m^[[1m^[[2m  9.06 kB^[[22m^[[1m^[[22m^[[2m │ gzip:   1.81 kB^[[22m^[[2m │ map:    12.91 kB^[[22m
installed-wheel (3.10)	Build and exercise an installed wheel outside the checkout	2026-09-08T05:40:05.9192556Z ^[[2m../precompiled/^[[22m^[[2massets/^[[22m^[[36mdark-plus-C3mMm8J8.js                   ^[[39m^[[1m^[[2m  9.14 kB^[[22m^[[1m^[[22m^[[2m │ gzip:   2.14 kB^[[22m^[[2m │ map:    12.40 kB^[[22m
installed-wheel (3.10)	Build and exercise an installed wheel outside the checkout	2026-09-08T05:40:05.9194589Z ^[[2m../precompiled/^[[22m^[[2massets/^[[22m^[[36mslack-dark-BthQWCQV.js                  ^[[39m^[[1m^[[2m  9.17 kB^[[22m^[[1m^[[22m^[[2m │ gzip:   2.00 kB^[[22m^[[2m │ map:    12.49 kB^[[22m
installed-wheel (3.10)	Build and exercise an installed wheel outside the checkout	2026-09-08T05:40:05.9196766Z ^[[2m../precompiled/^[[22m^[[2massets/^[[22m^[[36mts-tags-CipyTH0X.js                     ^[[39m^[[1m^[[2m  9.22 kB^[[22m^[[1m^[[22m^[[2m │ gzip:   1.28 kB^[[22m^[[2m │ map:    14.64 kB^[[22m
installed-wheel (3.10)	Build and exercise an installed wheel outside the checkout	2026-09-08T05:40:05.9198821Z ^[[2m../precompiled/^[[22m^[[2massets/^[[22m^[[36mplastic-3e1v2bzS.js                     ^[[39m^[[1m^[[2m  9.34 kB^[[22m^[[1m^[[22m^[[2m │ gzip:   2.01 kB^[[22m^[[2m │ map:    12.46 kB^[[22m
installed-wheel (3.10)	Build and exercise an installed wheel outside the checkout	2026-09-08T05:40:05.9200900Z ^[[2m../precompiled/^[[22m^[[2massets/^[[22m^[[36mtex-rYs2v40G.js                         ^[[39m^[[1m^[[2m  9.41 kB^[[22m^[[1m^[[22m^[[2m │ gzip:   2.98 kB^[[22m^[[2m │ map:    12.00 kB^[[22m
installed-wheel (3.10)	Build and exercise an installed wheel outside the checkout	2026-09-08T05:40:05.9202781Z ^[[2m../precompiled/^[[22m^[[2massets/^[[22m^[[36msass-BJ4Li9vH.js                        ^[[39m^[[1m^[[2m  9.45 kB^[[22m^[[1m^[[22m^[[2m │ gzip:   2.53 kB^[[22m^[[2m │ map:    13.59 kB^[[22m
installed-wheel (3.10)	Build and exercise an installed wheel outside the checkout	2026-09-08T05:40:05.9204800Z ^[[2m../precompiled/^[[22m^[[2massets/^[[22m^[[36mslack-ochin-DqwNpetd.js                 ^[[39m^[[1m^[[2m  9.48 kB^[[22m^[[1m^[[22m^[[2m │ gzip:   2.13 kB^[[22m^[[2m │ map:    13.09 kB^[[22m
installed-wheel (3.10)	Build and exercise an installed wheel outside the checkout	2026-09-08T05:40:05.9206988Z ^[[2m../precompiled/^[[22m^[[2massets/^[[22m^[[36mjison-BqZprYcd.js                       ^[[39m^[[1m^[[2m  9.77 kB^[[22m^[[1m^[[22m^[[2m │ gzip:   1.90 kB^[[22m^[[2m │ map:    14.13 kB^[[22m
installed-wheel (3.10)	Build and exercise an installed wheel outside the checkout	2026-09-08T05:40:05.9208980Z ^[[2m../precompiled/^[[22m^[[2massets/^[[22m^[[36msas-BmTFh92c.js                         ^[[39m^[[1m^[[2m  9.83 kB^[[22m^[[1m^[[22m^[[2m │ gzip:   4.10 kB^[[22m^[[2m │ map:    11.97 kB^[[22m
installed-wheel (3.10)	Build and exercise an installed wheel outside the checkout	2026-09-08T05:40:05.9232065Z ^[[2m../precompiled/^[[22m^[[2massets/^[[22m^[[36mlight-plus-B7mTdjB0.js                  ^[[39m^[[1m^[[2m  9.99 kB^[[22m^[[1m^[[22m^[[2m │ gzip:   2.31 kB^[[22m^[[2m │ map:    13.39 kB^[[22m
installed-wheel (3.10)	Build and exercise an installed wheel outside the checkout	2026-09-08T05:40:05.9234187Z ^[[2m../precompiled/^[[22m^[[2massets/^[[22m^[[36mgherkin--30QC5Em.js                     ^[[39m^[[1m^[[2m 10.16 kB^[[22m^[[1m^[[22m^[[2m │ gzip:   5.17 kB^[[22m^[[2m │ map:    11.28 kB^[[22m
installed-wheel (3.10)	Build and exercise an installed wheel outside the checkout	2026-09-08T05:40:05.9236372Z ^[[2m../precompiled/^[[22m^[[2massets/^[[22m^[[36mcmake-DbXoA79R.js                       ^[[39m^[[1m^[[2m 10.55 kB^[[22m^[[1m^[[22m^[[2m │ gzip:   3.62 kB^[[22m^[[2m │ map:    12.14 kB^[[22m
installed-wheel (3.10)	Build and exercise an installed wheel outside the checkout	2026-09-08T05:40:05.9238377Z ^[[2m../precompiled/^[[22m^[[2massets/^[[22m^[[36mraku-B1bQXN8T.js                        ^[[39m^[[1m^[[2m 10.65 kB^[[22m^[[1m^[[22m^[[2m │ gzip:   2.99 kB^[[22m^[[2m │ map:    13.12 kB^[[22m
installed-wheel (3.10)	Build and exercise an installed wheel outside the checkout	2026-09-08T05:40:05.9240414Z ^[[2m../precompiled/^[[22m^[[2massets/^[[22m^[[36mdream-maker-C-nORZOA.js                 ^[[39m^[[1m^[[2m 10.66 kB^[[22m^[[1m^[[22m^[[2m │ gzip:   2.34 kB^[[22m^[[2m │ map:    15.33 kB^[[22m
installed-wheel (3.10)	Build and exercise an installed wheel outside the checkout	2026-09-08T05:40:05.9242445Z ^[[2m../precompiled/^[[22m^[[2massets/^[[22m^[[36mrst-4NLicBqY.js                         ^[[39m^[[1m^[[2m 10.69 kB^[[22m^[[1m^[[22m^[[2m │ gzip:   2.45 kB^[[22m^[[2m │ map:    15.54 kB^[[22m
installed-wheel (3.10)	Build and exercise an installed wheel outside the checkout	2026-09-08T05:40:05.9244443Z ^[[2m../precompiled/^[[22m^[[2massets/^[[22m^[[36mbeancount-BwXTMy5W.js                   ^[[39m^[[1m^[[2m 10.80 kB^[[22m^[[1m^[[22m^[[2m │ gzip:   1.56 kB^[[22m^[[2m │ map:    15.67 kB^[[22m
installed-wheel (3.10)	Build and exercise an installed wheel outside the checkout	2026-09-08T05:40:05.9246595Z ^[[2m../precompiled/^[[22m^[[2massets/^[[22m^[[36myaml-CVw76BM1.js                        ^[[39m^[[1m^[[2m 10.84 kB^[[22m^[[1m^[[22m^[[2m │ gzip:   2.33 kB^[[22m^[[2m │ map:    15.27 kB^[[22m
installed-wheel (3.10)	Build and exercise an installed wheel outside the checkout	2026-09-08T05:40:05.9248627Z ^[[2m../precompiled/^[[22m^[[2massets/^[[22m^[[36mcadence-DNquZEk8.js                     ^[[39m^[[1m^[[2m 11.08 kB^[[22m^[[1m^[[22m^[[2m │ gzip:   2.36 kB^[[22m^[[2m │ map:    15.86 kB^[[22m
installed-wheel (3.10)	Build and exercise an installed wheel outside the checkout	2026-09-08T05:40:05.9251023Z ^[[2m../precompiled/^[[22m^[[2massets/^[[22m^[[36mgithub-light-DAi9KRSo.js                ^[[39m^[[1m^[[2m 11.23 kB^[[22m^[[1m^[[22m^[[2m │ gzip:   2.54 kB^[[22m^[[2m │ map:    15.39 kB^[[22m
installed-wheel (3.10)	Build and exercise an installed wheel outside the checkout	2026-09-08T05:40:05.9253263Z ^[[2m../precompiled/^[[22m^[[2massets/^[[22m^[[36melm-CmHSxxaM.js                         ^[[39m^[[1m^[[2m 11.33 kB^[[22m^[[1m^[[22m^[[2m │ gzip:   2.26 kB^[[22m^[[2m │ map:    16.51 kB^[[22m
installed-wheel (3.10)	Build and exercise an installed wheel outside the checkout	2026-09-08T05:40:05.9255401Z ^[[2m../precompiled/^[[22m^[[2massets/^[[22m^[[36mgithub-dark-DHJKELXO.js                 ^[[39m^[[1m^[[2m 11.45 kB^[[22m^[[1m^[[22m^[[2m │ gzip:   2.59 kB^[[22m^[[2m │ map:    15.66 kB^[[22m
installed-wheel (3.10)	Build and exercise an installed wheel outside the checkout	2026-09-08T05:40:05.9257257Z ^[[2m../precompiled/^[[22m^[[2massets/^[[22m^[[36mprolog-BY-TUvya.js                      ^[[39m^[[1m^[[2m 11.48 kB^[[22m^[[1m^[[22m^[[2m │ gzip:   3.88 kB^[[22m^[[2m │ map:    13.39 kB^[[22m
installed-wheel (3.10)	Build and exercise an installed wheel outside the checkout	2026-09-08T05:40:05.9259120Z ^[[2m../precompiled/^[[22m^[[2massets/^[[22m^[[36mlaserwave-DUszq2jm.js                   ^[[39m^[[1m^[[2m 11.55 kB^[[22m^[[1m^[[22m^[[2m │ gzip:   2.61 kB^[[22m^[[2m │ map:    14.68 kB^[[22m
installed-wheel (3.10)	Build and exercise an installed wheel outside the checkout	2026-09-08T05:40:05.9260992Z ^[[2m../precompiled/^[[22m^[[2massets/^[[22m^[[36mpuppet-Cza_XSSt.js                      ^[[39m^[[1m^[[2m 11.79 kB^[[22m^[[1m^[[22m^[[2m │ gzip:   2.27 kB^[[22m^[[2m │ map:    16.67 kB^[[22m
installed-wheel (3.10)	Build and exercise an installed wheel outside the checkout	2026-09-08T05:40:05.9262866Z ^[[2m../precompiled/^[[22m^[[2massets/^[[22m^[[36mhcl-HzYwdGDm.js                         ^[[39m^[[1m^[[2m 12.01 kB^[[22m^[[1m^[[22m^[[2m │ gzip:   2.54 kB^[[22m^[[2m │ map:    17.30 kB^[[22m
installed-wheel (3.10)	Build and exercise an installed wheel outside the checkout	2026-09-08T05:40:05.9264754Z ^[[2m../precompiled/^[[22m^[[2massets/^[[22m^[[36mhandlebars-BQGss363.js                  ^[[39m^[[1m^[[2m 12.31 kB^[[22m^[[1m^[[22m^[[2m │ gzip:   2.43 kB^[[22m^[[2m │ map:    17.55 kB^[[22m
installed-wheel (3.10)	Build and exercise an installed wheel outside the checkout	2026-09-08T05:40:05.9266835Z ^[[2m../precompiled/^[[22m^[[2massets/^[[22m^[[36mhjson-T-Tgc4AT.js                       ^[[39m^[[1m^[[2m 12.37 kB^[[22m^[[1m^[[22m^[[2m │ gzip:   1.71 kB^[[22m^[[2m │ map:    17.72 kB^[[22m
installed-wheel (3.10)	Build and exercise an installed wheel outside the checkout	2026-09-08T05:40:05.9268825Z ^[[2m../precompiled/^[[22m^[[2massets/^[[22m^[[36mvesper-BEBZ7ncR.js                      ^[[39m^[[1m^[[2m 12.71 kB^[[22m^[[1m^[[22m^[[2m │ gzip:   2.01 kB^[[22m^[[2m │ map:    16.10 kB^[[22m
installed-wheel (3.10)	Build and exercise an installed wheel outside the checkout	2026-09-08T05:40:05.9271189Z ^[[2m../precompiled/^[[22m^[[2massets/^[[22m^[[36mluau-Du5NY7AG.js                        ^[[39m^[[1m^[[2m 12.96 kB^[[22m^[[1m^[[22m^[[2m │ gzip:   3.15 kB^[[22m^[[2m │ map:    18.19 kB^[[22m
installed-wheel (3.10)	Build and exercise an installed wheel outside the checkout	2026-09-08T05:40:05.9273359Z ^[[2m../precompiled/^[[22m^[[2massets/^[[22m^[[36mbat-fje9CFhw.js                         ^[[39m^[[1m^[[2m 13.03 kB^[[22m^[[1m^[[22m^[[2m │ gzip:   3.30 kB^[[22m^[[2m │ map:    17.52 kB^[[22m
installed-wheel (3.10)	Build and exercise an installed wheel outside the checkout	2026-09-08T05:40:05.9275562Z ^[[2m../precompiled/^[[22m^[[2massets/^[[22m^[[36mapache-Dn00JSTd.js                      ^[[39m^[[1m^[[2m 13.26 kB^[[22m^[[1m^[[22m^[[2m │ gzip:   3.83 kB^[[22m^[[2m │ map:    16.70 kB^[[22m
installed-wheel (3.10)	Build and exercise an installed wheel outside the checkout	2026-09-08T05:40:05.9277657Z ^[[2m../precompiled/^[[22m^[[2massets/^[[22m^[[36mterraform-BbSNqyBO.js                   ^[[39m^[[1m^[[2m 13.42 kB^[[22m^[[1m^[[22m^[[2m │ gzip:   3.14 kB^[[22m^[[2m │ map:    18.82 kB^[[22m
installed-wheel (3.10)	Build and exercise an installed wheel outside the checkout	2026-09-08T05:40:05.9279720Z ^[[2m../precompiled/^[[22m^[[2massets/^[[22m^[[36mvitesse-light-CVO1_9PV.js               ^[[39m^[[1m^[[2m 13.67 kB^[[22m^[[1m^[[22m^[[2m │ gzip:   3.07 kB^[[22m^[[2m │ map:    18.53 kB^[[22m
installed-wheel (3.10)	Build and exercise an installed wheel outside the checkout	2026-09-08T05:40:05.9281637Z ^[[2m../precompiled/^[[22m^[[2massets/^[[22m^[[36maurora-x-D-2ljcwZ.js                    ^[[39m^[[1m^[[2m 13.71 kB^[[22m^[[1m^[[22m^[[2m │ gzip:   2.32 kB^[[22m^[[2m │ map:    17.55 kB^[[22m
installed-wheel (3.10)	Build and exercise an installed wheel outside the checkout	2026-09-08T05:40:05.9283660Z ^[[2m../precompiled/^[[22m^[[2massets/^[[22m^[[36mvitesse-black-Bkuqu6BP.js               ^[[39m^[[1m^[[2m 13.73 kB^[[22m^[[1m^[[22m^[[2m │ gzip:   3.09 kB^[[22m^[[2m │ map:    18.61 kB^[[22m
installed-wheel (3.10)	Build and exercise an installed wheel outside the checkout	2026-09-08T05:40:05.9286185Z ^[[2m../precompiled/^[[22m^[[2massets/^[[22m^[[36mv-CAQ2eGtk.js                           ^[[39m^[[1m^[[2m 13.78 kB^[[22m^[[1m^[[22m^[[2m │ gzip:   2.88 kB^[[22m^[[2m │ map:    20.15 kB^[[22m
installed-wheel (3.10)	Build and exercise an installed wheel outside the checkout	2026-09-08T05:40:05.9288229Z ^[[2m../precompiled/^[[22m^[[2massets/^[[22m^[[36mvitesse-dark-D0r3Knsf.js                ^[[39m^[[1m^[[2m 13.81 kB^[[22m^[[1m^[[22m^[[2m │ gzip:   3.10 kB^[[22m^[[2m │ map:    18.69 kB^[[22m
installed-wheel (3.10)	Build and exercise an installed wheel outside the checkout	2026-09-08T05:40:05.9290292Z ^[[2m../precompiled/^[[22m^[[2massets/^[[22m^[[36msynthwave-84-CbfX1IO0.js                ^[[39m^[[1m^[[2m 14.09 kB^[[22m^[[1m^[[22m^[[2m │ gzip:   2.90 kB^[[22m^[[2m │ map:    19.07 kB^[[22m
installed-wheel (3.10)	Build and exercise an installed wheel outside the checkout	2026-09-08T05:40:05.9292779Z ^[[2m../precompiled/^[[22m^[[2massets/^[[22m^[[36mgithub-light-default-D7oLnXFd.js        ^[[39m^[[1m^[[2m 14.21 kB^[[22m^[[1m^[[22m^[[2m │ gzip:   3.08 kB^[[22m^[[2m │ map:    19.26 kB^[[22m
installed-wheel (3.10)	Build and exercise an installed wheel outside the checkout	2026-09-08T05:40:05.9295431Z ^[[2m../precompiled/^[[22m^[[2massets/^[[22m^[[36mgithub-light-high-contrast-BfjtVDDH.js  ^[[39m^[[1m^[[2m 14.34 kB^[[22m^[[1m^[[22m^[[2m │ gzip:   3.06 kB^[[22m^[[2m │ map:    19.43 kB^[[22m
installed-wheel (3.10)	Build and exercise an installed wheel outside the checkout	2026-09-08T05:40:05.9297705Z ^[[2m../precompiled/^[[22m^[[2massets/^[[22m^[[36mgithub-dark-dimmed-DH5Ifo-i.js          ^[[39m^[[1m^[[2m 14.49 kB^[[22m^[[1m^[[22m^[[2m │ gzip:   3.16 kB^[[22m^[[2m │ map:    19.63 kB^[[22m
installed-wheel (3.10)	Build and exercise an installed wheel outside the checkout	2026-09-08T05:40:05.9299863Z ^[[2m../precompiled/^[[22m^[[2massets/^[[22m^[[36mgithub-dark-default-Cuk6v7N8.js         ^[[39m^[[1m^[[2m 14.49 kB^[[22m^[[1m^[[22m^[[2m │ gzip:   3.17 kB^[[22m^[[2m │ map:    19.63 kB^[[22m
installed-wheel (3.10)	Build and exercise an installed wheel outside the checkout	2026-09-08T05:40:05.9301991Z ^[[2m../precompiled/^[[22m^[[2massets/^[[22m^[[36mclarity-BHOwM8T6.js                     ^[[39m^[[1m^[[2m 14.60 kB^[[22m^[[1m^[[22m^[[2m │ gzip:   2.52 kB^[[22m^[[2m │ map:    20.52 kB^[[22m
installed-wheel (3.10)	Build and exercise an installed wheel outside the checkout	2026-09-08T05:40:05.9304065Z ^[[2m../precompiled/^[[22m^[[2massets/^[[22m^[[36mactionscript-3-D_z4Izcz.js              ^[[39m^[[1m^[[2m 14.61 kB^[[22m^[[1m^[[22m^[[2m │ gzip:   2.83 kB^[[22m^[[2m │ map:    20.59 kB^[[22m
installed-wheel (3.10)	Build and exercise an installed wheel outside the checkout	2026-09-08T05:40:05.9306508Z ^[[2m../precompiled/^[[22m^[[2massets/^[[22m^[[36mgithub-dark-high-contrast-E3gJ1_iC.js   ^[[39m^[[1m^[[2m 14.66 kB^[[22m^[[1m^[[22m^[[2m │ gzip:   3.12 kB^[[22m^[[2m │ map:    19.86 kB^[[22m
installed-wheel (3.10)	Build and exercise an installed wheel outside the checkout	2026-09-08T05:40:05.9308654Z ^[[2m../precompiled/^[[22m^[[2massets/^[[22m^[[36mpug-CM9l7STV.js                         ^[[39m^[[1m^[[2m 14.93 kB^[[22m^[[1m^[[22m^[[2m │ gzip:   2.94 kB^[[22m^[[2m │ map:    21.86 kB^[[22m
installed-wheel (3.10)	Build and exercise an installed wheel outside the checkout	2026-09-08T05:40:05.9310689Z ^[[2m../precompiled/^[[22m^[[2massets/^[[22m^[[36mgnuplot-CM8KxXT1.js                     ^[[39m^[[1m^[[2m 14.96 kB^[[22m^[[1m^[[22m^[[2m │ gzip:   3.33 kB^[[22m^[[2m │ map:    20.95 kB^[[22m
installed-wheel (3.10)	Build and exercise an installed wheel outside the checkout	2026-09-08T05:40:05.9312720Z ^[[2m../precompiled/^[[22m^[[2massets/^[[22m^[[36mayu-dark-Cv9koXgw.js                    ^[[39m^[[1m^[[2m 15.00 kB^[[22m^[[1m^[[22m^[[2m │ gzip:   3.12 kB^[[22m^[[2m │ map:    20.25 kB^[[22m
installed-wheel (3.10)	Build and exercise an installed wheel outside the checkout	2026-09-08T05:40:05.9314721Z ^[[2m../precompiled/^[[22m^[[2massets/^[[22m^[[36mnix-shcSOmrb.js                         ^[[39m^[[1m^[[2m 15.59 kB^[[22m^[[1m^[[22m^[[2m │ gzip:   2.38 kB^[[22m^[[2m │ map:    23.12 kB^[[22m
installed-wheel (3.10)	Build and exercise an installed wheel outside the checkout	2026-09-08T05:40:05.9316934Z ^[[2m../precompiled/^[[22m^[[2massets/^[[22m^[[36mlua-CvWAzNxB.js                         ^[[39m^[[1m^[[2m 15.66 kB^[[22m^[[1m^[[22m^[[2m │ gzip:   3.19 kB^[[22m^[[2m │ map:    22.37 kB^[[22m
installed-wheel (3.10)	Build and exercise an installed wheel outside the checkout	2026-09-08T05:40:05.9318935Z ^[[2m../precompiled/^[[22m^[[2massets/^[[22m^[[36mwasm-C6j12Q_x.js                        ^[[39m^[[1m^[[2m 15.97 kB^[[22m^[[1m^[[22m^[[2m │ gzip:   2.94 kB^[[22m^[[2m │ map:    21.83 kB^[[22m
installed-wheel (3.10)	Build and exercise an installed wheel outside the checkout	2026-09-08T05:40:05.9320938Z ^[[2m../precompiled/^[[22m^[[2massets/^[[22m^[[36msolidity-C1w2a3ep.js                    ^[[39m^[[1m^[[2m 16.28 kB^[[22m^[[1m^[[22m^[[2m │ gzip:   3.16 kB^[[22m^[[2m │ map:    23.71 kB^[[22m
installed-wheel (3.10)	Build and exercise an installed wheel outside the checkout	2026-09-08T05:40:05.9322987Z ^[[2m../precompiled/^[[22m^[[2massets/^[[22m^[[36msvelte-MSaWC3Je.js                      ^[[39m^[[1m^[[2m 16.93 kB^[[22m^[[1m^[[22m^[[2m │ gzip:   3.00 kB^[[22m^[[2m │ map:    23.75 kB^[[22m
installed-wheel (3.10)	Build and exercise an installed wheel outside the checkout	2026-09-08T05:40:05.9325261Z ^[[2m../precompiled/^[[22m^[[2massets/^[[22m^[[36mpurescript-Bg-kzb6g.js                  ^[[39m^[[1m^[[2m 17.11 kB^[[22m^[[1m^[[22m^[[2m │ gzip:   2.69 kB^[[22m^[[2m │ map:    24.09 kB^[[22m
installed-wheel (3.10)	Build and exercise an installed wheel outside the checkout	2026-09-08T05:40:05.9327353Z ^[[2m../precompiled/^[[22m^[[2massets/^[[22m^[[36mkanagawa-wave-DWedfzmr.js               ^[[39m^[[1m^[[2m 17.17 kB^[[22m^[[1m^[[22m^[[2m │ gzip:   2.96 kB^[[22m^[[2m │ map:    22.25 kB^[[22m
installed-wheel (3.10)	Build and exercise an installed wheel outside the checkout	2026-09-08T05:40:05.9329456Z ^[[2m../precompiled/^[[22m^[[2massets/^[[22m^[[36mkanagawa-lotus-CfQXZHmo.js              ^[[39m^[[1m^[[2m 17.18 kB^[[22m^[[1m^[[22m^[[2m │ gzip:   2.97 kB^[[22m^[[2m │ map:    22.26 kB^[[22m
installed-wheel (3.10)	Build and exercise an installed wheel outside the checkout	2026-09-08T05:40:05.9331508Z ^[[2m../precompiled/^[[22m^[[2massets/^[[22m^[[36mkanagawa-dragon-CkXjmgJE.js             ^[[39m^[[1m^[[2m 17.18 kB^[[22m^[[1m^[[22m^[[2m │ gzip:   2.98 kB^[[22m^[[2m │ map:    22.26 kB^[[22m
installed-wheel (3.10)	Build and exercise an installed wheel outside the checkout	2026-09-08T05:40:05.9333581Z ^[[2m../precompiled/^[[22m^[[2massets/^[[22m^[[36mliquid-D3W5UaiH.js                      ^[[39m^[[1m^[[2m 17.21 kB^[[22m^[[1m^[[22m^[[2m │ gzip:   3.12 kB^[[22m^[[2m │ map:    23.77 kB^[[22m
installed-wheel (3.10)	Build and exercise an installed wheel outside the checkout	2026-09-08T05:40:05.9336228Z ^[[2m../precompiled/^[[22m^[[2massets/^[[22m^[[36mcue-DtFQj3wx.js                         ^[[39m^[[1m^[[2m 17.39 kB^[[22m^[[1m^[[22m^[[2m │ gzip:   2.13 kB^[[22m^[[2m │ map:    25.49 kB^[[22m
installed-wheel (3.10)	Build and exercise an installed wheel outside the checkout	2026-09-08T05:40:05.9338500Z ^[[2m../precompiled/^[[22m^[[2massets/^[[22m^[[36mrust-Be6lgOlo.js                        ^[[39m^[[1m^[[2m 17.65 kB^[[22m^[[1m^[[22m^[[2m │ gzip:   3.41 kB^[[22m^[[2m │ map:    24.96 kB^[[22m
installed-wheel (3.10)	Build and exercise an installed wheel outside the checkout	2026-09-08T05:40:05.9340559Z ^[[2m../precompiled/^[[22m^[[2massets/^[[22m^[[36mangular-html-LfdN0zeE.js                ^[[39m^[[1m^[[2m 17.71 kB^[[22m^[[1m^[[22m^[[2m │ gzip:   3.54 kB^[[22m^[[2m │ map:    26.47 kB^[[22m
installed-wheel (3.10)	Build and exercise an installed wheel outside the checkout	2026-09-08T05:40:05.9342609Z ^[[2m../precompiled/^[[22m^[[2massets/^[[22m^[[36mgraphql-cDcHW_If.js                     ^[[39m^[[1m^[[2m 18.25 kB^[[22m^[[1m^[[22m^[[2m │ gzip:   2.69 kB^[[22m^[[2m │ map:    25.66 kB^[[22m
installed-wheel (3.10)	Build and exercise an installed wheel outside the checkout	2026-09-08T05:40:05.9344643Z ^[[2m../precompiled/^[[22m^[[2massets/^[[22m^[[36melixir-CLiX3zqd.js                      ^[[39m^[[1m^[[2m 18.34 kB^[[22m^[[1m^[[22m^[[2m │ gzip:   3.25 kB^[[22m^[[2m │ map:    25.77 kB^[[22m
installed-wheel (3.10)	Build and exercise an installed wheel outside the checkout	2026-09-08T05:40:05.9346942Z ^[[2m../precompiled/^[[22m^[[2massets/^[[22m^[[36mmaterial-theme-D5KoaKCx.js              ^[[39m^[[1m^[[2m 18.67 kB^[[22m^[[1m^[[22m^[[2m │ gzip:   3.15 kB^[[22m^[[2m │ map:    24.10 kB^[[22m
installed-wheel (3.10)	Build and exercise an installed wheel outside the checkout	2026-09-08T05:40:05.9349026Z ^[[2m../precompiled/^[[22m^[[2massets/^[[22m^[[36mmaterial-theme-ocean-CyktbL80.js        ^[[39m^[[1m^[[2m 18.69 kB^[[22m^[[1m^[[22m^[[2m │ gzip:   3.17 kB^[[22m^[[2m │ map:    24.13 kB^[[22m
installed-wheel (3.10)	Build and exercise an installed wheel outside the checkout	2026-09-08T05:40:05.9351262Z ^[[2m../precompiled/^[[22m^[[2massets/^[[22m^[[36mmaterial-theme-darker-BfHTSMKl.js       ^[[39m^[[1m^[[2m 18.69 kB^[[22m^[[1m^[[22m^[[2m │ gzip:   3.15 kB^[[22m^[[2m │ map:    24.14 kB^[[22m
installed-wheel (3.10)	Build and exercise an installed wheel outside the checkout	2026-09-08T05:40:05.9353484Z ^[[2m../precompiled/^[[22m^[[2massets/^[[22m^[[36mmaterial-theme-lighter-B0m2ddpp.js      ^[[39m^[[1m^[[2m 18.69 kB^[[22m^[[1m^[[22m^[[2m │ gzip:   3.15 kB^[[22m^[[2m │ map:    24.15 kB^[[22m
installed-wheel (3.10)	Build and exercise an installed wheel outside the checkout	2026-09-08T05:40:05.9355933Z ^[[2m../precompiled/^[[22m^[[2massets/^[[22m^[[36mmaterial-theme-palenight-Csfq5Kiy.js    ^[[39m^[[1m^[[2m 18.70 kB^[[22m^[[1m^[[22m^[[2m │ gzip:   3.16 kB^[[22m^[[2m │ map:    24.15 kB^[[22m
installed-wheel (3.10)	Build and exercise an installed wheel outside the checkout	2026-09-08T05:40:05.9358086Z ^[[2m../precompiled/^[[22m^[[2massets/^[[22m^[[36mgdscript-DfxzS6Rs.js                    ^[[39m^[[1m^[[2m 18.70 kB^[[22m^[[1m^[[22m^[[2m │ gzip:   3.75 kB^[[22m^[[2m │ map:    25.88 kB^[[22m
installed-wheel (3.10)	Build and exercise an installed wheel outside the checkout	2026-09-08T05:40:05.9360073Z ^[[2m../precompiled/^[[22m^[[2massets/^[[22m^[[36mabap-DsBKuouk.js                        ^[[39m^[[1m^[[2m 18.86 kB^[[22m^[[1m^[[22m^[[2m │ gzip:   6.23 kB^[[22m^[[2m │ map:    23.58 kB^[[22m
installed-wheel (3.10)	Build and exercise an installed wheel outside the checkout	2026-09-08T05:40:05.9362044Z ^[[2m../precompiled/^[[22m^[[2massets/^[[22m^[[36mmarko-z0MBrx5-.js                       ^[[39m^[[1m^[[2m 19.37 kB^[[22m^[[1m^[[22m^[[2m │ gzip:   3.23 kB^[[22m^[[2m │ map:    27.38 kB^[[22m
installed-wheel (3.10)	Build and exercise an installed wheel outside the checkout	2026-09-08T05:40:05.9364036Z ^[[2m../precompiled/^[[22m^[[2massets/^[[22m^[[36mgroovy-DkBy-JyN.js                      ^[[39m^[[1m^[[2m 19.69 kB^[[22m^[[1m^[[22m^[[2m │ gzip:   3.81 kB^[[22m^[[2m │ map:    28.15 kB^[[22m
installed-wheel (3.10)	Build and exercise an installed wheel outside the checkout	2026-09-08T05:40:05.9366221Z ^[[2m../precompiled/^[[22m^[[2massets/^[[22m^[[36mmdc-DB_EDNY_.js                         ^[[39m^[[1m^[[2m 19.74 kB^[[22m^[[1m^[[22m^[[2m │ gzip:   6.65 kB^[[22m^[[2m │ map:    23.12 kB^[[22m
installed-wheel (3.10)	Build and exercise an installed wheel outside the checkout	2026-09-08T05:40:05.9368231Z ^[[2m../precompiled/^[[22m^[[2massets/^[[22m^[[36mnushell-D4Tzg5kh.js                     ^[[39m^[[1m^[[2m 19.79 kB^[[22m^[[1m^[[22m^[[2m │ gzip:   4.97 kB^[[22m^[[2m │ map:    27.04 kB^[[22m
installed-wheel (3.10)	Build and exercise an installed wheel outside the checkout	2026-09-08T05:40:05.9370244Z ^[[2m../precompiled/^[[22m^[[2massets/^[[22m^[[36mmatlab-D9-PGadD.js                      ^[[39m^[[1m^[[2m 20.18 kB^[[22m^[[1m^[[22m^[[2m │ gzip:   3.91 kB^[[22m^[[2m │ map:    28.19 kB^[[22m
installed-wheel (3.10)	Build and exercise an installed wheel outside the checkout	2026-09-08T05:40:05.9372621Z ^[[2m../precompiled/^[[22m^[[2massets/^[[22m^[[36mmove-DB_GagMm.js                        ^[[39m^[[1m^[[2m 20.28 kB^[[22m^[[1m^[[22m^[[2m │ gzip:   4.08 kB^[[22m^[[2m │ map:    29.93 kB^[[22m
installed-wheel (3.10)	Build and exercise an installed wheel outside the checkout	2026-09-08T05:40:05.9374693Z ^[[2m../precompiled/^[[22m^[[2massets/^[[22m^[[36mglimmer-js-D-cwc0-E.js                  ^[[39m^[[1m^[[2m 20.60 kB^[[22m^[[1m^[[22m^[[2m │ gzip:   3.03 kB^[[22m^[[2m │ map:    29.35 kB^[[22m
installed-wheel (3.10)	Build and exercise an installed wheel outside the checkout	2026-09-08T05:40:05.9376990Z ^[[2m../precompiled/^[[22m^[[2massets/^[[22m^[[36mglimmer-ts-pgjy16dm.js                  ^[[39m^[[1m^[[2m 20.60 kB^[[22m^[[1m^[[22m^[[2m │ gzip:   3.03 kB^[[22m^[[2m │ map:    29.35 kB^[[22m
installed-wheel (3.10)	Build and exercise an installed wheel outside the checkout	2026-09-08T05:40:05.9379442Z ^[[2m../precompiled/^[[22m^[[2massets/^[[22m^[[36mkusto-mebxcVVE.js                       ^[[39m^[[1m^[[2m 20.68 kB^[[22m^[[1m^[[22m^[[2m │ gzip:   4.59 kB^[[22m^[[2m │ map:    25.68 kB^[[22m
installed-wheel (3.10)	Build and exercise an installed wheel outside the checkout	2026-09-08T05:40:05.9381509Z ^[[2m../precompiled/^[[22m^[[2massets/^[[22m^[[36msnazzy-light-Bw305WKR.js                ^[[39m^[[1m^[[2m 20.82 kB^[[22m^[[1m^[[22m^[[2m │ gzip:   3.87 kB^[[22m^[[2m │ map:    27.99 kB^[[22m
installed-wheel (3.10)	Build and exercise an installed wheel outside the checkout	2026-09-08T05:40:05.9383604Z ^[[2m../precompiled/^[[22m^[[2massets/^[[22m^[[36mviml-m4uW47V2.js                        ^[[39m^[[1m^[[2m 21.06 kB^[[22m^[[1m^[[22m^[[2m │ gzip:   7.28 kB^[[22m^[[2m │ map:    24.20 kB^[[22m
installed-wheel (3.10)	Build and exercise an installed wheel outside the checkout	2026-09-08T05:40:05.9385748Z ^[[2m../precompiled/^[[22m^[[2massets/^[[22m^[[36mdracula-BzJJZx-M.js                     ^[[39m^[[1m^[[2m 21.11 kB^[[22m^[[1m^[[22m^[[2m │ gzip:   4.04 kB^[[22m^[[2m │ map:    27.47 kB^[[22m
installed-wheel (3.10)	Build and exercise an installed wheel outside the checkout	2026-09-08T05:40:05.9387823Z ^[[2m../precompiled/^[[22m^[[2massets/^[[22m^[[36mdracula-soft-BXkSAIEj.js                ^[[39m^[[1m^[[2m 21.13 kB^[[22m^[[1m^[[22m^[[2m │ gzip:   4.07 kB^[[22m^[[2m │ map:    27.50 kB^[[22m
installed-wheel (3.10)	Build and exercise an installed wheel outside the checkout	2026-09-08T05:40:05.9389877Z ^[[2m../precompiled/^[[22m^[[2massets/^[[22m^[[36mvue-BuYVFjOK.js                         ^[[39m^[[1m^[[2m 21.52 kB^[[22m^[[1m^[[22m^[[2m │ gzip:   2.92 kB^[[22m^[[2m │ map:    32.04 kB^[[22m
installed-wheel (3.10)	Build and exercise an installed wheel outside the checkout	2026-09-08T05:40:05.9391895Z ^[[2m../precompiled/^[[22m^[[2massets/^[[22m^[[36mrose-pine-CmCqftbK.js                   ^[[39m^[[1m^[[2m 21.81 kB^[[22m^[[1m^[[22m^[[2m │ gzip:   3.91 kB^[[22m^[[2m │ map:    28.77 kB^[[22m
installed-wheel (3.10)	Build and exercise an installed wheel outside the checkout	2026-09-08T05:40:05.9393957Z ^[[2m../precompiled/^[[22m^[[2massets/^[[22m^[[36mrose-pine-moon-CjDtw9vr.js              ^[[39m^[[1m^[[2m 21.82 kB^[[22m^[[1m^[[22m^[[2m │ gzip:   3.93 kB^[[22m^[[2m │ map:    28.80 kB^[[22m
installed-wheel (3.10)	Build and exercise an installed wheel outside the checkout	2026-09-08T05:40:05.9396282Z ^[[2m../precompiled/^[[22m^[[2massets/^[[22m^[[36mrose-pine-dawn-Ds-gbosJ.js              ^[[39m^[[1m^[[2m 21.82 kB^[[22m^[[1m^[[22m^[[2m │ gzip:   3.93 kB^[[22m^[[2m │ map:    28.80 kB^[[22m
installed-wheel (3.10)	Build and exercise an installed wheel outside the checkout	2026-09-08T05:40:05.9398389Z ^[[2m../precompiled/^[[22m^[[2massets/^[[22m^[[36mpowershell-BIEUsx6d.js                  ^[[39m^[[1m^[[2m 22.31 kB^[[22m^[[1m^[[22m^[[2m │ gzip:   4.73 kB^[[22m^[[2m │ map:    29.15 kB^[[22m
installed-wheel (3.10)	Build and exercise an installed wheel outside the checkout	2026-09-08T05:40:05.9400468Z ^[[2m../precompiled/^[[22m^[[2massets/^[[22m^[[36mapl-BBq3IX1j.js                         ^[[39m^[[1m^[[2m 22.88 kB^[[22m^[[1m^[[22m^[[2m │ gzip:   4.26 kB^[[22m^[[2m │ map:    32.18 kB^[[22m
installed-wheel (3.10)	Build and exercise an installed wheel outside the checkout	2026-09-08T05:40:05.9402515Z ^[[2m../precompiled/^[[22m^[[2massets/^[[22m^[[36mtwig-NC5TFiHP.js                        ^[[39m^[[1m^[[2m 23.05 kB^[[22m^[[1m^[[22m^[[2m │ gzip:   4.18 kB^[[22m^[[2m │ map:    31.66 kB^[[22m
installed-wheel (3.10)	Build and exercise an installed wheel outside the checkout	2026-09-08T05:40:05.9404470Z ^[[2m../precompiled/^[[22m^[[2massets/^[[22m^[[36mnim-ZlGxZxc3.js                         ^[[39m^[[1m^[[2m 23.67 kB^[[22m^[[1m^[[22m^[[2m │ gzip:   3.54 kB^[[22m^[[2m │ map:    34.39 kB^[[22m
installed-wheel (3.10)	Build and exercise an installed wheel outside the checkout	2026-09-08T05:40:05.9406307Z ^[[2m../precompiled/^[[22m^[[2massets/^[[22m^[[36mvhdl-DYoNaHQp.js                        ^[[39m^[[1m^[[2m 23.83 kB^[[22m^[[1m^[[22m^[[2m │ gzip:   3.90 kB^[[22m^[[2m │ map:    32.65 kB^[[22m
installed-wheel (3.10)	Build and exercise an installed wheel outside the checkout	2026-09-08T05:40:05.9407463Z ^[[2m../precompiled/^[[22m^[[2massets/^[[22m^[[36mtempl-dwX3ZSMB.js                       ^[[39m^[[1m^[[2m 24.01 kB^[[22m^[[1m^[[22m^[[2m │ gzip:   5.42 kB^[[22m^[[2m │ map:    30.69 kB^[[22m
installed-wheel (3.10)	Build and exercise an installed wheel outside the checkout	2026-09-08T05:40:05.9408607Z ^[[2m../precompiled/^[[22m^[[2massets/^[[22m^[[36mastro-CqkE3fuf.js                       ^[[39m^[[1m^[[2m 24.11 kB^[[22m^[[1m^[[22m^[[2m │ gzip:   7.48 kB^[[22m^[[2m │ map:    29.20 kB^[[22m
installed-wheel (3.10)	Build and exercise an installed wheel outside the checkout	2026-09-08T05:40:05.9409728Z ^[[2m../precompiled/^[[22m^[[2massets/^[[22m^[[36msql-COK4E0Yg.js                         ^[[39m^[[1m^[[2m 24.36 kB^[[22m^[[1m^[[22m^[[2m │ gzip:   7.72 kB^[[22m^[[2m │ map:    28.99 kB^[[22m
installed-wheel (3.10)	Build and exercise an installed wheel outside the checkout	2026-09-08T05:40:05.9410868Z ^[[2m../precompiled/^[[22m^[[2massets/^[[22m^[[36mone-light-PoHY5YXO.js                   ^[[39m^[[1m^[[2m 25.35 kB^[[22m^[[1m^[[22m^[[2m │ gzip:   3.71 kB^[[22m^[[2m │ map:    33.76 kB^[[22m
installed-wheel (3.10)	Build and exercise an installed wheel outside the checkout	2026-09-08T05:40:05.9412067Z ^[[2m../precompiled/^[[22m^[[2massets/^[[22m^[[36mrazor-CNLDkMZG.js                       ^[[39m^[[1m^[[2m 25.85 kB^[[22m^[[1m^[[22m^[[2m │ gzip:   3.51 kB^[[22m^[[2m │ map:    36.14 kB^[[22m
installed-wheel (3.10)	Build and exercise an installed wheel outside the checkout	2026-09-08T05:40:05.9413191Z ^[[2m../precompiled/^[[22m^[[2massets/^[[22m^[[36mfsharp-XplgxFYe.js                      ^[[39m^[[1m^[[2m 25.88 kB^[[22m^[[1m^[[22m^[[2m │ gzip:   4.26 kB^[[22m^[[2m │ map:    36.62 kB^[[22m
installed-wheel (3.10)	Build and exercise an installed wheel outside the checkout	2026-09-08T05:40:05.9414663Z ^[[2m../precompiled/^[[22m^[[2massets/^[[22m^[[36mnord-Ddv68eIx.js                        ^[[39m^[[1m^[[2m 26.77 kB^[[22m^[[1m^[[22m^[[2m │ gzip:   4.43 kB^[[22m^[[2m │ map:    35.31 kB^[[22m
installed-wheel (3.10)	Build and exercise an installed wheel outside the checkout	2026-09-08T05:40:05.9416609Z ^[[2m../precompiled/^[[22m^[[2massets/^[[22m^[[36msystem-verilog-C7L56vO4.js              ^[[39m^[[1m^[[2m 26.83 kB^[[22m^[[1m^[[22m^[[2m │ gzip:   4.92 kB^[[22m^[[2m │ map:    37.13 kB^[[22m
installed-wheel (3.10)	Build and exercise an installed wheel outside the checkout	2026-09-08T05:40:05.9417797Z ^[[2m../precompiled/^[[22m^[[2massets/^[[22m^[[36mbsl-Dgyn0ogV.js                         ^[[39m^[[1m^[[2m 27.48 kB^[[22m^[[1m^[[22m^[[2m │ gzip:   8.96 kB^[[22m^[[2m │ map:    31.99 kB^[[22m
installed-wheel (3.10)	Build and exercise an installed wheel outside the checkout	2026-09-08T05:40:05.9418936Z ^[[2m../precompiled/^[[22m^[[2massets/^[[22m^[[36mjava-xI-RfyKK.js                        ^[[39m^[[1m^[[2m 27.53 kB^[[22m^[[1m^[[22m^[[2m │ gzip:   4.37 kB^[[22m^[[2m │ map:    38.99 kB^[[22m
installed-wheel (3.10)	Build and exercise an installed wheel outside the checkout	2026-09-08T05:40:05.9420051Z ^[[2m../precompiled/^[[22m^[[2massets/^[[22m^[[36mcoffee-dyiR41kL.js                      ^[[39m^[[1m^[[2m 27.79 kB^[[22m^[[1m^[[22m^[[2m │ gzip:   6.45 kB^[[22m^[[2m │ map:    36.55 kB^[[22m
installed-wheel (3.10)	Build and exercise an installed wheel outside the checkout	2026-09-08T05:40:05.9421190Z ^[[2m../precompiled/^[[22m^[[2massets/^[[22m^[[36mscss-C31hgJw-.js                        ^[[39m^[[1m^[[2m 28.17 kB^[[22m^[[1m^[[22m^[[2m │ gzip:   4.47 kB^[[22m^[[2m │ map:    39.29 kB^[[22m
installed-wheel (3.10)	Build and exercise an installed wheel outside the checkout	2026-09-08T05:40:05.9422319Z ^[[2m../precompiled/^[[22m^[[2massets/^[[22m^[[36mtypespec-BpWG_bgh.js                    ^[[39m^[[1m^[[2m 28.24 kB^[[22m^[[1m^[[22m^[[2m │ gzip:   2.87 kB^[[22m^[[2m │ map:    39.43 kB^[[22m
installed-wheel (3.10)	Build and exercise an installed wheel outside the checkout	2026-09-08T05:40:05.9423459Z ^[[2m../precompiled/^[[22m^[[2massets/^[[22m^[[36mcommon-lisp-C7gG9l05.js                 ^[[39m^[[1m^[[2m 28.55 kB^[[22m^[[1m^[[22m^[[2m │ gzip:   6.76 kB^[[22m^[[2m │ map:    35.02 kB^[[22m
installed-wheel (3.10)	Build and exercise an installed wheel outside the checkout	2026-09-08T05:40:05.9424596Z ^[[2m../precompiled/^[[22m^[[2massets/^[[22m^[[36mnight-owl-C39BiMTA.js                   ^[[39m^[[1m^[[2m 28.96 kB^[[22m^[[1m^[[22m^[[2m │ gzip:   5.19 kB^[[22m^[[2m │ map:    39.02 kB^[[22m
installed-wheel (3.10)	Build and exercise an installed wheel outside the checkout	2026-09-08T05:40:05.9426255Z ^[[2m../precompiled/^[[22m^[[2massets/^[[22m^[[36mjulia-BBuGR-5E.js                       ^[[39m^[[1m^[[2m 29.49 kB^[[22m^[[1m^[[22m^[[2m │ gzip:   6.17 kB^[[22m^[[2m │ map:    38.92 kB^[[22m
installed-wheel (3.10)	Build and exercise an installed wheel outside the checkout	2026-09-08T05:40:05.9428248Z ^[[2m../precompiled/^[[22m^[[2massets/^[[22m^[[36mscala-DQVVAn-B.js                       ^[[39m^[[1m^[[2m 30.54 kB^[[22m^[[1m^[[22m^[[2m │ gzip:   4.36 kB^[[22m^[[2m │ map:    42.47 kB^[[22m
installed-wheel (3.10)	Build and exercise an installed wheel outside the checkout	2026-09-08T05:40:05.9430014Z ^[[2m../precompiled/^[[22m^[[2massets/^[[22m^[[36mapplescript-Bu5BbsvL.js                 ^[[39m^[[1m^[[2m 30.83 kB^[[22m^[[1m^[[22m^[[2m │ gzip:   6.39 kB^[[22m^[[2m │ map:    41.02 kB^[[22m
installed-wheel (3.10)	Build and exercise an installed wheel outside the checkout	2026-09-08T05:40:05.9431185Z ^[[2m../precompiled/^[[22m^[[2massets/^[[22m^[[36mstylus-BeQkCIfX.js                      ^[[39m^[[1m^[[2m 31.60 kB^[[22m^[[1m^[[22m^[[2m │ gzip:   8.15 kB^[[22m^[[2m │ map:    39.48 kB^[[22m
installed-wheel (3.10)	Build and exercise an installed wheel outside the checkout	2026-09-08T05:40:05.9432320Z ^[[2m../precompiled/^[[22m^[[2massets/^[[22m^[[36mmermaid-Ci6OQyBP.js                     ^[[39m^[[1m^[[2m 33.11 kB^[[22m^[[1m^[[22m^[[2m │ gzip:   4.69 kB^[[22m^[[2m │ map:    49.00 kB^[[22m
installed-wheel (3.10)	Build and exercise an installed wheel outside the checkout	2026-09-08T05:40:05.9433458Z ^[[2m../precompiled/^[[22m^[[2massets/^[[22m^[[36mpoimandres-CS3Unz2-.js                  ^[[39m^[[1m^[[2m 33.54 kB^[[22m^[[1m^[[22m^[[2m │ gzip:   5.53 kB^[[22m^[[2m │ map:    43.03 kB^[[22m
installed-wheel (3.10)	Build and exercise an installed wheel outside the checkout	2026-09-08T05:40:05.9434607Z ^[[2m../precompiled/^[[22m^[[2massets/^[[22m^[[36mcodeql-sacFqUAJ.js                      ^[[39m^[[1m^[[2m 33.64 kB^[[22m^[[1m^[[22m^[[2m │ gzip:   4.04 kB^[[22m^[[2m │ map:    43.73 kB^[[22m
installed-wheel (3.10)	Build and exercise an installed wheel outside the checkout	2026-09-08T05:40:05.9435934Z ^[[2m../precompiled/^[[22m^[[2massets/^[[22m^[[36mcrystal-DtDmRg-F.js                     ^[[39m^[[1m^[[2m 33.79 kB^[[22m^[[1m^[[22m^[[2m │ gzip:   5.62 kB^[[22m^[[2m │ map:    46.63 kB^[[22m
installed-wheel (3.10)	Build and exercise an installed wheel outside the checkout	2026-09-08T05:40:05.9437093Z ^[[2m../precompiled/^[[22m^[[2massets/^[[22m^[[36mone-dark-pro-GBQ2dnAY.js                ^[[39m^[[1m^[[2m 33.79 kB^[[22m^[[1m^[[22m^[[2m │ gzip:   5.55 kB^[[22m^[[2m │ map:    44.41 kB^[[22m
installed-wheel (3.10)	Build and exercise an installed wheel outside the checkout	2026-09-08T05:40:05.9438274Z ^[[2m../precompiled/^[[22m^[[2massets/^[[22m^[[36mtokyo-night-DBQeEorK.js                 ^[[39m^[[1m^[[2m 34.41 kB^[[22m^[[1m^[[22m^[[2m │ gzip:   6.01 kB^[[22m^[[2m │ map:    43.69 kB^[[22m
installed-wheel (3.10)	Build and exercise an installed wheel outside the checkout	2026-09-08T05:40:05.9439513Z ^[[2m../precompiled/^[[22m^[[2massets/^[[22m^[[36mhaxe-C5wWYbrZ.js                        ^[[39m^[[1m^[[2m 35.34 kB^[[22m^[[1m^[[22m^[[2m │ gzip:   5.97 kB^[[22m^[[2m │ map:    49.75 kB^[[22m
installed-wheel (3.10)	Build and exercise an installed wheel outside the checkout	2026-09-08T05:40:05.9440999Z ^[[2m../precompiled/^[[22m^[[2massets/^[[22m^[[36mhouston-DnULxvSX.js                     ^[[39m^[[1m^[[2m 35.47 kB^[[22m^[[1m^[[22m^[[2m │ gzip:   5.82 kB^[[22m^[[2m │ map:    46.36 kB^[[22m
installed-wheel (3.10)	Build and exercise an installed wheel outside the checkout	2026-09-08T05:40:05.9442123Z ^[[2m../precompiled/^[[22m^[[2massets/^[[22m^[[36mnginx-D_VnBJ67.js                       ^[[39m^[[1m^[[2m 35.77 kB^[[22m^[[1m^[[22m^[[2m │ gzip:   4.53 kB^[[22m^[[2m │ map:    48.97 kB^[[22m
installed-wheel (3.10)	Build and exercise an installed wheel outside the checkout	2026-09-08T05:40:05.9443282Z ^[[2m../precompiled/^[[22m^[[2massets/^[[22m^[[36merlang-B-DoSBHF.js                      ^[[39m^[[1m^[[2m 36.35 kB^[[22m^[[1m^[[22m^[[2m │ gzip:   4.47 kB^[[22m^[[2m │ map:    49.75 kB^[[22m
installed-wheel (3.10)	Build and exercise an installed wheel outside the checkout	2026-09-08T05:40:05.9444435Z ^[[2m../precompiled/^[[22m^[[2massets/^[[22m^[[36mr-CwjWoCRV.js                           ^[[39m^[[1m^[[2m 36.91 kB^[[22m^[[1m^[[22m^[[2m │ gzip:  11.25 kB^[[22m^[[2m │ map:    44.88 kB^[[22m
installed-wheel (3.10)	Build and exercise an installed wheel outside the checkout	2026-09-08T05:40:05.9445728Z ^[[2m../precompiled/^[[22m^[[2massets/^[[22m^[[36mcobol-PTqiYgYu.js                       ^[[39m^[[1m^[[2m 40.63 kB^[[22m^[[1m^[[22m^[[2m │ gzip:  11.11 kB^[[22m^[[2m │ map:    49.52 kB^[[22m
installed-wheel (3.10)	Build and exercise an installed wheel outside the checkout	2026-09-08T05:40:05.9446872Z ^[[2m../precompiled/^[[22m^[[2massets/^[[22m^[[36masm-Dhn9LcZ4.js                         ^[[39m^[[1m^[[2m 40.89 kB^[[22m^[[1m^[[22m^[[2m │ gzip:   8.22 kB^[[22m^[[2m │ map:    53.01 kB^[[22m
installed-wheel (3.10)	Build and exercise an installed wheel outside the checkout	2026-09-08T05:40:05.9447996Z ^[[2m../precompiled/^[[22m^[[2massets/^[[22m^[[36mshellscript-atvbtKCR.js                 ^[[39m^[[1m^[[2m 42.76 kB^[[22m^[[1m^[[22m^[[2m │ gzip:   6.37 kB^[[22m^[[2m │ map:    58.06 kB^[[22m
installed-wheel (3.10)	Build and exercise an installed wheel outside the checkout	2026-09-08T05:40:05.9449112Z ^[[2m../precompiled/^[[22m^[[2massets/^[[22m^[[36md-BoXegm-a.js                           ^[[39m^[[1m^[[2m 43.05 kB^[[22m^[[1m^[[22m^[[2m │ gzip:   8.43 kB^[[22m^[[2m │ map:    61.63 kB^[[22m
installed-wheel (3.10)	Build and exercise an installed wheel outside the checkout	2026-09-08T05:40:05.9450222Z ^[[2m../precompiled/^[[22m^[[2massets/^[[22m^[[36mhaskell-BILxekzW.js                     ^[[39m^[[1m^[[2m 43.26 kB^[[22m^[[1m^[[22m^[[2m │ gzip:   7.05 kB^[[22m^[[2m │ map:    60.31 kB^[[22m
installed-wheel (3.10)	Build and exercise an installed wheel outside the checkout	2026-09-08T05:40:05.9451330Z ^[[2m../precompiled/^[[22m^[[2massets/^[[22m^[[36mperl-CHQXSrWU.js                        ^[[39m^[[1m^[[2m 44.59 kB^[[22m^[[1m^[[22m^[[2m │ gzip:   4.91 kB^[[22m^[[2m │ map:    62.82 kB^[[22m
installed-wheel (3.10)	Build and exercise an installed wheel outside the checkout	2026-09-08T05:40:05.9452490Z ^[[2m../precompiled/^[[22m^[[2massets/^[[22m^[[36mcatppuccin-mocha-LGGdnPYs.js            ^[[39m^[[1m^[[2m 45.67 kB^[[22m^[[1m^[[22m^[[2m │ gzip:   7.77 kB^[[22m^[[2m │ map:    59.83 kB^[[22m
installed-wheel (3.10)	Build and exercise an installed wheel outside the checkout	2026-09-08T05:40:05.9453665Z ^[[2m../precompiled/^[[22m^[[2massets/^[[22m^[[36mcatppuccin-latte-DRW-0cLl.js            ^[[39m^[[1m^[[2m 45.67 kB^[[22m^[[1m^[[22m^[[2m │ gzip:   7.77 kB^[[22m^[[2m │ map:    59.83 kB^[[22m
installed-wheel (3.10)	Build and exercise an installed wheel outside the checkout	2026-09-08T05:40:05.9454988Z ^[[2m../precompiled/^[[22m^[[2massets/^[[22m^[[36mcatppuccin-frappe-CD_QflpE.js           ^[[39m^[[1m^[[2m 45.67 kB^[[22m^[[1m^[[22m^[[2m │ gzip:   7.79 kB^[[22m^[[2m │ map:    59.84 kB^[[22m
installed-wheel (3.10)	Build and exercise an installed wheel outside the checkout	2026-09-08T05:40:05.9456710Z ^[[2m../precompiled/^[[22m^[[2massets/^[[22m^[[36mcatppuccin-macchiato-C-_shW-Y.js        ^[[39m^[[1m^[[2m 45.68 kB^[[22m^[[1m^[[22m^[[2m │ gzip:   7.78 kB^[[22m^[[2m │ map:    59.86 kB^[[22m
installed-wheel (3.10)	Build and exercise an installed wheel outside the checkout	2026-09-08T05:40:05.9457868Z ^[[2m../precompiled/^[[22m^[[2massets/^[[22m^[[36mapex-COJ4H7py.js                        ^[[39m^[[1m^[[2m 46.85 kB^[[22m^[[1m^[[22m^[[2m │ gzip:   6.81 kB^[[22m^[[2m │ map:    65.61 kB^[[22m
installed-wheel (3.10)	Build and exercise an installed wheel outside the checkout	2026-09-08T05:40:05.9458984Z ^[[2m../precompiled/^[[22m^[[2massets/^[[22m^[[36mada-727ZlQH0.js                         ^[[39m^[[1m^[[2m 48.57 kB^[[22m^[[1m^[[22m^[[2m │ gzip:   6.09 kB^[[22m^[[2m │ map:    71.59 kB^[[22m
installed-wheel (3.10)	Build and exercise an installed wheel outside the checkout	2026-09-08T05:40:05.9460092Z ^[[2m../precompiled/^[[22m^[[2massets/^[[22m^[[36mruby-DeZ3UC14.js                        ^[[39m^[[1m^[[2m 51.52 kB^[[22m^[[1m^[[22m^[[2m │ gzip:   7.16 kB^[[22m^[[2m │ map:    72.08 kB^[[22m
installed-wheel (3.10)	Build and exercise an installed wheel outside the checkout	2026-09-08T05:40:05.9461192Z ^[[2m../precompiled/^[[22m^[[2massets/^[[22m^[[36mgo-B1SYOhNW.js                          ^[[39m^[[1m^[[2m 52.45 kB^[[22m^[[1m^[[22m^[[2m │ gzip:   6.44 kB^[[22m^[[2m │ map:    74.32 kB^[[22m
installed-wheel (3.10)	Build and exercise an installed wheel outside the checkout	2026-09-08T05:40:05.9462283Z ^[[2m../precompiled/^[[22m^[[2massets/^[[22m^[[36mimba-bv_oIlVt.js                        ^[[39m^[[1m^[[2m 53.50 kB^[[22m^[[1m^[[22m^[[2m │ gzip:  10.25 kB^[[22m^[[2m │ map:    73.32 kB^[[22m
installed-wheel (3.10)	Build and exercise an installed wheel outside the checkout	2026-09-08T05:40:05.9463421Z ^[[2m../precompiled/^[[22m^[[2massets/^[[22m^[[36meverforest-dark-BgDCqdQA.js             ^[[39m^[[1m^[[2m 53.80 kB^[[22m^[[1m^[[22m^[[2m │ gzip:   8.46 kB^[[22m^[[2m │ map:    68.24 kB^[[22m
installed-wheel (3.10)	Build and exercise an installed wheel outside the checkout	2026-09-08T05:40:05.9465190Z ^[[2m../precompiled/^[[22m^[[2massets/^[[22m^[[36meverforest-light-C8M2exoo.js            ^[[39m^[[1m^[[2m 53.80 kB^[[22m^[[1m^[[22m^[[2m │ gzip:   8.46 kB^[[22m^[[2m │ map:    68.24 kB^[[22m
installed-wheel (3.10)	Build and exercise an installed wheel outside the checkout	2026-09-08T05:40:05.9466350Z ^[[2m../precompiled/^[[22m^[[2massets/^[[22m^[[36mcss-BPhBrDlE.js                         ^[[39m^[[1m^[[2m 53.84 kB^[[22m^[[1m^[[22m^[[2m │ gzip:  13.53 kB^[[22m^[[2m │ map:    66.10 kB^[[22m
installed-wheel (3.10)	Build and exercise an installed wheel outside the checkout	2026-09-08T05:40:05.9467464Z ^[[2m../precompiled/^[[22m^[[2massets/^[[22m^[[36mwikitext-DCE3LsBG.js                    ^[[39m^[[1m^[[2m 56.67 kB^[[22m^[[1m^[[22m^[[2m │ gzip:   4.85 kB^[[22m^[[2m │ map:    78.62 kB^[[22m
installed-wheel (3.10)	Build and exercise an installed wheel outside the checkout	2026-09-08T05:40:05.9468606Z ^[[2m../precompiled/^[[22m^[[2massets/^[[22m^[[36mmarkdown-UIAJJxZW.js                    ^[[39m^[[1m^[[2m 57.03 kB^[[22m^[[1m^[[22m^[[2m │ gzip:   5.67 kB^[[22m^[[2m │ map:    79.35 kB^[[22m
installed-wheel (3.10)	Build and exercise an installed wheel outside the checkout	2026-09-08T05:40:05.9469731Z ^[[2m../precompiled/^[[22m^[[2massets/^[[22m^[[36mlatex-C-cWTeAZ.js                       ^[[39m^[[1m^[[2m 59.46 kB^[[22m^[[1m^[[22m^[[2m │ gzip:   6.05 kB^[[22m^[[2m │ map:    82.69 kB^[[22m
installed-wheel (3.10)	Build and exercise an installed wheel outside the checkout	2026-09-08T05:40:05.9470873Z ^[[2m../precompiled/^[[22m^[[2massets/^[[22m^[[36mstata-DorPZHa4.js                       ^[[39m^[[1m^[[2m 61.05 kB^[[22m^[[1m^[[22m^[[2m │ gzip:  13.74 kB^[[22m^[[2m │ map:    79.21 kB^[[22m
installed-wheel (3.10)	Build and exercise an installed wheel outside the checkout	2026-09-08T05:40:05.9471974Z ^[[2m../precompiled/^[[22m^[[2massets/^[[22m^[[36mhtml-C2L_23MC.js                        ^[[39m^[[1m^[[2m 61.37 kB^[[22m^[[1m^[[22m^[[2m │ gzip:  12.03 kB^[[22m^[[2m │ map:    79.10 kB^[[22m
installed-wheel (3.10)	Build and exercise an installed wheel outside the checkout	2026-09-08T05:40:05.9473092Z ^[[2m../precompiled/^[[22m^[[2massets/^[[22m^[[36mballerina-Du268qiB.js                   ^[[39m^[[1m^[[2m 61.68 kB^[[22m^[[1m^[[22m^[[2m │ gzip:   8.35 kB^[[22m^[[2m │ map:    87.43 kB^[[22m
installed-wheel (3.10)	Build and exercise an installed wheel outside the checkout	2026-09-08T05:40:05.9474212Z ^[[2m../precompiled/^[[22m^[[2massets/^[[22m^[[36mocaml-BNioltXt.js                       ^[[39m^[[1m^[[2m 65.91 kB^[[22m^[[1m^[[22m^[[2m │ gzip:   5.21 kB^[[22m^[[2m │ map:    85.43 kB^[[22m
installed-wheel (3.10)	Build and exercise an installed wheel outside the checkout	2026-09-08T05:40:05.9475459Z ^[[2m../precompiled/^[[22m^[[2massets/^[[22m^[[36mmojo-Tz6hzZYG.js                        ^[[39m^[[1m^[[2m 72.61 kB^[[22m^[[1m^[[22m^[[2m │ gzip:  10.39 kB^[[22m^[[2m │ map:    98.45 kB^[[22m
installed-wheel (3.10)	Build and exercise an installed wheel outside the checkout	2026-09-08T05:40:05.9476583Z ^[[2m../precompiled/^[[22m^[[2massets/^[[22m^[[36mpython-DhUJRlN_.js                      ^[[39m^[[1m^[[2m 73.57 kB^[[22m^[[1m^[[22m^[[2m │ gzip:  10.47 kB^[[22m^[[2m │ map:    99.89 kB^[[22m
installed-wheel (3.10)	Build and exercise an installed wheel outside the checkout	2026-09-08T05:40:05.9477721Z ^[[2m../precompiled/^[[22m^[[2massets/^[[22m^[[36mc-C3t2pwGQ.js                           ^[[39m^[[1m^[[2m 74.01 kB^[[22m^[[1m^[[22m^[[2m │ gzip:  10.67 kB^[[22m^[[2m │ map:    97.82 kB^[[22m
installed-wheel (3.10)	Build and exercise an installed wheel outside the checkout	2026-09-08T05:40:05.9478830Z ^[[2m../precompiled/^[[22m^[[2massets/^[[22m^[[36mvyper-nyqBNV6O.js                       ^[[39m^[[1m^[[2m 78.27 kB^[[22m^[[1m^[[22m^[[2m │ gzip:  12.09 kB^[[22m^[[2m │ map:   105.37 kB^[[22m
installed-wheel (3.10)	Build and exercise an installed wheel outside the checkout	2026-09-08T05:40:05.9479940Z ^[[2m../precompiled/^[[22m^[[2massets/^[[22m^[[36mhack-D1yCygmZ.js                        ^[[39m^[[1m^[[2m 84.69 kB^[[22m^[[1m^[[22m^[[2m │ gzip:  27.64 kB^[[22m^[[2m │ map:   102.53 kB^[[22m
installed-wheel (3.10)	Build and exercise an installed wheel outside the checkout	2026-09-08T05:40:05.9481045Z ^[[2m../precompiled/^[[22m^[[2massets/^[[22m^[[36mcsharp-D9R-vmeu.js                      ^[[39m^[[1m^[[2m 87.21 kB^[[22m^[[1m^[[22m^[[2m │ gzip:  10.43 kB^[[22m^[[2m │ map:   122.69 kB^[[22m
installed-wheel (3.10)	Build and exercise an installed wheel outside the checkout	2026-09-08T05:40:05.9482195Z ^[[2m../precompiled/^[[22m^[[2massets/^[[22m^[[36mswift-BSxZ-RaX.js                       ^[[39m^[[1m^[[2m 91.04 kB^[[22m^[[1m^[[22m^[[2m │ gzip:  14.58 kB^[[22m^[[2m │ map:   120.62 kB^[[22m
installed-wheel (3.10)	Build and exercise an installed wheel outside the checkout	2026-09-08T05:40:05.9483329Z ^[[2m../precompiled/^[[22m^[[2massets/^[[22m^[[36masciidoc-BPT9niGB.js                    ^[[39m^[[1m^[[2m 93.55 kB^[[22m^[[1m^[[22m^[[2m │ gzip:   7.47 kB^[[22m^[[2m │ map:   134.69 kB^[[22m
installed-wheel (3.10)	Build and exercise an installed wheel outside the checkout	2026-09-08T05:40:05.9484456Z ^[[2m../precompiled/^[[22m^[[2massets/^[[22m^[[36mracket-CzouJOBO.js                      ^[[39m^[[1m^[[2m 97.66 kB^[[22m^[[1m^[[22m^[[2m │ gzip:  15.65 kB^[[22m^[[2m │ map:   113.75 kB^[[22m
installed-wheel (3.10)	Build and exercise an installed wheel outside the checkout	2026-09-08T05:40:05.9485989Z ^[[2m../precompiled/^[[22m^[[2massets/^[[22m^[[36mfortran-free-form-DKXYxT9g.js           ^[[39m^[[1m^[[2m 98.25 kB^[[22m^[[1m^[[22m^[[2m │ gzip:  12.41 kB^[[22m^[[2m │ map:   135.00 kB^[[22m
installed-wheel (3.10)	Build and exercise an installed wheel outside the checkout	2026-09-08T05:40:05.9487156Z ^[[2m../precompiled/^[[22m^[[2massets/^[[22m^[[36mless-BfCpw3nA.js                        ^[[39m^[[1m^[[2m102.50 kB^[[22m^[[1m^[[22m^[[2m │ gzip:  15.17 kB^[[22m^[[2m │ map:   138.57 kB^[[22m
installed-wheel (3.10)	Build and exercise an installed wheel outside the checkout	2026-09-08T05:40:05.9488591Z ^[[2m../precompiled/^[[22m^[[2massets/^[[22m^[[36mobjective-c-Deuh7S70.js                 ^[[39m^[[1m^[[2m107.84 kB^[[22m^[[1m^[[22m^[[2m │ gzip:  23.29 kB^[[22m^[[2m │ map:   132.09 kB^[[22m
installed-wheel (3.10)	Build and exercise an installed wheel outside the checkout	2026-09-08T05:40:05.9489727Z ^[[2m../precompiled/^[[22m^[[2massets/^[[22m^[[36mblade-a8OxSdnT.js                       ^[[39m^[[1m^[[2m108.04 kB^[[22m^[[1m^[[22m^[[2m │ gzip:  28.71 kB^[[22m^[[2m │ map:   134.77 kB^[[22m
installed-wheel (3.10)	Build and exercise an installed wheel outside the checkout	2026-09-08T05:40:05.9490843Z ^[[2m../precompiled/^[[22m^[[2massets/^[[22m^[[36mphp-B5ebYQev.js                         ^[[39m^[[1m^[[2m113.80 kB^[[22m^[[1m^[[22m^[[2m │ gzip:  28.86 kB^[[22m^[[2m │ map:   142.79 kB^[[22m
installed-wheel (3.10)	Build and exercise an installed wheel outside the checkout	2026-09-08T05:40:05.9491964Z ^[[2m../precompiled/^[[22m^[[2massets/^[[22m^[[36mmdx-sdHcTMYB.js                         ^[[39m^[[1m^[[2m140.40 kB^[[22m^[[1m^[[22m^[[2m │ gzip:  23.65 kB^[[22m^[[2m │ map:   182.43 kB^[[22m
installed-wheel (3.10)	Build and exercise an installed wheel outside the checkout	2026-09-08T05:40:05.9493133Z ^[[2m../precompiled/^[[22m^[[2massets/^[[22m^[[36mobjective-cpp-BUEGK8hf.js               ^[[39m^[[1m^[[2m175.65 kB^[[22m^[[1m^[[22m^[[2m │ gzip:  30.71 kB^[[22m^[[2m │ map:   222.54 kB^[[22m
installed-wheel (3.10)	Build and exercise an installed wheel outside the checkout	2026-09-08T05:40:05.9494315Z ^[[2m../precompiled/^[[22m^[[2massets/^[[22m^[[36mjavascript-ySlJ1b_l.js                  ^[[39m^[[1m^[[2m198.08 kB^[[22m^[[1m^[[22m^[[2m │ gzip:  17.49 kB^[[22m^[[2m │ map:   280.77 kB^[[22m
installed-wheel (3.10)	Build and exercise an installed wheel outside the checkout	2026-09-08T05:40:05.9495787Z ^[[2m../precompiled/^[[22m^[[2massets/^[[22m^[[36mtsx-B6W0miNI.js                         ^[[39m^[[1m^[[2m198.79 kB^[[22m^[[1m^[[22m^[[2m │ gzip:  17.49 kB^[[22m^[[2m │ map:   281.45 kB^[[22m
installed-wheel (3.10)	Build and exercise an installed wheel outside the checkout	2026-09-08T05:40:05.9496939Z ^[[2m../precompiled/^[[22m^[[2massets/^[[22m^[[36mjsx-BAng5TT0.js                         ^[[39m^[[1m^[[2m201.05 kB^[[22m^[[1m^[[22m^[[2m │ gzip:  17.58 kB^[[22m^[[2m │ map:   283.71 kB^[[22m
installed-wheel (3.10)	Build and exercise an installed wheel outside the checkout	2026-09-08T05:40:05.9498077Z ^[[2m../precompiled/^[[22m^[[2massets/^[[22m^[[36mtypescript-Dj6nwHGl.js                  ^[[39m^[[1m^[[2m209.07 kB^[[22m^[[1m^[[22m^[[2m │ gzip:  17.07 kB^[[22m^[[2m │ map:   298.60 kB^[[22m
installed-wheel (3.10)	Build and exercise an installed wheel outside the checkout	2026-09-08T05:40:05.9499240Z ^[[2m../precompiled/^[[22m^[[2massets/^[[22m^[[36mangular-ts-CKsD7JZE.js                  ^[[39m^[[1m^[[2m211.83 kB^[[22m^[[1m^[[22m^[[2m │ gzip:  17.66 kB^[[22m^[[2m │ map:   303.52 kB^[[22m
installed-wheel (3.10)	Build and exercise an installed wheel outside the checkout	2026-09-08T05:40:05.9500412Z ^[[2m../precompiled/^[[22m^[[2massets/^[[22m^[[36mwolfram-C3FkfJm5.js                     ^[[39m^[[1m^[[2m268.64 kB^[[22m^[[1m^[[22m^[[2m │ gzip:  77.09 kB^[[22m^[[2m │ map:   286.28 kB^[[22m
installed-wheel (3.10)	Build and exercise an installed wheel outside the checkout	2026-09-08T05:40:05.9501562Z ^[[2m../precompiled/^[[22m^[[2massets/^[[22m^[[36mwasm-CG6Dc4jp.js                        ^[[39m^[[1m^[[33m622.38 kB^[[39m^[[22m^[[2m │ gzip: 230.33 kB^[[22m^[[2m │ map:   622.88 kB^[[22m
installed-wheel (3.10)	Build and exercise an installed wheel outside the checkout	2026-09-08T05:40:05.9502684Z ^[[2m../precompiled/^[[22m^[[2massets/^[[22m^[[36mcpp-BksuvNSY.js                         ^[[39m^[[1m^[[33m697.56 kB^[[39m^[[22m^[[2m │ gzip:  50.29 kB^[[22m^[[2m │ map:   906.91 kB^[[22m
installed-wheel (3.10)	Build and exercise an installed wheel outside the checkout	2026-09-08T05:40:05.9503811Z ^[[2m../precompiled/^[[22m^[[2massets/^[[22m^[[36memacs-lisp-BX77sIaO.js                  ^[[39m^[[1m^[[33m804.72 kB^[[39m^[[22m^[[2m │ gzip: 196.99 kB^[[22m^[[2m │ map:   815.72 kB^[[22m
installed-wheel (3.10)	Build and exercise an installed wheel outside the checkout	2026-09-08T05:40:05.9505219Z ^[[2m../precompiled/^[[22m^[[2massets/^[[22m^[[36mmain-C2zkpuhx.js                        ^[[39m^[[1m^[[33m837.47 kB^[[39m^[[22m^[[2m │ gzip: 274.47 kB^[[22m^[[2m │ map: 3,520.48 kB^[[22m
installed-wheel (3.10)	Build and exercise an installed wheel outside the checkout	2026-09-08T05:40:05.9506204Z ^[[32m✓ built in 5.78s^[[39m
installed-wheel (3.10)	Build and exercise an installed wheel outside the checkout	2026-09-08T05:40:05.9506369Z 
installed-wheel (3.10)	Build and exercise an installed wheel outside the checkout	2026-09-08T05:40:05.9506582Z added 237 packages, and audited 238 packages in 14s
installed-wheel (3.10)	Build and exercise an installed wheel outside the checkout	2026-09-08T05:40:05.9506818Z 
installed-wheel (3.10)	Build and exercise an installed wheel outside the checkout	2026-09-08T05:40:05.9506971Z 41 packages are looking for funding
installed-wheel (3.10)	Build and exercise an installed wheel outside the checkout	2026-09-08T05:40:05.9507267Z   run `npm fund` for details
installed-wheel (3.10)	Build and exercise an installed wheel outside the checkout	2026-09-08T05:40:05.9507446Z 
installed-wheel (3.10)	Build and exercise an installed wheel outside the checkout	2026-09-08T05:40:05.9507642Z 12 vulnerabilities (1 low, 3 moderate, 8 high)
installed-wheel (3.10)	Build and exercise an installed wheel outside the checkout	2026-09-08T05:40:05.9507853Z 
installed-wheel (3.10)	Build and exercise an installed wheel outside the checkout	2026-09-08T05:40:05.9507982Z To address all issues, run:
installed-wheel (3.10)	Build and exercise an installed wheel outside the checkout	2026-09-08T05:40:05.9508238Z   npm audit fix
installed-wheel (3.10)	Build and exercise an installed wheel outside the checkout	2026-09-08T05:40:05.9508369Z 
installed-wheel (3.10)	Build and exercise an installed wheel outside the checkout	2026-09-08T05:40:05.9508487Z Run `npm audit` for details.
installed-wheel (3.10)	Build and exercise an installed wheel outside the checkout	2026-09-08T05:40:14.4899295Z 
installed-wheel (3.10)	Build and exercise an installed wheel outside the checkout	2026-09-08T05:40:14.4900334Z Running npm build...
installed-wheel (3.10)	Build and exercise an installed wheel outside the checkout	2026-09-08T05:40:14.4900628Z 
installed-wheel (3.10)	Build and exercise an installed wheel outside the checkout	2026-09-08T05:40:14.4900934Z > @neuralink/datarepo-catalog@1.0.7 build
installed-wheel (3.10)	Build and exercise an installed wheel outside the checkout	2026-09-08T05:40:14.4901445Z > tsc && vite build
installed-wheel (3.10)	Build and exercise an installed wheel outside the checkout	2026-09-08T05:40:14.4901712Z 
installed-wheel (3.10)	Build and exercise an installed wheel outside the checkout	2026-09-08T05:40:14.4902417Z ^[[36mvite v5.4.19 ^[[32mbuilding for production...^[[36m^[[39m
installed-wheel (3.10)	Build and exercise an installed wheel outside the checkout	2026-09-08T05:40:14.4903029Z transforming...
installed-wheel (3.10)	Build and exercise an installed wheel outside the checkout	2026-09-08T05:40:14.4903709Z ^[[32m✓^[[39m 814 modules transformed.
installed-wheel (3.10)	Build and exercise an installed wheel outside the checkout	2026-09-08T05:40:14.4904181Z rendering chunks...
installed-wheel (3.10)	Build and exercise an installed wheel outside the checkout	2026-09-08T05:40:14.4904566Z computing gzip size...
installed-wheel (3.10)	Build and exercise an installed wheel outside the checkout	2026-09-08T05:40:14.4905947Z ^[[2m../precompiled/^[[22m^[[32mindex.html                                     ^[[39m^[[1m^[[2m  0.45 kB^[[22m^[[1m^[[22m^[[2m │ gzip:   0.29 kB^[[22m
installed-wheel (3.10)	Build and exercise an installed wheel outside the checkout	2026-09-08T05:40:14.4907663Z ^[[2m../precompiled/^[[22m^[[2massets/^[[22m^[[35mmain-DjPsrpBr.css                       ^[[39m^[[1m^[[2m692.74 kB^[[22m^[[1m^[[22m^[[2m │ gzip:  82.38 kB^[[22m
installed-wheel (3.10)	Build and exercise an installed wheel outside the checkout	2026-09-08T05:40:14.4909666Z ^[[2m../precompiled/^[[22m^[[2massets/^[[22m^[[36mcodeowners-Bp6g37R7.js                  ^[[39m^[[1m^[[2m  0.60 kB^[[22m^[[1m^[[22m^[[2m │ gzip:   0.35 kB^[[22m^[[2m │ map:     1.07 kB^[[22m
installed-wheel (3.10)	Build and exercise an installed wheel outside the checkout	2026-09-08T05:40:14.4911711Z ^[[2m../precompiled/^[[22m^[[2massets/^[[22m^[[36mshellsession-C_rIy8kc.js                ^[[39m^[[1m^[[2m  0.77 kB^[[22m^[[1m^[[22m^[[2m │ gzip:   0.47 kB^[[22m^[[2m │ map:     1.31 kB^[[22m
installed-wheel (3.10)	Build and exercise an installed wheel outside the checkout	2026-09-08T05:40:14.4913547Z ^[[2m../precompiled/^[[22m^[[2massets/^[[22m^[[36mtsv-B_m7g4N7.js                         ^[[39m^[[1m^[[2m  0.78 kB^[[22m^[[1m^[[22m^[[2m │ gzip:   0.38 kB^[[22m^[[2m │ map:     1.36 kB^[[22m
installed-wheel (3.10)	Build and exercise an installed wheel outside the checkout	2026-09-08T05:40:14.4916171Z ^[[2m../precompiled/^[[22m^[[2massets/^[[22m^[[36mhtml-derivative-CSfWNPLT.js             ^[[39m^[[1m^[[2m  1.02 kB^[[22m^[[1m^[[22m^[[2m │ gzip:   0.56 kB^[[22m^[[2m │ map:     1.48 kB^[[22m
installed-wheel (3.10)	Build and exercise an installed wheel outside the checkout	2026-09-08T05:40:14.4918268Z ^[[2m../precompiled/^[[22m^[[2massets/^[[22m^[[36mgit-rebase-B-v9cOL2.js                  ^[[39m^[[1m^[[2m  1.03 kB^[[22m^[[1m^[[22m^[[2m │ gzip:   0.47 kB^[[22m^[[2m │ map:     1.65 kB^[[22m
installed-wheel (3.10)	Build and exercise an installed wheel outside the checkout	2026-09-08T05:40:14.4920169Z ^[[2m../precompiled/^[[22m^[[2massets/^[[22m^[[36mqmldir-C8lEn-DE.js                      ^[[39m^[[1m^[[2m  1.05 kB^[[22m^[[1m^[[22m^[[2m │ gzip:   0.49 kB^[[22m^[[2m │ map:     1.72 kB^[[22m
installed-wheel (3.10)	Build and exercise an installed wheel outside the checkout	2026-09-08T05:40:14.4922123Z ^[[2m../precompiled/^[[22m^[[2massets/^[[22m^[[36mfortran-fixed-form-TqA4NnZg.js          ^[[39m^[[1m^[[2m  1.16 kB^[[22m^[[1m^[[22m^[[2m │ gzip:   0.58 kB^[[22m^[[2m │ map:     1.93 kB^[[22m
installed-wheel (3.10)	Build and exercise an installed wheel outside the checkout	2026-09-08T05:40:14.4924103Z ^[[2m../precompiled/^[[22m^[[2massets/^[[22m^[[36mcsv-B0qRVHPH.js                         ^[[39m^[[1m^[[2m  1.26 kB^[[22m^[[1m^[[22m^[[2m │ gzip:   0.42 kB^[[22m^[[2m │ map:     2.05 kB^[[22m
installed-wheel (3.10)	Build and exercise an installed wheel outside the checkout	2026-09-08T05:40:14.4926323Z ^[[2m../precompiled/^[[22m^[[2massets/^[[22m^[[36mxsl-Dd0NUgwM.js                         ^[[39m^[[1m^[[2m  1.43 kB^[[22m^[[1m^[[22m^[[2m │ gzip:   0.55 kB^[[22m^[[2m │ map:     2.16 kB^[[22m
installed-wheel (3.10)	Build and exercise an installed wheel outside the checkout	2026-09-08T05:40:14.4928321Z ^[[2m../precompiled/^[[22m^[[2massets/^[[22m^[[36msparql-bYkjHRlG.js                      ^[[39m^[[1m^[[2m  1.56 kB^[[22m^[[1m^[[22m^[[2m │ gzip:   0.86 kB^[[22m^[[2m │ map:     2.14 kB^[[22m
installed-wheel (3.10)	Build and exercise an installed wheel outside the checkout	2026-09-08T05:40:14.4930325Z ^[[2m../precompiled/^[[22m^[[2massets/^[[22m^[[36mini-BjABl1g7.js                         ^[[39m^[[1m^[[2m  1.57 kB^[[22m^[[1m^[[22m^[[2m │ gzip:   0.53 kB^[[22m^[[2m │ map:     2.46 kB^[[22m
installed-wheel (3.10)	Build and exercise an installed wheel outside the checkout	2026-09-08T05:40:14.4932380Z ^[[2m../precompiled/^[[22m^[[2massets/^[[22m^[[36mgit-commit-i4q6IMui.js                  ^[[39m^[[1m^[[2m  1.59 kB^[[22m^[[1m^[[22m^[[2m │ gzip:   0.70 kB^[[22m^[[2m │ map:     2.39 kB^[[22m
installed-wheel (3.10)	Build and exercise an installed wheel outside the checkout	2026-09-08T05:40:14.4935203Z ^[[2m../precompiled/^[[22m^[[2massets/^[[22m^[[36mdotenv-BjQB5zDj.js                      ^[[39m^[[1m^[[2m  1.75 kB^[[22m^[[1m^[[22m^[[2m │ gzip:   0.67 kB^[[22m^[[2m │ map:     2.72 kB^[[22m
installed-wheel (3.10)	Build and exercise an installed wheel outside the checkout	2026-09-08T05:40:14.4937309Z ^[[2m../precompiled/^[[22m^[[2massets/^[[22m^[[36mwenyan-7A4Fjokl.js                      ^[[39m^[[1m^[[2m  1.75 kB^[[22m^[[1m^[[22m^[[2m │ gzip:   1.16 kB^[[22m^[[2m │ map:     2.72 kB^[[22m
installed-wheel (3.10)	Build and exercise an installed wheel outside the checkout	2026-09-08T05:40:14.4939384Z ^[[2m../precompiled/^[[22m^[[2massets/^[[22m^[[36mdocker-COcR7UxN.js                      ^[[39m^[[1m^[[2m  1.81 kB^[[22m^[[1m^[[22m^[[2m │ gzip:   0.64 kB^[[22m^[[2m │ map:     2.66 kB^[[22m
installed-wheel (3.10)	Build and exercise an installed wheel outside the checkout	2026-09-08T05:40:14.4941283Z ^[[2m../precompiled/^[[22m^[[2massets/^[[22m^[[36mhxml-TIA70rKU.js                        ^[[39m^[[1m^[[2m  1.87 kB^[[22m^[[1m^[[22m^[[2m │ gzip:   0.93 kB^[[22m^[[2m │ map:     2.53 kB^[[22m
installed-wheel (3.10)	Build and exercise an installed wheel outside the checkout	2026-09-08T05:40:14.4943258Z ^[[2m../precompiled/^[[22m^[[2massets/^[[22m^[[36mdesktop-DEIpsLCJ.js                     ^[[39m^[[1m^[[2m  2.07 kB^[[22m^[[1m^[[22m^[[2m │ gzip:   0.82 kB^[[22m^[[2m │ map:     3.08 kB^[[22m
installed-wheel (3.10)	Build and exercise an installed wheel outside the checkout	2026-09-08T05:40:14.4945345Z ^[[2m../precompiled/^[[22m^[[2massets/^[[22m^[[36medge-D5gP-w-T.js                        ^[[39m^[[1m^[[2m  2.40 kB^[[22m^[[1m^[[22m^[[2m │ gzip:   0.73 kB^[[22m^[[2m │ map:     3.52 kB^[[22m
installed-wheel (3.10)	Build and exercise an installed wheel outside the checkout	2026-09-08T05:40:14.4947299Z ^[[2m../precompiled/^[[22m^[[2massets/^[[22m^[[36mreg-5LuOXUq_.js                         ^[[39m^[[1m^[[2m  2.41 kB^[[22m^[[1m^[[22m^[[2m │ gzip:   0.74 kB^[[22m^[[2m │ map:     3.53 kB^[[22m
installed-wheel (3.10)	Build and exercise an installed wheel outside the checkout	2026-09-08T05:40:14.4949399Z ^[[2m../precompiled/^[[22m^[[2massets/^[[22m^[[36mberry-3xVqZejG.js                       ^[[39m^[[1m^[[2m  2.49 kB^[[22m^[[1m^[[22m^[[2m │ gzip:   0.84 kB^[[22m^[[2m │ map:     3.95 kB^[[22m
installed-wheel (3.10)	Build and exercise an installed wheel outside the checkout	2026-09-08T05:40:14.4951425Z ^[[2m../precompiled/^[[22m^[[2massets/^[[22m^[[36merb-BYTLMnw6.js                         ^[[39m^[[1m^[[2m  2.65 kB^[[22m^[[1m^[[22m^[[2m │ gzip:   0.88 kB^[[22m^[[2m │ map:     3.27 kB^[[22m
installed-wheel (3.10)	Build and exercise an installed wheel outside the checkout	2026-09-08T05:40:14.4953490Z ^[[2m../precompiled/^[[22m^[[2massets/^[[22m^[[36mdiff-BgYniUM_.js                        ^[[39m^[[1m^[[2m  2.69 kB^[[22m^[[1m^[[22m^[[2m │ gzip:   0.77 kB^[[22m^[[2m │ map:     3.94 kB^[[22m
installed-wheel (3.10)	Build and exercise an installed wheel outside the checkout	2026-09-08T05:40:14.4955816Z ^[[2m../precompiled/^[[22m^[[2massets/^[[22m^[[36mgleam-B430Bg39.js                       ^[[39m^[[1m^[[2m  2.73 kB^[[22m^[[1m^[[22m^[[2m │ gzip:   0.89 kB^[[22m^[[2m │ map:     4.09 kB^[[22m
installed-wheel (3.10)	Build and exercise an installed wheel outside the checkout	2026-09-08T05:40:14.4957877Z ^[[2m../precompiled/^[[22m^[[2massets/^[[22m^[[36mhy-BMj5Y0dO.js                          ^[[39m^[[1m^[[2m  2.86 kB^[[22m^[[1m^[[22m^[[2m │ gzip:   1.23 kB^[[22m^[[2m │ map:     3.98 kB^[[22m
installed-wheel (3.10)	Build and exercise an installed wheel outside the checkout	2026-09-08T05:40:14.4959874Z ^[[2m../precompiled/^[[22m^[[2massets/^[[22m^[[36mjson-BQoSv7ci.js                        ^[[39m^[[1m^[[2m  2.96 kB^[[22m^[[1m^[[22m^[[2m │ gzip:   0.85 kB^[[22m^[[2m │ map:     4.43 kB^[[22m
installed-wheel (3.10)	Build and exercise an installed wheel outside the checkout	2026-09-08T05:40:14.4961908Z ^[[2m../precompiled/^[[22m^[[2massets/^[[22m^[[36mcairo--RitsXJZ.js                       ^[[39m^[[1m^[[2m  3.00 kB^[[22m^[[1m^[[22m^[[2m │ gzip:   0.84 kB^[[22m^[[2m │ map:     4.53 kB^[[22m
installed-wheel (3.10)	Build and exercise an installed wheel outside the checkout	2026-09-08T05:40:14.4963992Z ^[[2m../precompiled/^[[22m^[[2massets/^[[22m^[[36mlog-Cc5clBb7.js                         ^[[39m^[[1m^[[2m  3.01 kB^[[22m^[[1m^[[22m^[[2m │ gzip:   0.93 kB^[[22m^[[2m │ map:     4.46 kB^[[22m
installed-wheel (3.10)	Build and exercise an installed wheel outside the checkout	2026-09-08T05:40:14.4966272Z ^[[2m../precompiled/^[[22m^[[2massets/^[[22m^[[36mjssm-P4WzXJd0.js                        ^[[39m^[[1m^[[2m  3.02 kB^[[22m^[[1m^[[22m^[[2m │ gzip:   0.73 kB^[[22m^[[2m │ map:     4.44 kB^[[22m
installed-wheel (3.10)	Build and exercise an installed wheel outside the checkout	2026-09-08T05:40:14.4968318Z ^[[2m../precompiled/^[[22m^[[2massets/^[[22m^[[36mjsonl-DREVFZK8.js                       ^[[39m^[[1m^[[2m  3.15 kB^[[22m^[[1m^[[22m^[[2m │ gzip:   0.86 kB^[[22m^[[2m │ map:     4.62 kB^[[22m
installed-wheel (3.10)	Build and exercise an installed wheel outside the checkout	2026-09-08T05:40:14.4970362Z ^[[2m../precompiled/^[[22m^[[2massets/^[[22m^[[36mjsonc-TU54ms6u.js                       ^[[39m^[[1m^[[2m  3.24 kB^[[22m^[[1m^[[22m^[[2m │ gzip:   0.86 kB^[[22m^[[2m │ map:     4.72 kB^[[22m
installed-wheel (3.10)	Build and exercise an installed wheel outside the checkout	2026-09-08T05:40:14.4972463Z ^[[2m../precompiled/^[[22m^[[2massets/^[[22m^[[36mlogo-IuBKFhSY.js                        ^[[39m^[[1m^[[2m  3.25 kB^[[22m^[[1m^[[22m^[[2m │ gzip:   1.52 kB^[[22m^[[2m │ map:     3.88 kB^[[22m
installed-wheel (3.10)	Build and exercise an installed wheel outside the checkout	2026-09-08T05:40:14.4974392Z ^[[2m../precompiled/^[[22m^[[2massets/^[[22m^[[36mpo-BFLt1xDp.js                          ^[[39m^[[1m^[[2m  3.42 kB^[[22m^[[1m^[[22m^[[2m │ gzip:   1.02 kB^[[22m^[[2m │ map:     5.24 kB^[[22m
installed-wheel (3.10)	Build and exercise an installed wheel outside the checkout	2026-09-08T05:40:14.4976913Z ^[[2m../precompiled/^[[22m^[[2massets/^[[22m^[[36mgenie-ajMbGru0.js                       ^[[39m^[[1m^[[2m  3.42 kB^[[22m^[[1m^[[22m^[[2m │ gzip:   1.25 kB^[[22m^[[2m │ map:     4.89 kB^[[22m
installed-wheel (3.10)	Build and exercise an installed wheel outside the checkout	2026-09-08T05:40:14.4978930Z ^[[2m../precompiled/^[[22m^[[2massets/^[[22m^[[36mtasl-CQjiPCtT.js                        ^[[39m^[[1m^[[2m  3.43 kB^[[22m^[[1m^[[22m^[[2m │ gzip:   0.92 kB^[[22m^[[2m │ map:     5.21 kB^[[22m
installed-wheel (3.10)	Build and exercise an installed wheel outside the checkout	2026-09-08T05:40:14.4980930Z ^[[2m../precompiled/^[[22m^[[2massets/^[[22m^[[36mvala-BFOHcciG.js                        ^[[39m^[[1m^[[2m  3.45 kB^[[22m^[[1m^[[22m^[[2m │ gzip:   1.23 kB^[[22m^[[2m │ map:     4.92 kB^[[22m
installed-wheel (3.10)	Build and exercise an installed wheel outside the checkout	2026-09-08T05:40:14.4982963Z ^[[2m../precompiled/^[[22m^[[2massets/^[[22m^[[36mmipsasm-BC5c_5Pe.js                     ^[[39m^[[1m^[[2m  3.46 kB^[[22m^[[1m^[[22m^[[2m │ gzip:   1.31 kB^[[22m^[[2m │ map:     4.82 kB^[[22m
installed-wheel (3.10)	Build and exercise an installed wheel outside the checkout	2026-09-08T05:40:14.4985205Z ^[[2m../precompiled/^[[22m^[[2massets/^[[22m^[[36mrel-DJlmqQ1C.js                         ^[[39m^[[1m^[[2m  3.47 kB^[[22m^[[1m^[[22m^[[2m │ gzip:   1.14 kB^[[22m^[[2m │ map:     5.00 kB^[[22m
installed-wheel (3.10)	Build and exercise an installed wheel outside the checkout	2026-09-08T05:40:14.4987243Z ^[[2m../precompiled/^[[22m^[[2massets/^[[22m^[[36mjson5-w8dY5SsB.js                       ^[[39m^[[1m^[[2m  3.58 kB^[[22m^[[1m^[[22m^[[2m │ gzip:   0.98 kB^[[22m^[[2m │ map:     5.30 kB^[[22m
installed-wheel (3.10)	Build and exercise an installed wheel outside the checkout	2026-09-08T05:40:14.4989309Z ^[[2m../precompiled/^[[22m^[[2massets/^[[22m^[[36mssh-config-BknIz3MU.js                  ^[[39m^[[1m^[[2m  3.66 kB^[[22m^[[1m^[[22m^[[2m │ gzip:   1.62 kB^[[22m^[[2m │ map:     4.46 kB^[[22m
installed-wheel (3.10)	Build and exercise an installed wheel outside the checkout	2026-09-08T05:40:14.4991314Z ^[[2m../precompiled/^[[22m^[[2massets/^[[22m^[[36mfluent-Dayu4EKP.js                      ^[[39m^[[1m^[[2m  3.67 kB^[[22m^[[1m^[[22m^[[2m │ gzip:   0.93 kB^[[22m^[[2m │ map:     5.21 kB^[[22m
installed-wheel (3.10)	Build and exercise an installed wheel outside the checkout	2026-09-08T05:40:14.4993355Z ^[[2m../precompiled/^[[22m^[[2massets/^[[22m^[[36mjsonnet-BfivnA6A.js                     ^[[39m^[[1m^[[2m  3.68 kB^[[22m^[[1m^[[22m^[[2m │ gzip:   1.10 kB^[[22m^[[2m │ map:     5.38 kB^[[22m
installed-wheel (3.10)	Build and exercise an installed wheel outside the checkout	2026-09-08T05:40:14.4995695Z ^[[2m../precompiled/^[[22m^[[2massets/^[[22m^[[36mnarrat-DLbgOhZU.js                      ^[[39m^[[1m^[[2m  3.74 kB^[[22m^[[1m^[[22m^[[2m │ gzip:   1.14 kB^[[22m^[[2m │ map:     5.46 kB^[[22m
installed-wheel (3.10)	Build and exercise an installed wheel outside the checkout	2026-09-08T05:40:14.4997774Z ^[[2m../precompiled/^[[22m^[[2massets/^[[22m^[[36mturtle-BMR_PYu6.js                      ^[[39m^[[1m^[[2m  3.76 kB^[[22m^[[1m^[[22m^[[2m │ gzip:   1.02 kB^[[22m^[[2m │ map:     5.50 kB^[[22m
installed-wheel (3.10)	Build and exercise an installed wheel outside the checkout	2026-09-08T05:40:14.4999760Z ^[[2m../precompiled/^[[22m^[[2massets/^[[22m^[[36msplunk-Cf8iN4DR.js                      ^[[39m^[[1m^[[2m  3.96 kB^[[22m^[[1m^[[22m^[[2m │ gzip:   1.69 kB^[[22m^[[2m │ map:     5.13 kB^[[22m
installed-wheel (3.10)	Build and exercise an installed wheel outside the checkout	2026-09-08T05:40:14.5001746Z ^[[2m../precompiled/^[[22m^[[2massets/^[[22m^[[36mglsl-DBO2IWDn.js                        ^[[39m^[[1m^[[2m  3.98 kB^[[22m^[[1m^[[22m^[[2m │ gzip:   1.46 kB^[[22m^[[2m │ map:     4.67 kB^[[22m
installed-wheel (3.10)	Build and exercise an installed wheel outside the checkout	2026-09-08T05:40:14.5003794Z ^[[2m../precompiled/^[[22m^[[2massets/^[[22m^[[36mnextflow-B0XVJmRM.js                    ^[[39m^[[1m^[[2m  4.00 kB^[[22m^[[1m^[[22m^[[2m │ gzip:   1.13 kB^[[22m^[[2m │ map:     5.94 kB^[[22m
installed-wheel (3.10)	Build and exercise an installed wheel outside the checkout	2026-09-08T05:40:14.5006053Z ^[[2m../precompiled/^[[22m^[[2massets/^[[22m^[[36msdbl-BLhTXw86.js                        ^[[39m^[[1m^[[2m  4.18 kB^[[22m^[[1m^[[22m^[[2m │ gzip:   2.15 kB^[[22m^[[2m │ map:     5.48 kB^[[22m
installed-wheel (3.10)	Build and exercise an installed wheel outside the checkout	2026-09-08T05:40:14.5008188Z ^[[2m../precompiled/^[[22m^[[2massets/^[[22m^[[36mpascal-JqZropPD.js                      ^[[39m^[[1m^[[2m  4.22 kB^[[22m^[[1m^[[22m^[[2m │ gzip:   1.71 kB^[[22m^[[2m │ map:     5.55 kB^[[22m
installed-wheel (3.10)	Build and exercise an installed wheel outside the checkout	2026-09-08T05:40:14.5010225Z ^[[2m../precompiled/^[[22m^[[2massets/^[[22m^[[36msmalltalk-DkLiglaE.js                   ^[[39m^[[1m^[[2m  4.25 kB^[[22m^[[1m^[[22m^[[2m │ gzip:   1.29 kB^[[22m^[[2m │ map:     6.06 kB^[[22m
installed-wheel (3.10)	Build and exercise an installed wheel outside the checkout	2026-09-08T05:40:14.5012246Z ^[[2m../precompiled/^[[22m^[[2massets/^[[22m^[[36mlean-XBlWyCtg.js                        ^[[39m^[[1m^[[2m  4.34 kB^[[22m^[[1m^[[22m^[[2m │ gzip:   1.36 kB^[[22m^[[2m │ map:     6.22 kB^[[22m
installed-wheel (3.10)	Build and exercise an installed wheel outside the checkout	2026-09-08T05:40:14.5014261Z ^[[2m../precompiled/^[[22m^[[2massets/^[[22m^[[36mzenscript-HnGAYVZD.js                   ^[[39m^[[1m^[[2m  4.44 kB^[[22m^[[1m^[[22m^[[2m │ gzip:   1.46 kB^[[22m^[[2m │ map:     6.46 kB^[[22m
installed-wheel (3.10)	Build and exercise an installed wheel outside the checkout	2026-09-08T05:40:14.5016462Z ^[[2m../precompiled/^[[22m^[[2massets/^[[22m^[[36mbicep-DHo0CJ0O.js                       ^[[39m^[[1m^[[2m  4.50 kB^[[22m^[[1m^[[22m^[[2m │ gzip:   1.11 kB^[[22m^[[2m │ map:     6.69 kB^[[22m
installed-wheel (3.10)	Build and exercise an installed wheel outside the checkout	2026-09-08T05:40:14.5018817Z ^[[2m../precompiled/^[[22m^[[2massets/^[[22m^[[36mhttp-FRrOvY1W.js                        ^[[39m^[[1m^[[2m  4.70 kB^[[22m^[[1m^[[22m^[[2m │ gzip:   1.17 kB^[[22m^[[2m │ map:     6.84 kB^[[22m
installed-wheel (3.10)	Build and exercise an installed wheel outside the checkout	2026-09-08T05:40:14.5020771Z ^[[2m../precompiled/^[[22m^[[2massets/^[[22m^[[36mpolar-DKykz6zU.js                       ^[[39m^[[1m^[[2m  4.72 kB^[[22m^[[1m^[[22m^[[2m │ gzip:   1.21 kB^[[22m^[[2m │ map:     7.23 kB^[[22m
installed-wheel (3.10)	Build and exercise an installed wheel outside the checkout	2026-09-08T05:40:14.5022757Z ^[[2m../precompiled/^[[22m^[[2massets/^[[22m^[[36mfennel-bCA53EVm.js                      ^[[39m^[[1m^[[2m  4.87 kB^[[22m^[[1m^[[22m^[[2m │ gzip:   1.59 kB^[[22m^[[2m │ map:     6.51 kB^[[22m
installed-wheel (3.10)	Build and exercise an installed wheel outside the checkout	2026-09-08T05:40:14.5024697Z ^[[2m../precompiled/^[[22m^[[2massets/^[[22m^[[36mtcl-DQ1-QYvQ.js                         ^[[39m^[[1m^[[2m  5.06 kB^[[22m^[[1m^[[22m^[[2m │ gzip:   1.73 kB^[[22m^[[2m │ map:     7.21 kB^[[22m
installed-wheel (3.10)	Build and exercise an installed wheel outside the checkout	2026-09-08T05:40:14.5026815Z ^[[2m../precompiled/^[[22m^[[2massets/^[[22m^[[36mbibtex-xW4inM5L.js                      ^[[39m^[[1m^[[2m  5.12 kB^[[22m^[[1m^[[22m^[[2m │ gzip:   0.84 kB^[[22m^[[2m │ map:     7.44 kB^[[22m
installed-wheel (3.10)	Build and exercise an installed wheel outside the checkout	2026-09-08T05:40:14.5028801Z ^[[2m../precompiled/^[[22m^[[2massets/^[[22m^[[36mfish-w-ucz2PV.js                        ^[[39m^[[1m^[[2m  5.43 kB^[[22m^[[1m^[[22m^[[2m │ gzip:   1.72 kB^[[22m^[[2m │ map:     7.11 kB^[[22m
installed-wheel (3.10)	Build and exercise an installed wheel outside the checkout	2026-09-08T05:40:14.5030740Z ^[[2m../precompiled/^[[22m^[[2massets/^[[22m^[[36mxml-e3z08dGr.js                         ^[[39m^[[1m^[[2m  5.45 kB^[[22m^[[1m^[[22m^[[2m │ gzip:   1.26 kB^[[22m^[[2m │ map:     7.85 kB^[[22m
installed-wheel (3.10)	Build and exercise an installed wheel outside the checkout	2026-09-08T05:40:14.5032687Z ^[[2m../precompiled/^[[22m^[[2massets/^[[22m^[[36mqml-D8XfuvdV.js                         ^[[39m^[[1m^[[2m  5.47 kB^[[22m^[[1m^[[22m^[[2m │ gzip:   1.42 kB^[[22m^[[2m │ map:     8.28 kB^[[22m
installed-wheel (3.10)	Build and exercise an installed wheel outside the checkout	2026-09-08T05:40:14.5034604Z ^[[2m../precompiled/^[[22m^[[2massets/^[[22m^[[36mzig-BVz_zdnA.js                         ^[[39m^[[1m^[[2m  5.50 kB^[[22m^[[1m^[[22m^[[2m │ gzip:   1.63 kB^[[22m^[[2m │ map:     7.97 kB^[[22m
installed-wheel (3.10)	Build and exercise an installed wheel outside the checkout	2026-09-08T05:40:14.5036698Z ^[[2m../precompiled/^[[22m^[[2massets/^[[22m^[[36mgdresource-BHYsBjWJ.js                  ^[[39m^[[1m^[[2m  5.52 kB^[[22m^[[1m^[[22m^[[2m │ gzip:   1.40 kB^[[22m^[[2m │ map:     7.98 kB^[[22m
installed-wheel (3.10)	Build and exercise an installed wheel outside the checkout	2026-09-08T05:40:14.5038796Z ^[[2m../precompiled/^[[22m^[[2massets/^[[22m^[[36mawk-eg146-Ew.js                         ^[[39m^[[1m^[[2m  5.54 kB^[[22m^[[1m^[[22m^[[2m │ gzip:   1.42 kB^[[22m^[[2m │ map:     8.03 kB^[[22m
installed-wheel (3.10)	Build and exercise an installed wheel outside the checkout	2026-09-08T05:40:14.5040832Z ^[[2m../precompiled/^[[22m^[[2massets/^[[22m^[[36mdax-ClGRhx96.js                         ^[[39m^[[1m^[[2m  5.57 kB^[[22m^[[1m^[[22m^[[2m │ gzip:   2.31 kB^[[22m^[[2m │ map:     6.95 kB^[[22m
installed-wheel (3.10)	Build and exercise an installed wheel outside the checkout	2026-09-08T05:40:14.5042851Z ^[[2m../precompiled/^[[22m^[[2massets/^[[22m^[[36mjinja-DGy0s7-h.js                       ^[[39m^[[1m^[[2m  5.77 kB^[[22m^[[1m^[[22m^[[2m │ gzip:   1.45 kB^[[22m^[[2m │ map:     8.46 kB^[[22m
installed-wheel (3.10)	Build and exercise an installed wheel outside the checkout	2026-09-08T05:40:14.5045133Z ^[[2m../precompiled/^[[22m^[[2massets/^[[22m^[[36mpowerquery-CSHBycmS.js                  ^[[39m^[[1m^[[2m  5.98 kB^[[22m^[[1m^[[22m^[[2m │ gzip:   1.55 kB^[[22m^[[2m │ map:     8.55 kB^[[22m
installed-wheel (3.10)	Build and exercise an installed wheel outside the checkout	2026-09-08T05:40:14.5047291Z ^[[2m../precompiled/^[[22m^[[2massets/^[[22m^[[36mverilog-CJaU5se_.js                     ^[[39m^[[1m^[[2m  5.98 kB^[[22m^[[1m^[[22m^[[2m │ gzip:   1.93 kB^[[22m^[[2m │ map:     8.01 kB^[[22m
installed-wheel (3.10)	Build and exercise an installed wheel outside the checkout	2026-09-08T05:40:14.5049242Z ^[[2m../precompiled/^[[22m^[[2massets/^[[22m^[[36mcoq-Dsg_Bt_b.js                         ^[[39m^[[1m^[[2m  6.03 kB^[[22m^[[1m^[[22m^[[2m │ gzip:   2.06 kB^[[22m^[[2m │ map:     8.18 kB^[[22m
installed-wheel (3.10)	Build and exercise an installed wheel outside the checkout	2026-09-08T05:40:14.5051162Z ^[[2m../precompiled/^[[22m^[[2massets/^[[22m^[[36mvb-CdO5JTpU.js                          ^[[39m^[[1m^[[2m  6.30 kB^[[22m^[[1m^[[22m^[[2m │ gzip:   2.40 kB^[[22m^[[2m │ map:     8.25 kB^[[22m
installed-wheel (3.10)	Build and exercise an installed wheel outside the checkout	2026-09-08T05:40:14.5053132Z ^[[2m../precompiled/^[[22m^[[2massets/^[[22m^[[36mred-bN70gL4F.js                         ^[[39m^[[1m^[[2m  6.30 kB^[[22m^[[1m^[[22m^[[2m │ gzip:   1.64 kB^[[22m^[[2m │ map:     8.85 kB^[[22m
installed-wheel (3.10)	Build and exercise an installed wheel outside the checkout	2026-09-08T05:40:14.5055346Z ^[[2m../precompiled/^[[22m^[[2massets/^[[22m^[[36mshaderlab-B7qAK45m.js                   ^[[39m^[[1m^[[2m  6.32 kB^[[22m^[[1m^[[22m^[[2m │ gzip:   2.13 kB^[[22m^[[2m │ map:     8.03 kB^[[22m
installed-wheel (3.10)	Build and exercise an installed wheel outside the checkout	2026-09-08T05:40:14.5057376Z ^[[2m../precompiled/^[[22m^[[2massets/^[[22m^[[36mmin-dark-CafNBF8u.js                    ^[[39m^[[1m^[[2m  6.34 kB^[[22m^[[1m^[[22m^[[2m │ gzip:   1.75 kB^[[22m^[[2m │ map:     8.59 kB^[[22m
installed-wheel (3.10)	Build and exercise an installed wheel outside the checkout	2026-09-08T05:40:14.5059786Z ^[[2m../precompiled/^[[22m^[[2massets/^[[22m^[[36mgdshader-SKMF96pI.js                    ^[[39m^[[1m^[[2m  6.42 kB^[[22m^[[1m^[[22m^[[2m │ gzip:   1.79 kB^[[22m^[[2m │ map:     9.22 kB^[[22m
installed-wheel (3.10)	Build and exercise an installed wheel outside the checkout	2026-09-08T05:40:14.5061785Z ^[[2m../precompiled/^[[22m^[[2massets/^[[22m^[[36mprisma-B48N-Iqd.js                      ^[[39m^[[1m^[[2m  6.43 kB^[[22m^[[1m^[[22m^[[2m │ gzip:   1.43 kB^[[22m^[[2m │ map:     9.35 kB^[[22m
installed-wheel (3.10)	Build and exercise an installed wheel outside the checkout	2026-09-08T05:40:14.5063771Z ^[[2m../precompiled/^[[22m^[[2massets/^[[22m^[[36mwgsl-CB0Krxn9.js                        ^[[39m^[[1m^[[2m  6.53 kB^[[22m^[[1m^[[22m^[[2m │ gzip:   1.74 kB^[[22m^[[2m │ map:     9.36 kB^[[22m
installed-wheel (3.10)	Build and exercise an installed wheel outside the checkout	2026-09-08T05:40:14.5065989Z ^[[2m../precompiled/^[[22m^[[2massets/^[[22m^[[36msolarized-light-L9t79GZl.js             ^[[39m^[[1m^[[2m  6.53 kB^[[22m^[[1m^[[22m^[[2m │ gzip:   1.77 kB^[[22m^[[2m │ map:     9.21 kB^[[22m
installed-wheel (3.10)	Build and exercise an installed wheel outside the checkout	2026-09-08T05:40:14.5068043Z ^[[2m../precompiled/^[[22m^[[2massets/^[[22m^[[36mpostcss-B3ZDOciz.js                     ^[[39m^[[1m^[[2m  6.56 kB^[[22m^[[1m^[[22m^[[2m │ gzip:   1.97 kB^[[22m^[[2m │ map:     9.26 kB^[[22m
installed-wheel (3.10)	Build and exercise an installed wheel outside the checkout	2026-09-08T05:40:14.5070103Z ^[[2m../precompiled/^[[22m^[[2massets/^[[22m^[[36mtoml-CB2ApiWb.js                        ^[[39m^[[1m^[[2m  6.58 kB^[[22m^[[1m^[[22m^[[2m │ gzip:   1.34 kB^[[22m^[[2m │ map:     9.58 kB^[[22m
installed-wheel (3.10)	Build and exercise an installed wheel outside the checkout	2026-09-08T05:40:14.5072170Z ^[[2m../precompiled/^[[22m^[[2massets/^[[22m^[[36mproto-zocC4JxJ.js                       ^[[39m^[[1m^[[2m  6.62 kB^[[22m^[[1m^[[22m^[[2m │ gzip:   1.46 kB^[[22m^[[2m │ map:     9.92 kB^[[22m
installed-wheel (3.10)	Build and exercise an installed wheel outside the checkout	2026-09-08T05:40:14.5074216Z ^[[2m../precompiled/^[[22m^[[2massets/^[[22m^[[36mtalonscript-C1XDQQGZ.js                 ^[[39m^[[1m^[[2m  6.75 kB^[[22m^[[1m^[[22m^[[2m │ gzip:   1.51 kB^[[22m^[[2m │ map:    10.06 kB^[[22m
installed-wheel (3.10)	Build and exercise an installed wheel outside the checkout	2026-09-08T05:40:14.5076409Z ^[[2m../precompiled/^[[22m^[[2massets/^[[22m^[[36mcypher-m2LEI-9-.js                      ^[[39m^[[1m^[[2m  6.86 kB^[[22m^[[1m^[[22m^[[2m │ gzip:   1.87 kB^[[22m^[[2m │ map:     9.41 kB^[[22m
installed-wheel (3.10)	Build and exercise an installed wheel outside the checkout	2026-09-08T05:40:14.5078489Z ^[[2m../precompiled/^[[22m^[[2massets/^[[22m^[[36msolarized-dark-DXbdFlpD.js              ^[[39m^[[1m^[[2m  6.90 kB^[[22m^[[1m^[[22m^[[2m │ gzip:   1.83 kB^[[22m^[[2m │ map:     9.67 kB^[[22m
installed-wheel (3.10)	Build and exercise an installed wheel outside the checkout	2026-09-08T05:40:14.5080552Z ^[[2m../precompiled/^[[22m^[[2massets/^[[22m^[[36msoy-C-lX7w71.js                         ^[[39m^[[1m^[[2m  6.99 kB^[[22m^[[1m^[[22m^[[2m │ gzip:   1.71 kB^[[22m^[[2m │ map:    10.61 kB^[[22m
installed-wheel (3.10)	Build and exercise an installed wheel outside the checkout	2026-09-08T05:40:14.5082526Z ^[[2m../precompiled/^[[22m^[[2massets/^[[22m^[[36mmin-light-CTRr51gU.js                   ^[[39m^[[1m^[[2m  7.02 kB^[[22m^[[1m^[[22m^[[2m │ gzip:   1.92 kB^[[22m^[[2m │ map:     9.51 kB^[[22m
installed-wheel (3.10)	Build and exercise an installed wheel outside the checkout	2026-09-08T05:40:14.5084539Z ^[[2m../precompiled/^[[22m^[[2massets/^[[22m^[[36mclojure-DxSadP1t.js                     ^[[39m^[[1m^[[2m  7.12 kB^[[22m^[[1m^[[22m^[[2m │ gzip:   1.52 kB^[[22m^[[2m │ map:    10.55 kB^[[22m
installed-wheel (3.10)	Build and exercise an installed wheel outside the checkout	2026-09-08T05:40:14.5086727Z ^[[2m../precompiled/^[[22m^[[2massets/^[[22m^[[36mara-7O62HKoU.js                         ^[[39m^[[1m^[[2m  7.29 kB^[[22m^[[1m^[[22m^[[2m │ gzip:   2.16 kB^[[22m^[[2m │ map:    10.37 kB^[[22m
installed-wheel (3.10)	Build and exercise an installed wheel outside the checkout	2026-09-08T05:40:14.5088725Z ^[[2m../precompiled/^[[22m^[[2massets/^[[22m^[[36mhlsl-ifBTmRxC.js                        ^[[39m^[[1m^[[2m  7.65 kB^[[22m^[[1m^[[22m^[[2m │ gzip:   2.27 kB^[[22m^[[2m │ map:     9.59 kB^[[22m
installed-wheel (3.10)	Build and exercise an installed wheel outside the checkout	2026-09-08T05:40:14.5090711Z ^[[2m../precompiled/^[[22m^[[2massets/^[[22m^[[36mriscv-QhoSD0DR.js                       ^[[39m^[[1m^[[2m  7.75 kB^[[22m^[[1m^[[22m^[[2m │ gzip:   2.25 kB^[[22m^[[2m │ map:    10.64 kB^[[22m
installed-wheel (3.10)	Build and exercise an installed wheel outside the checkout	2026-09-08T05:40:14.5092684Z ^[[2m../precompiled/^[[22m^[[2massets/^[[22m^[[36mqss-DhMKtDLN.js                         ^[[39m^[[1m^[[2m  7.86 kB^[[22m^[[1m^[[22m^[[2m │ gzip:   2.63 kB^[[22m^[[2m │ map:     9.73 kB^[[22m
installed-wheel (3.10)	Build and exercise an installed wheel outside the checkout	2026-09-08T05:40:14.5094697Z ^[[2m../precompiled/^[[22m^[[2massets/^[[22m^[[36mmonokai-D4h5O-jR.js                     ^[[39m^[[1m^[[2m  7.93 kB^[[22m^[[1m^[[22m^[[2m │ gzip:   1.94 kB^[[22m^[[2m │ map:    11.07 kB^[[22m
installed-wheel (3.10)	Build and exercise an installed wheel outside the checkout	2026-09-08T05:40:14.5096889Z ^[[2m../precompiled/^[[22m^[[2massets/^[[22m^[[36mdart-B9wLZaAG.js                        ^[[39m^[[1m^[[2m  7.93 kB^[[22m^[[1m^[[22m^[[2m │ gzip:   1.96 kB^[[22m^[[2m │ map:    11.65 kB^[[22m
installed-wheel (3.10)	Build and exercise an installed wheel outside the checkout	2026-09-08T05:40:14.5099132Z ^[[2m../precompiled/^[[22m^[[2massets/^[[22m^[[36msystemd-CUnW07Te.js                     ^[[39m^[[1m^[[2m  8.04 kB^[[22m^[[1m^[[22m^[[2m │ gzip:   2.61 kB^[[22m^[[2m │ map:    10.81 kB^[[22m
installed-wheel (3.10)	Build and exercise an installed wheel outside the checkout	2026-09-08T05:40:14.5101324Z ^[[2m../precompiled/^[[22m^[[2massets/^[[22m^[[36mregexp-DWJ3fJO_.js                      ^[[39m^[[1m^[[2m  8.11 kB^[[22m^[[1m^[[22m^[[2m │ gzip:   1.49 kB^[[22m^[[2m │ map:    11.26 kB^[[22m
installed-wheel (3.10)	Build and exercise an installed wheel outside the checkout	2026-09-08T05:40:14.5103288Z ^[[2m../precompiled/^[[22m^[[2massets/^[[22m^[[36mhaml-B2EZWmdv.js                        ^[[39m^[[1m^[[2m  8.53 kB^[[22m^[[1m^[[22m^[[2m │ gzip:   1.91 kB^[[22m^[[2m │ map:    12.74 kB^[[22m
installed-wheel (3.10)	Build and exercise an installed wheel outside the checkout	2026-09-08T05:40:14.5105422Z ^[[2m../precompiled/^[[22m^[[2massets/^[[22m^[[36mtypst-BVUVsWT6.js                       ^[[39m^[[1m^[[2m  8.60 kB^[[22m^[[1m^[[22m^[[2m │ gzip:   1.74 kB^[[22m^[[2m │ map:    12.54 kB^[[22m
installed-wheel (3.10)	Build and exercise an installed wheel outside the checkout	2026-09-08T05:40:14.5107420Z ^[[2m../precompiled/^[[22m^[[2massets/^[[22m^[[36mplsql-LKU2TuZ1.js                       ^[[39m^[[1m^[[2m  8.61 kB^[[22m^[[1m^[[22m^[[2m │ gzip:   3.04 kB^[[22m^[[2m │ map:    10.94 kB^[[22m
installed-wheel (3.10)	Build and exercise an installed wheel outside the checkout	2026-09-08T05:40:14.5109424Z ^[[2m../precompiled/^[[22m^[[2massets/^[[22m^[[36mvue-html-xdeiXROB.js                    ^[[39m^[[1m^[[2m  8.74 kB^[[22m^[[1m^[[22m^[[2m │ gzip:   1.81 kB^[[22m^[[2m │ map:    12.07 kB^[[22m
installed-wheel (3.10)	Build and exercise an installed wheel outside the checkout	2026-09-08T05:40:14.5111482Z ^[[2m../precompiled/^[[22m^[[2massets/^[[22m^[[36mscheme-BJGe-b2p.js                      ^[[39m^[[1m^[[2m  8.76 kB^[[22m^[[1m^[[22m^[[2m │ gzip:   2.63 kB^[[22m^[[2m │ map:    11.81 kB^[[22m
installed-wheel (3.10)	Build and exercise an installed wheel outside the checkout	2026-09-08T05:40:14.5113508Z ^[[2m../precompiled/^[[22m^[[2massets/^[[22m^[[36mkotlin-B5lbUyaz.js                      ^[[39m^[[1m^[[2m  8.86 kB^[[22m^[[1m^[[22m^[[2m │ gzip:   2.18 kB^[[22m^[[2m │ map:    12.82 kB^[[22m
installed-wheel (3.10)	Build and exercise an installed wheel outside the checkout	2026-09-08T05:40:14.5115722Z ^[[2m../precompiled/^[[22m^[[2massets/^[[22m^[[36mandromeeda-C3khCPGq.js                  ^[[39m^[[1m^[[2m  8.91 kB^[[22m^[[1m^[[22m^[[2m │ gzip:   2.34 kB^[[22m^[[2m │ map:    11.73 kB^[[22m
installed-wheel (3.10)	Build and exercise an installed wheel outside the checkout	2026-09-08T05:40:14.5117794Z ^[[2m../precompiled/^[[22m^[[2massets/^[[22m^[[36mmake-Bvotw-X0.js                        ^[[39m^[[1m^[[2m  9.06 kB^[[22m^[[1m^[[22m^[[2m │ gzip:   1.81 kB^[[22m^[[2m │ map:    12.91 kB^[[22m
installed-wheel (3.10)	Build and exercise an installed wheel outside the checkout	2026-09-08T05:40:14.5119834Z ^[[2m../precompiled/^[[22m^[[2massets/^[[22m^[[36mdark-plus-C3mMm8J8.js                   ^[[39m^[[1m^[[2m  9.14 kB^[[22m^[[1m^[[22m^[[2m │ gzip:   2.14 kB^[[22m^[[2m │ map:    12.40 kB^[[22m
installed-wheel (3.10)	Build and exercise an installed wheel outside the checkout	2026-09-08T05:40:14.5121900Z ^[[2m../precompiled/^[[22m^[[2massets/^[[22m^[[36mslack-dark-BthQWCQV.js                  ^[[39m^[[1m^[[2m  9.17 kB^[[22m^[[1m^[[22m^[[2m │ gzip:   2.00 kB^[[22m^[[2m │ map:    12.49 kB^[[22m
installed-wheel (3.10)	Build and exercise an installed wheel outside the checkout	2026-09-08T05:40:14.5123934Z ^[[2m../precompiled/^[[22m^[[2massets/^[[22m^[[36mts-tags-CipyTH0X.js                     ^[[39m^[[1m^[[2m  9.22 kB^[[22m^[[1m^[[22m^[[2m │ gzip:   1.28 kB^[[22m^[[2m │ map:    14.64 kB^[[22m
installed-wheel (3.10)	Build and exercise an installed wheel outside the checkout	2026-09-08T05:40:14.5126104Z ^[[2m../precompiled/^[[22m^[[2massets/^[[22m^[[36mplastic-3e1v2bzS.js                     ^[[39m^[[1m^[[2m  9.34 kB^[[22m^[[1m^[[22m^[[2m │ gzip:   2.01 kB^[[22m^[[2m │ map:    12.46 kB^[[22m
installed-wheel (3.10)	Build and exercise an installed wheel outside the checkout	2026-09-08T05:40:14.5128119Z ^[[2m../precompiled/^[[22m^[[2massets/^[[22m^[[36mtex-rYs2v40G.js                         ^[[39m^[[1m^[[2m  9.41 kB^[[22m^[[1m^[[22m^[[2m │ gzip:   2.98 kB^[[22m^[[2m │ map:    12.00 kB^[[22m
installed-wheel (3.10)	Build and exercise an installed wheel outside the checkout	2026-09-08T05:40:14.5130146Z ^[[2m../precompiled/^[[22m^[[2massets/^[[22m^[[36msass-BJ4Li9vH.js                        ^[[39m^[[1m^[[2m  9.45 kB^[[22m^[[1m^[[22m^[[2m │ gzip:   2.53 kB^[[22m^[[2m │ map:    13.59 kB^[[22m
installed-wheel (3.10)	Build and exercise an installed wheel outside the checkout	2026-09-08T05:40:14.5132190Z ^[[2m../precompiled/^[[22m^[[2massets/^[[22m^[[36mslack-ochin-DqwNpetd.js                 ^[[39m^[[1m^[[2m  9.48 kB^[[22m^[[1m^[[22m^[[2m │ gzip:   2.13 kB^[[22m^[[2m │ map:    13.09 kB^[[22m
installed-wheel (3.10)	Build and exercise an installed wheel outside the checkout	2026-09-08T05:40:14.5134235Z ^[[2m../precompiled/^[[22m^[[2massets/^[[22m^[[36mjison-BqZprYcd.js                       ^[[39m^[[1m^[[2m  9.77 kB^[[22m^[[1m^[[22m^[[2m │ gzip:   1.90 kB^[[22m^[[2m │ map:    14.13 kB^[[22m
installed-wheel (3.10)	Build and exercise an installed wheel outside the checkout	2026-09-08T05:40:14.5136031Z ^[[2m../precompiled/^[[22m^[[2massets/^[[22m^[[36msas-BmTFh92c.js                         ^[[39m^[[1m^[[2m  9.83 kB^[[22m^[[1m^[[22m^[[2m │ gzip:   4.10 kB^[[22m^[[2m │ map:    11.97 kB^[[22m
installed-wheel (3.10)	Build and exercise an installed wheel outside the checkout	2026-09-08T05:40:14.5137338Z ^[[2m../precompiled/^[[22m^[[2massets/^[[22m^[[36mlight-plus-B7mTdjB0.js                  ^[[39m^[[1m^[[2m  9.99 kB^[[22m^[[1m^[[22m^[[2m │ gzip:   2.31 kB^[[22m^[[2m │ map:    13.39 kB^[[22m
installed-wheel (3.10)	Build and exercise an installed wheel outside the checkout	2026-09-08T05:40:14.5138748Z ^[[2m../precompiled/^[[22m^[[2massets/^[[22m^[[36mgherkin--30QC5Em.js                     ^[[39m^[[1m^[[2m 10.16 kB^[[22m^[[1m^[[22m^[[2m │ gzip:   5.17 kB^[[22m^[[2m │ map:    11.28 kB^[[22m
installed-wheel (3.10)	Build and exercise an installed wheel outside the checkout	2026-09-08T05:40:14.5140014Z ^[[2m../precompiled/^[[22m^[[2massets/^[[22m^[[36mcmake-DbXoA79R.js                       ^[[39m^[[1m^[[2m 10.55 kB^[[22m^[[1m^[[22m^[[2m │ gzip:   3.62 kB^[[22m^[[2m │ map:    12.14 kB^[[22m
installed-wheel (3.10)	Build and exercise an installed wheel outside the checkout	2026-09-08T05:40:14.5141130Z ^[[2m../precompiled/^[[22m^[[2massets/^[[22m^[[36mraku-B1bQXN8T.js                        ^[[39m^[[1m^[[2m 10.65 kB^[[22m^[[1m^[[22m^[[2m │ gzip:   2.99 kB^[[22m^[[2m │ map:    13.12 kB^[[22m
installed-wheel (3.10)	Build and exercise an installed wheel outside the checkout	2026-09-08T05:40:14.5142262Z ^[[2m../precompiled/^[[22m^[[2massets/^[[22m^[[36mdream-maker-C-nORZOA.js                 ^[[39m^[[1m^[[2m 10.66 kB^[[22m^[[1m^[[22m^[[2m │ gzip:   2.34 kB^[[22m^[[2m │ map:    15.33 kB^[[22m
installed-wheel (3.10)	Build and exercise an installed wheel outside the checkout	2026-09-08T05:40:14.5143426Z ^[[2m../precompiled/^[[22m^[[2massets/^[[22m^[[36mrst-4NLicBqY.js                         ^[[39m^[[1m^[[2m 10.69 kB^[[22m^[[1m^[[22m^[[2m │ gzip:   2.45 kB^[[22m^[[2m │ map:    15.54 kB^[[22m
installed-wheel (3.10)	Build and exercise an installed wheel outside the checkout	2026-09-08T05:40:14.5144563Z ^[[2m../precompiled/^[[22m^[[2massets/^[[22m^[[36mbeancount-BwXTMy5W.js                   ^[[39m^[[1m^[[2m 10.80 kB^[[22m^[[1m^[[22m^[[2m │ gzip:   1.56 kB^[[22m^[[2m │ map:    15.67 kB^[[22m
installed-wheel (3.10)	Build and exercise an installed wheel outside the checkout	2026-09-08T05:40:14.5145856Z ^[[2m../precompiled/^[[22m^[[2massets/^[[22m^[[36myaml-CVw76BM1.js                        ^[[39m^[[1m^[[2m 10.84 kB^[[22m^[[1m^[[22m^[[2m │ gzip:   2.33 kB^[[22m^[[2m │ map:    15.27 kB^[[22m
installed-wheel (3.10)	Build and exercise an installed wheel outside the checkout	2026-09-08T05:40:14.5146966Z ^[[2m../precompiled/^[[22m^[[2massets/^[[22m^[[36mcadence-DNquZEk8.js                     ^[[39m^[[1m^[[2m 11.08 kB^[[22m^[[1m^[[22m^[[2m │ gzip:   2.36 kB^[[22m^[[2m │ map:    15.86 kB^[[22m
installed-wheel (3.10)	Build and exercise an installed wheel outside the checkout	2026-09-08T05:40:14.5148112Z ^[[2m../precompiled/^[[22m^[[2massets/^[[22m^[[36mgithub-light-DAi9KRSo.js                ^[[39m^[[1m^[[2m 11.23 kB^[[22m^[[1m^[[22m^[[2m │ gzip:   2.54 kB^[[22m^[[2m │ map:    15.39 kB^[[22m
installed-wheel (3.10)	Build and exercise an installed wheel outside the checkout	2026-09-08T05:40:14.5149232Z ^[[2m../precompiled/^[[22m^[[2massets/^[[22m^[[36melm-CmHSxxaM.js                         ^[[39m^[[1m^[[2m 11.33 kB^[[22m^[[1m^[[22m^[[2m │ gzip:   2.26 kB^[[22m^[[2m │ map:    16.51 kB^[[22m
installed-wheel (3.10)	Build and exercise an installed wheel outside the checkout	2026-09-08T05:40:14.5150360Z ^[[2m../precompiled/^[[22m^[[2massets/^[[22m^[[36mgithub-dark-DHJKELXO.js                 ^[[39m^[[1m^[[2m 11.45 kB^[[22m^[[1m^[[22m^[[2m │ gzip:   2.59 kB^[[22m^[[2m │ map:    15.66 kB^[[22m
installed-wheel (3.10)	Build and exercise an installed wheel outside the checkout	2026-09-08T05:40:14.5151545Z ^[[2m../precompiled/^[[22m^[[2massets/^[[22m^[[36mprolog-BY-TUvya.js                      ^[[39m^[[1m^[[2m 11.48 kB^[[22m^[[1m^[[22m^[[2m │ gzip:   3.88 kB^[[22m^[[2m │ map:    13.39 kB^[[22m
installed-wheel (3.10)	Build and exercise an installed wheel outside the checkout	2026-09-08T05:40:14.5152698Z ^[[2m../precompiled/^[[22m^[[2massets/^[[22m^[[36mlaserwave-DUszq2jm.js                   ^[[39m^[[1m^[[2m 11.55 kB^[[22m^[[1m^[[22m^[[2m │ gzip:   2.61 kB^[[22m^[[2m │ map:    14.68 kB^[[22m
installed-wheel (3.10)	Build and exercise an installed wheel outside the checkout	2026-09-08T05:40:14.5153820Z ^[[2m../precompiled/^[[22m^[[2massets/^[[22m^[[36mpuppet-Cza_XSSt.js                      ^[[39m^[[1m^[[2m 11.79 kB^[[22m^[[1m^[[22m^[[2m │ gzip:   2.27 kB^[[22m^[[2m │ map:    16.67 kB^[[22m
installed-wheel (3.10)	Build and exercise an installed wheel outside the checkout	2026-09-08T05:40:14.5155048Z ^[[2m../precompiled/^[[22m^[[2massets/^[[22m^[[36mhcl-HzYwdGDm.js                         ^[[39m^[[1m^[[2m 12.01 kB^[[22m^[[1m^[[22m^[[2m │ gzip:   2.54 kB^[[22m^[[2m │ map:    17.30 kB^[[22m
installed-wheel (3.10)	Build and exercise an installed wheel outside the checkout	2026-09-08T05:40:14.5156178Z ^[[2m../precompiled/^[[22m^[[2massets/^[[22m^[[36mhandlebars-BQGss363.js                  ^[[39m^[[1m^[[2m 12.31 kB^[[22m^[[1m^[[22m^[[2m │ gzip:   2.43 kB^[[22m^[[2m │ map:    17.55 kB^[[22m
installed-wheel (3.10)	Build and exercise an installed wheel outside the checkout	2026-09-08T05:40:14.5157312Z ^[[2m../precompiled/^[[22m^[[2massets/^[[22m^[[36mhjson-T-Tgc4AT.js                       ^[[39m^[[1m^[[2m 12.37 kB^[[22m^[[1m^[[22m^[[2m │ gzip:   1.71 kB^[[22m^[[2m │ map:    17.72 kB^[[22m
installed-wheel (3.10)	Build and exercise an installed wheel outside the checkout	2026-09-08T05:40:14.5158419Z ^[[2m../precompiled/^[[22m^[[2massets/^[[22m^[[36mvesper-BEBZ7ncR.js                      ^[[39m^[[1m^[[2m 12.71 kB^[[22m^[[1m^[[22m^[[2m │ gzip:   2.01 kB^[[22m^[[2m │ map:    16.10 kB^[[22m
installed-wheel (3.10)	Build and exercise an installed wheel outside the checkout	2026-09-08T05:40:14.5159557Z ^[[2m../precompiled/^[[22m^[[2massets/^[[22m^[[36mluau-Du5NY7AG.js                        ^[[39m^[[1m^[[2m 12.96 kB^[[22m^[[1m^[[22m^[[2m │ gzip:   3.15 kB^[[22m^[[2m │ map:    18.19 kB^[[22m
installed-wheel (3.10)	Build and exercise an installed wheel outside the checkout	2026-09-08T05:40:14.5160720Z ^[[2m../precompiled/^[[22m^[[2massets/^[[22m^[[36mbat-fje9CFhw.js                         ^[[39m^[[1m^[[2m 13.03 kB^[[22m^[[1m^[[22m^[[2m │ gzip:   3.30 kB^[[22m^[[2m │ map:    17.52 kB^[[22m
installed-wheel (3.10)	Build and exercise an installed wheel outside the checkout	2026-09-08T05:40:14.5162012Z ^[[2m../precompiled/^[[22m^[[2massets/^[[22m^[[36mapache-Dn00JSTd.js                      ^[[39m^[[1m^[[2m 13.26 kB^[[22m^[[1m^[[22m^[[2m │ gzip:   3.83 kB^[[22m^[[2m │ map:    16.70 kB^[[22m
installed-wheel (3.10)	Build and exercise an installed wheel outside the checkout	2026-09-08T05:40:14.5163264Z ^[[2m../precompiled/^[[22m^[[2massets/^[[22m^[[36mterraform-BbSNqyBO.js                   ^[[39m^[[1m^[[2m 13.42 kB^[[22m^[[1m^[[22m^[[2m │ gzip:   3.14 kB^[[22m^[[2m │ map:    18.82 kB^[[22m
installed-wheel (3.10)	Build and exercise an installed wheel outside the checkout	2026-09-08T05:40:14.5164408Z ^[[2m../precompiled/^[[22m^[[2massets/^[[22m^[[36mvitesse-light-CVO1_9PV.js               ^[[39m^[[1m^[[2m 13.67 kB^[[22m^[[1m^[[22m^[[2m │ gzip:   3.07 kB^[[22m^[[2m │ map:    18.53 kB^[[22m
installed-wheel (3.10)	Build and exercise an installed wheel outside the checkout	2026-09-08T05:40:14.5165671Z ^[[2m../precompiled/^[[22m^[[2massets/^[[22m^[[36maurora-x-D-2ljcwZ.js                    ^[[39m^[[1m^[[2m 13.71 kB^[[22m^[[1m^[[22m^[[2m │ gzip:   2.32 kB^[[22m^[[2m │ map:    17.55 kB^[[22m
installed-wheel (3.10)	Build and exercise an installed wheel outside the checkout	2026-09-08T05:40:14.5166828Z ^[[2m../precompiled/^[[22m^[[2massets/^[[22m^[[36mvitesse-black-Bkuqu6BP.js               ^[[39m^[[1m^[[2m 13.73 kB^[[22m^[[1m^[[22m^[[2m │ gzip:   3.09 kB^[[22m^[[2m │ map:    18.61 kB^[[22m
installed-wheel (3.10)	Build and exercise an installed wheel outside the checkout	2026-09-08T05:40:14.5168172Z ^[[2m../precompiled/^[[22m^[[2massets/^[[22m^[[36mv-CAQ2eGtk.js                           ^[[39m^[[1m^[[2m 13.78 kB^[[22m^[[1m^[[22m^[[2m │ gzip:   2.88 kB^[[22m^[[2m │ map:    20.15 kB^[[22m
installed-wheel (3.10)	Build and exercise an installed wheel outside the checkout	2026-09-08T05:40:14.5169317Z ^[[2m../precompiled/^[[22m^[[2massets/^[[22m^[[36mvitesse-dark-D0r3Knsf.js                ^[[39m^[[1m^[[2m 13.81 kB^[[22m^[[1m^[[22m^[[2m │ gzip:   3.10 kB^[[22m^[[2m │ map:    18.69 kB^[[22m
installed-wheel (3.10)	Build and exercise an installed wheel outside the checkout	2026-09-08T05:40:14.5170464Z ^[[2m../precompiled/^[[22m^[[2massets/^[[22m^[[36msynthwave-84-CbfX1IO0.js                ^[[39m^[[1m^[[2m 14.09 kB^[[22m^[[1m^[[22m^[[2m │ gzip:   2.90 kB^[[22m^[[2m │ map:    19.07 kB^[[22m
installed-wheel (3.10)	Build and exercise an installed wheel outside the checkout	2026-09-08T05:40:14.5171671Z ^[[2m../precompiled/^[[22m^[[2massets/^[[22m^[[36mgithub-light-default-D7oLnXFd.js        ^[[39m^[[1m^[[2m 14.21 kB^[[22m^[[1m^[[22m^[[2m │ gzip:   3.08 kB^[[22m^[[2m │ map:    19.26 kB^[[22m
installed-wheel (3.10)	Build and exercise an installed wheel outside the checkout	2026-09-08T05:40:14.5172912Z ^[[2m../precompiled/^[[22m^[[2massets/^[[22m^[[36mgithub-light-high-contrast-BfjtVDDH.js  ^[[39m^[[1m^[[2m 14.34 kB^[[22m^[[1m^[[22m^[[2m │ gzip:   3.06 kB^[[22m^[[2m │ map:    19.43 kB^[[22m
installed-wheel (3.10)	Build and exercise an installed wheel outside the checkout	2026-09-08T05:40:14.5174156Z ^[[2m../precompiled/^[[22m^[[2massets/^[[22m^[[36mgithub-dark-dimmed-DH5Ifo-i.js          ^[[39m^[[1m^[[2m 14.49 kB^[[22m^[[1m^[[22m^[[2m │ gzip:   3.16 kB^[[22m^[[2m │ map:    19.63 kB^[[22m
installed-wheel (3.10)	Build and exercise an installed wheel outside the checkout	2026-09-08T05:40:14.5175470Z ^[[2m../precompiled/^[[22m^[[2massets/^[[22m^[[36mgithub-dark-default-Cuk6v7N8.js         ^[[39m^[[1m^[[2m 14.49 kB^[[22m^[[1m^[[22m^[[2m │ gzip:   3.17 kB^[[22m^[[2m │ map:    19.63 kB^[[22m
installed-wheel (3.10)	Build and exercise an installed wheel outside the checkout	2026-09-08T05:40:14.5176634Z ^[[2m../precompiled/^[[22m^[[2massets/^[[22m^[[36mclarity-BHOwM8T6.js                     ^[[39m^[[1m^[[2m 14.60 kB^[[22m^[[1m^[[22m^[[2m │ gzip:   2.52 kB^[[22m^[[2m │ map:    20.52 kB^[[22m
installed-wheel (3.10)	Build and exercise an installed wheel outside the checkout	2026-09-08T05:40:14.5177793Z ^[[2m../precompiled/^[[22m^[[2massets/^[[22m^[[36mactionscript-3-D_z4Izcz.js              ^[[39m^[[1m^[[2m 14.61 kB^[[22m^[[1m^[[22m^[[2m │ gzip:   2.83 kB^[[22m^[[2m │ map:    20.59 kB^[[22m
installed-wheel (3.10)	Build and exercise an installed wheel outside the checkout	2026-09-08T05:40:14.5179008Z ^[[2m../precompiled/^[[22m^[[2massets/^[[22m^[[36mgithub-dark-high-contrast-E3gJ1_iC.js   ^[[39m^[[1m^[[2m 14.66 kB^[[22m^[[1m^[[22m^[[2m │ gzip:   3.12 kB^[[22m^[[2m │ map:    19.86 kB^[[22m
installed-wheel (3.10)	Build and exercise an installed wheel outside the checkout	2026-09-08T05:40:14.5180186Z ^[[2m../precompiled/^[[22m^[[2massets/^[[22m^[[36mpug-CM9l7STV.js                         ^[[39m^[[1m^[[2m 14.93 kB^[[22m^[[1m^[[22m^[[2m │ gzip:   2.94 kB^[[22m^[[2m │ map:    21.86 kB^[[22m
installed-wheel (3.10)	Build and exercise an installed wheel outside the checkout	2026-09-08T05:40:14.5181292Z ^[[2m../precompiled/^[[22m^[[2massets/^[[22m^[[36mgnuplot-CM8KxXT1.js                     ^[[39m^[[1m^[[2m 14.96 kB^[[22m^[[1m^[[22m^[[2m │ gzip:   3.33 kB^[[22m^[[2m │ map:    20.95 kB^[[22m
installed-wheel (3.10)	Build and exercise an installed wheel outside the checkout	2026-09-08T05:40:14.5182411Z ^[[2m../precompiled/^[[22m^[[2massets/^[[22m^[[36mayu-dark-Cv9koXgw.js                    ^[[39m^[[1m^[[2m 15.00 kB^[[22m^[[1m^[[22m^[[2m │ gzip:   3.12 kB^[[22m^[[2m │ map:    20.25 kB^[[22m
installed-wheel (3.10)	Build and exercise an installed wheel outside the checkout	2026-09-08T05:40:14.5183524Z ^[[2m../precompiled/^[[22m^[[2massets/^[[22m^[[36mnix-shcSOmrb.js                         ^[[39m^[[1m^[[2m 15.59 kB^[[22m^[[1m^[[22m^[[2m │ gzip:   2.38 kB^[[22m^[[2m │ map:    23.12 kB^[[22m
installed-wheel (3.10)	Build and exercise an installed wheel outside the checkout	2026-09-08T05:40:14.5184634Z ^[[2m../precompiled/^[[22m^[[2massets/^[[22m^[[36mlua-CvWAzNxB.js                         ^[[39m^[[1m^[[2m 15.66 kB^[[22m^[[1m^[[22m^[[2m │ gzip:   3.19 kB^[[22m^[[2m │ map:    22.37 kB^[[22m
installed-wheel (3.10)	Build and exercise an installed wheel outside the checkout	2026-09-08T05:40:14.5186256Z ^[[2m../precompiled/^[[22m^[[2massets/^[[22m^[[36mwasm-C6j12Q_x.js                        ^[[39m^[[1m^[[2m 15.97 kB^[[22m^[[1m^[[22m^[[2m │ gzip:   2.94 kB^[[22m^[[2m │ map:    21.83 kB^[[22m
installed-wheel (3.10)	Build and exercise an installed wheel outside the checkout	2026-09-08T05:40:14.5187380Z ^[[2m../precompiled/^[[22m^[[2massets/^[[22m^[[36msolidity-C1w2a3ep.js                    ^[[39m^[[1m^[[2m 16.28 kB^[[22m^[[1m^[[22m^[[2m │ gzip:   3.16 kB^[[22m^[[2m │ map:    23.71 kB^[[22m
installed-wheel (3.10)	Build and exercise an installed wheel outside the checkout	2026-09-08T05:40:14.5188501Z ^[[2m../precompiled/^[[22m^[[2massets/^[[22m^[[36msvelte-MSaWC3Je.js                      ^[[39m^[[1m^[[2m 16.93 kB^[[22m^[[1m^[[22m^[[2m │ gzip:   3.00 kB^[[22m^[[2m │ map:    23.75 kB^[[22m
installed-wheel (3.10)	Build and exercise an installed wheel outside the checkout	2026-09-08T05:40:14.5189631Z ^[[2m../precompiled/^[[22m^[[2massets/^[[22m^[[36mpurescript-Bg-kzb6g.js                  ^[[39m^[[1m^[[2m 17.11 kB^[[22m^[[1m^[[22m^[[2m │ gzip:   2.69 kB^[[22m^[[2m │ map:    24.09 kB^[[22m
installed-wheel (3.10)	Build and exercise an installed wheel outside the checkout	2026-09-08T05:40:14.5190773Z ^[[2m../precompiled/^[[22m^[[2massets/^[[22m^[[36mkanagawa-wave-DWedfzmr.js               ^[[39m^[[1m^[[2m 17.17 kB^[[22m^[[1m^[[22m^[[2m │ gzip:   2.96 kB^[[22m^[[2m │ map:    22.25 kB^[[22m
installed-wheel (3.10)	Build and exercise an installed wheel outside the checkout	2026-09-08T05:40:14.5191956Z ^[[2m../precompiled/^[[22m^[[2massets/^[[22m^[[36mkanagawa-lotus-CfQXZHmo.js              ^[[39m^[[1m^[[2m 17.18 kB^[[22m^[[1m^[[22m^[[2m │ gzip:   2.97 kB^[[22m^[[2m │ map:    22.26 kB^[[22m
installed-wheel (3.10)	Build and exercise an installed wheel outside the checkout	2026-09-08T05:40:14.5193117Z ^[[2m../precompiled/^[[22m^[[2massets/^[[22m^[[36mkanagawa-dragon-CkXjmgJE.js             ^[[39m^[[1m^[[2m 17.18 kB^[[22m^[[1m^[[22m^[[2m │ gzip:   2.98 kB^[[22m^[[2m │ map:    22.26 kB^[[22m
installed-wheel (3.10)	Build and exercise an installed wheel outside the checkout	2026-09-08T05:40:14.5194251Z ^[[2m../precompiled/^[[22m^[[2massets/^[[22m^[[36mliquid-D3W5UaiH.js                      ^[[39m^[[1m^[[2m 17.21 kB^[[22m^[[1m^[[22m^[[2m │ gzip:   3.12 kB^[[22m^[[2m │ map:    23.77 kB^[[22m
installed-wheel (3.10)	Build and exercise an installed wheel outside the checkout	2026-09-08T05:40:14.5195498Z ^[[2m../precompiled/^[[22m^[[2massets/^[[22m^[[36mcue-DtFQj3wx.js                         ^[[39m^[[1m^[[2m 17.39 kB^[[22m^[[1m^[[22m^[[2m │ gzip:   2.13 kB^[[22m^[[2m │ map:    25.49 kB^[[22m
installed-wheel (3.10)	Build and exercise an installed wheel outside the checkout	2026-09-08T05:40:14.5196620Z ^[[2m../precompiled/^[[22m^[[2massets/^[[22m^[[36mrust-Be6lgOlo.js                        ^[[39m^[[1m^[[2m 17.65 kB^[[22m^[[1m^[[22m^[[2m │ gzip:   3.41 kB^[[22m^[[2m │ map:    24.96 kB^[[22m
installed-wheel (3.10)	Build and exercise an installed wheel outside the checkout	2026-09-08T05:40:14.5197766Z ^[[2m../precompiled/^[[22m^[[2massets/^[[22m^[[36mangular-html-LfdN0zeE.js                ^[[39m^[[1m^[[2m 17.71 kB^[[22m^[[1m^[[22m^[[2m │ gzip:   3.54 kB^[[22m^[[2m │ map:    26.47 kB^[[22m
installed-wheel (3.10)	Build and exercise an installed wheel outside the checkout	2026-09-08T05:40:14.5198907Z ^[[2m../precompiled/^[[22m^[[2massets/^[[22m^[[36mgraphql-cDcHW_If.js                     ^[[39m^[[1m^[[2m 18.25 kB^[[22m^[[1m^[[22m^[[2m │ gzip:   2.69 kB^[[22m^[[2m │ map:    25.66 kB^[[22m
installed-wheel (3.10)	Build and exercise an installed wheel outside the checkout	2026-09-08T05:40:14.5200020Z ^[[2m../precompiled/^[[22m^[[2massets/^[[22m^[[36melixir-CLiX3zqd.js                      ^[[39m^[[1m^[[2m 18.34 kB^[[22m^[[1m^[[22m^[[2m │ gzip:   3.25 kB^[[22m^[[2m │ map:    25.77 kB^[[22m
installed-wheel (3.10)	Build and exercise an installed wheel outside the checkout	2026-09-08T05:40:14.5201166Z ^[[2m../precompiled/^[[22m^[[2massets/^[[22m^[[36mmaterial-theme-D5KoaKCx.js              ^[[39m^[[1m^[[2m 18.67 kB^[[22m^[[1m^[[22m^[[2m │ gzip:   3.15 kB^[[22m^[[2m │ map:    24.10 kB^[[22m
installed-wheel (3.10)	Build and exercise an installed wheel outside the checkout	2026-09-08T05:40:14.5202337Z ^[[2m../precompiled/^[[22m^[[2massets/^[[22m^[[36mmaterial-theme-ocean-CyktbL80.js        ^[[39m^[[1m^[[2m 18.69 kB^[[22m^[[1m^[[22m^[[2m │ gzip:   3.17 kB^[[22m^[[2m │ map:    24.13 kB^[[22m
installed-wheel (3.10)	Build and exercise an installed wheel outside the checkout	2026-09-08T05:40:14.5203542Z ^[[2m../precompiled/^[[22m^[[2massets/^[[22m^[[36mmaterial-theme-darker-BfHTSMKl.js       ^[[39m^[[1m^[[2m 18.69 kB^[[22m^[[1m^[[22m^[[2m │ gzip:   3.15 kB^[[22m^[[2m │ map:    24.14 kB^[[22m
installed-wheel (3.10)	Build and exercise an installed wheel outside the checkout	2026-09-08T05:40:14.5204764Z ^[[2m../precompiled/^[[22m^[[2massets/^[[22m^[[36mmaterial-theme-lighter-B0m2ddpp.js      ^[[39m^[[1m^[[2m 18.69 kB^[[22m^[[1m^[[22m^[[2m │ gzip:   3.15 kB^[[22m^[[2m │ map:    24.15 kB^[[22m
installed-wheel (3.10)	Build and exercise an installed wheel outside the checkout	2026-09-08T05:40:14.5206348Z ^[[2m../precompiled/^[[22m^[[2massets/^[[22m^[[36mmaterial-theme-palenight-Csfq5Kiy.js    ^[[39m^[[1m^[[2m 18.70 kB^[[22m^[[1m^[[22m^[[2m │ gzip:   3.16 kB^[[22m^[[2m │ map:    24.15 kB^[[22m
installed-wheel (3.10)	Build and exercise an installed wheel outside the checkout	2026-09-08T05:40:14.5207532Z ^[[2m../precompiled/^[[22m^[[2massets/^[[22m^[[36mgdscript-DfxzS6Rs.js                    ^[[39m^[[1m^[[2m 18.70 kB^[[22m^[[1m^[[22m^[[2m │ gzip:   3.75 kB^[[22m^[[2m │ map:    25.88 kB^[[22m
installed-wheel (3.10)	Build and exercise an installed wheel outside the checkout	2026-09-08T05:40:14.5208650Z ^[[2m../precompiled/^[[22m^[[2massets/^[[22m^[[36mabap-DsBKuouk.js                        ^[[39m^[[1m^[[2m 18.86 kB^[[22m^[[1m^[[22m^[[2m │ gzip:   6.23 kB^[[22m^[[2m │ map:    23.58 kB^[[22m
installed-wheel (3.10)	Build and exercise an installed wheel outside the checkout	2026-09-08T05:40:14.5210095Z ^[[2m../precompiled/^[[22m^[[2massets/^[[22m^[[36mmarko-z0MBrx5-.js                       ^[[39m^[[1m^[[2m 19.37 kB^[[22m^[[1m^[[22m^[[2m │ gzip:   3.23 kB^[[22m^[[2m │ map:    27.38 kB^[[22m
installed-wheel (3.10)	Build and exercise an installed wheel outside the checkout	2026-09-08T05:40:14.5211232Z ^[[2m../precompiled/^[[22m^[[2massets/^[[22m^[[36mgroovy-DkBy-JyN.js                      ^[[39m^[[1m^[[2m 19.69 kB^[[22m^[[1m^[[22m^[[2m │ gzip:   3.81 kB^[[22m^[[2m │ map:    28.15 kB^[[22m
installed-wheel (3.10)	Build and exercise an installed wheel outside the checkout	2026-09-08T05:40:14.5212329Z ^[[2m../precompiled/^[[22m^[[2massets/^[[22m^[[36mmdc-DB_EDNY_.js                         ^[[39m^[[1m^[[2m 19.74 kB^[[22m^[[1m^[[22m^[[2m │ gzip:   6.65 kB^[[22m^[[2m │ map:    23.12 kB^[[22m
installed-wheel (3.10)	Build and exercise an installed wheel outside the checkout	2026-09-08T05:40:14.5213435Z ^[[2m../precompiled/^[[22m^[[2massets/^[[22m^[[36mnushell-D4Tzg5kh.js                     ^[[39m^[[1m^[[2m 19.79 kB^[[22m^[[1m^[[22m^[[2m │ gzip:   4.97 kB^[[22m^[[2m │ map:    27.04 kB^[[22m
installed-wheel (3.10)	Build and exercise an installed wheel outside the checkout	2026-09-08T05:40:14.5214556Z ^[[2m../precompiled/^[[22m^[[2massets/^[[22m^[[36mmatlab-D9-PGadD.js                      ^[[39m^[[1m^[[2m 20.18 kB^[[22m^[[1m^[[22m^[[2m │ gzip:   3.91 kB^[[22m^[[2m │ map:    28.19 kB^[[22m
installed-wheel (3.10)	Build and exercise an installed wheel outside the checkout	2026-09-08T05:40:14.5215805Z ^[[2m../precompiled/^[[22m^[[2massets/^[[22m^[[36mmove-DB_GagMm.js                        ^[[39m^[[1m^[[2m 20.28 kB^[[22m^[[1m^[[22m^[[2m │ gzip:   4.08 kB^[[22m^[[2m │ map:    29.93 kB^[[22m
installed-wheel (3.10)	Build and exercise an installed wheel outside the checkout	2026-09-08T05:40:14.5216921Z ^[[2m../precompiled/^[[22m^[[2massets/^[[22m^[[36mglimmer-js-D-cwc0-E.js                  ^[[39m^[[1m^[[2m 20.60 kB^[[22m^[[1m^[[22m^[[2m │ gzip:   3.03 kB^[[22m^[[2m │ map:    29.35 kB^[[22m
installed-wheel (3.10)	Build and exercise an installed wheel outside the checkout	2026-09-08T05:40:14.5218059Z ^[[2m../precompiled/^[[22m^[[2massets/^[[22m^[[36mglimmer-ts-pgjy16dm.js                  ^[[39m^[[1m^[[2m 20.60 kB^[[22m^[[1m^[[22m^[[2m │ gzip:   3.03 kB^[[22m^[[2m │ map:    29.35 kB^[[22m
installed-wheel (3.10)	Build and exercise an installed wheel outside the checkout	2026-09-08T05:40:14.5219185Z ^[[2m../precompiled/^[[22m^[[2massets/^[[22m^[[36mkusto-mebxcVVE.js                       ^[[39m^[[1m^[[2m 20.68 kB^[[22m^[[1m^[[22m^[[2m │ gzip:   4.59 kB^[[22m^[[2m │ map:    25.68 kB^[[22m
installed-wheel (3.10)	Build and exercise an installed wheel outside the checkout	2026-09-08T05:40:14.5220327Z ^[[2m../precompiled/^[[22m^[[2massets/^[[22m^[[36msnazzy-light-Bw305WKR.js                ^[[39m^[[1m^[[2m 20.82 kB^[[22m^[[1m^[[22m^[[2m │ gzip:   3.87 kB^[[22m^[[2m │ map:    27.99 kB^[[22m
installed-wheel (3.10)	Build and exercise an installed wheel outside the checkout	2026-09-08T05:40:14.5221465Z ^[[2m../precompiled/^[[22m^[[2massets/^[[22m^[[36mviml-m4uW47V2.js                        ^[[39m^[[1m^[[2m 21.06 kB^[[22m^[[1m^[[22m^[[2m │ gzip:   7.28 kB^[[22m^[[2m │ map:    24.20 kB^[[22m
installed-wheel (3.10)	Build and exercise an installed wheel outside the checkout	2026-09-08T05:40:14.5222576Z ^[[2m../precompiled/^[[22m^[[2massets/^[[22m^[[36mdracula-BzJJZx-M.js                     ^[[39m^[[1m^[[2m 21.11 kB^[[22m^[[1m^[[22m^[[2m │ gzip:   4.04 kB^[[22m^[[2m │ map:    27.47 kB^[[22m
installed-wheel (3.10)	Build and exercise an installed wheel outside the checkout	2026-09-08T05:40:14.5223725Z ^[[2m../precompiled/^[[22m^[[2massets/^[[22m^[[36mdracula-soft-BXkSAIEj.js                ^[[39m^[[1m^[[2m 21.13 kB^[[22m^[[1m^[[22m^[[2m │ gzip:   4.07 kB^[[22m^[[2m │ map:    27.50 kB^[[22m
installed-wheel (3.10)	Build and exercise an installed wheel outside the checkout	2026-09-08T05:40:14.5224942Z ^[[2m../precompiled/^[[22m^[[2massets/^[[22m^[[36mvue-BuYVFjOK.js                         ^[[39m^[[1m^[[2m 21.52 kB^[[22m^[[1m^[[22m^[[2m │ gzip:   2.92 kB^[[22m^[[2m │ map:    32.04 kB^[[22m
installed-wheel (3.10)	Build and exercise an installed wheel outside the checkout	2026-09-08T05:40:14.5226057Z ^[[2m../precompiled/^[[22m^[[2massets/^[[22m^[[36mrose-pine-CmCqftbK.js                   ^[[39m^[[1m^[[2m 21.81 kB^[[22m^[[1m^[[22m^[[2m │ gzip:   3.91 kB^[[22m^[[2m │ map:    28.77 kB^[[22m
installed-wheel (3.10)	Build and exercise an installed wheel outside the checkout	2026-09-08T05:40:14.5227230Z ^[[2m../precompiled/^[[22m^[[2massets/^[[22m^[[36mrose-pine-moon-CjDtw9vr.js              ^[[39m^[[1m^[[2m 21.82 kB^[[22m^[[1m^[[22m^[[2m │ gzip:   3.93 kB^[[22m^[[2m │ map:    28.80 kB^[[22m
installed-wheel (3.10)	Build and exercise an installed wheel outside the checkout	2026-09-08T05:40:14.5228378Z ^[[2m../precompiled/^[[22m^[[2massets/^[[22m^[[36mrose-pine-dawn-Ds-gbosJ.js              ^[[39m^[[1m^[[2m 21.82 kB^[[22m^[[1m^[[22m^[[2m │ gzip:   3.93 kB^[[22m^[[2m │ map:    28.80 kB^[[22m
installed-wheel (3.10)	Build and exercise an installed wheel outside the checkout	2026-09-08T05:40:14.5229518Z ^[[2m../precompiled/^[[22m^[[2massets/^[[22m^[[36mpowershell-BIEUsx6d.js                  ^[[39m^[[1m^[[2m 22.31 kB^[[22m^[[1m^[[22m^[[2m │ gzip:   4.73 kB^[[22m^[[2m │ map:    29.15 kB^[[22m
installed-wheel (3.10)	Build and exercise an installed wheel outside the checkout	2026-09-08T05:40:14.5230635Z ^[[2m../precompiled/^[[22m^[[2massets/^[[22m^[[36mapl-BBq3IX1j.js                         ^[[39m^[[1m^[[2m 22.88 kB^[[22m^[[1m^[[22m^[[2m │ gzip:   4.26 kB^[[22m^[[2m │ map:    32.18 kB^[[22m
installed-wheel (3.10)	Build and exercise an installed wheel outside the checkout	2026-09-08T05:40:14.5231751Z ^[[2m../precompiled/^[[22m^[[2massets/^[[22m^[[36mtwig-NC5TFiHP.js                        ^[[39m^[[1m^[[2m 23.05 kB^[[22m^[[1m^[[22m^[[2m │ gzip:   4.18 kB^[[22m^[[2m │ map:    31.66 kB^[[22m
installed-wheel (3.10)	Build and exercise an installed wheel outside the checkout	2026-09-08T05:40:14.5233155Z ^[[2m../precompiled/^[[22m^[[2massets/^[[22m^[[36mnim-ZlGxZxc3.js                         ^[[39m^[[1m^[[2m 23.67 kB^[[22m^[[1m^[[22m^[[2m │ gzip:   3.54 kB^[[22m^[[2m │ map:    34.39 kB^[[22m
installed-wheel (3.10)	Build and exercise an installed wheel outside the checkout	2026-09-08T05:40:14.5234259Z ^[[2m../precompiled/^[[22m^[[2massets/^[[22m^[[36mvhdl-DYoNaHQp.js                        ^[[39m^[[1m^[[2m 23.83 kB^[[22m^[[1m^[[22m^[[2m │ gzip:   3.90 kB^[[22m^[[2m │ map:    32.65 kB^[[22m
installed-wheel (3.10)	Build and exercise an installed wheel outside the checkout	2026-09-08T05:40:14.5235481Z ^[[2m../precompiled/^[[22m^[[2massets/^[[22m^[[36mtempl-dwX3ZSMB.js                       ^[[39m^[[1m^[[2m 24.01 kB^[[22m^[[1m^[[22m^[[2m │ gzip:   5.42 kB^[[22m^[[2m │ map:    30.69 kB^[[22m
installed-wheel (3.10)	Build and exercise an installed wheel outside the checkout	2026-09-08T05:40:14.5236600Z ^[[2m../precompiled/^[[22m^[[2massets/^[[22m^[[36mastro-CqkE3fuf.js                       ^[[39m^[[1m^[[2m 24.11 kB^[[22m^[[1m^[[22m^[[2m │ gzip:   7.48 kB^[[22m^[[2m │ map:    29.20 kB^[[22m
installed-wheel (3.10)	Build and exercise an installed wheel outside the checkout	2026-09-08T05:40:14.5237701Z ^[[2m../precompiled/^[[22m^[[2massets/^[[22m^[[36msql-COK4E0Yg.js                         ^[[39m^[[1m^[[2m 24.36 kB^[[22m^[[1m^[[22m^[[2m │ gzip:   7.72 kB^[[22m^[[2m │ map:    28.99 kB^[[22m
installed-wheel (3.10)	Build and exercise an installed wheel outside the checkout	2026-09-08T05:40:14.5238830Z ^[[2m../precompiled/^[[22m^[[2massets/^[[22m^[[36mone-light-PoHY5YXO.js                   ^[[39m^[[1m^[[2m 25.35 kB^[[22m^[[1m^[[22m^[[2m │ gzip:   3.71 kB^[[22m^[[2m │ map:    33.76 kB^[[22m
installed-wheel (3.10)	Build and exercise an installed wheel outside the checkout	2026-09-08T05:40:14.5239967Z ^[[2m../precompiled/^[[22m^[[2massets/^[[22m^[[36mrazor-CNLDkMZG.js                       ^[[39m^[[1m^[[2m 25.85 kB^[[22m^[[1m^[[22m^[[2m │ gzip:   3.51 kB^[[22m^[[2m │ map:    36.14 kB^[[22m
installed-wheel (3.10)	Build and exercise an installed wheel outside the checkout	2026-09-08T05:40:14.5241080Z ^[[2m../precompiled/^[[22m^[[2massets/^[[22m^[[36mfsharp-XplgxFYe.js                      ^[[39m^[[1m^[[2m 25.88 kB^[[22m^[[1m^[[22m^[[2m │ gzip:   4.26 kB^[[22m^[[2m │ map:    36.62 kB^[[22m
installed-wheel (3.10)	Build and exercise an installed wheel outside the checkout	2026-09-08T05:40:14.5242193Z ^[[2m../precompiled/^[[22m^[[2massets/^[[22m^[[36mnord-Ddv68eIx.js                        ^[[39m^[[1m^[[2m 26.77 kB^[[22m^[[1m^[[22m^[[2m │ gzip:   4.43 kB^[[22m^[[2m │ map:    35.31 kB^[[22m
installed-wheel (3.10)	Build and exercise an installed wheel outside the checkout	2026-09-08T05:40:14.5243324Z ^[[2m../precompiled/^[[22m^[[2massets/^[[22m^[[36msystem-verilog-C7L56vO4.js              ^[[39m^[[1m^[[2m 26.83 kB^[[22m^[[1m^[[22m^[[2m │ gzip:   4.92 kB^[[22m^[[2m │ map:    37.13 kB^[[22m
installed-wheel (3.10)	Build and exercise an installed wheel outside the checkout	2026-09-08T05:40:14.5244471Z ^[[2m../precompiled/^[[22m^[[2massets/^[[22m^[[36mbsl-Dgyn0ogV.js                         ^[[39m^[[1m^[[2m 27.48 kB^[[22m^[[1m^[[22m^[[2m │ gzip:   8.96 kB^[[22m^[[2m │ map:    31.99 kB^[[22m
installed-wheel (3.10)	Build and exercise an installed wheel outside the checkout	2026-09-08T05:40:14.5245668Z ^[[2m../precompiled/^[[22m^[[2massets/^[[22m^[[36mjava-xI-RfyKK.js                        ^[[39m^[[1m^[[2m 27.53 kB^[[22m^[[1m^[[22m^[[2m │ gzip:   4.37 kB^[[22m^[[2m │ map:    38.99 kB^[[22m
installed-wheel (3.10)	Build and exercise an installed wheel outside the checkout	2026-09-08T05:40:14.5246772Z ^[[2m../precompiled/^[[22m^[[2massets/^[[22m^[[36mcoffee-dyiR41kL.js                      ^[[39m^[[1m^[[2m 27.79 kB^[[22m^[[1m^[[22m^[[2m │ gzip:   6.45 kB^[[22m^[[2m │ map:    36.55 kB^[[22m
installed-wheel (3.10)	Build and exercise an installed wheel outside the checkout	2026-09-08T05:40:14.5247896Z ^[[2m../precompiled/^[[22m^[[2massets/^[[22m^[[36mscss-C31hgJw-.js                        ^[[39m^[[1m^[[2m 28.17 kB^[[22m^[[1m^[[22m^[[2m │ gzip:   4.47 kB^[[22m^[[2m │ map:    39.29 kB^[[22m
installed-wheel (3.10)	Build and exercise an installed wheel outside the checkout	2026-09-08T05:40:14.5249023Z ^[[2m../precompiled/^[[22m^[[2massets/^[[22m^[[36mtypespec-BpWG_bgh.js                    ^[[39m^[[1m^[[2m 28.24 kB^[[22m^[[1m^[[22m^[[2m │ gzip:   2.87 kB^[[22m^[[2m │ map:    39.43 kB^[[22m
installed-wheel (3.10)	Build and exercise an installed wheel outside the checkout	2026-09-08T05:40:14.5250183Z ^[[2m../precompiled/^[[22m^[[2massets/^[[22m^[[36mcommon-lisp-C7gG9l05.js                 ^[[39m^[[1m^[[2m 28.55 kB^[[22m^[[1m^[[22m^[[2m │ gzip:   6.76 kB^[[22m^[[2m │ map:    35.02 kB^[[22m
installed-wheel (3.10)	Build and exercise an installed wheel outside the checkout	2026-09-08T05:40:14.5251318Z ^[[2m../precompiled/^[[22m^[[2massets/^[[22m^[[36mnight-owl-C39BiMTA.js                   ^[[39m^[[1m^[[2m 28.96 kB^[[22m^[[1m^[[22m^[[2m │ gzip:   5.19 kB^[[22m^[[2m │ map:    39.02 kB^[[22m
installed-wheel (3.10)	Build and exercise an installed wheel outside the checkout	2026-09-08T05:40:14.5252443Z ^[[2m../precompiled/^[[22m^[[2massets/^[[22m^[[36mjulia-BBuGR-5E.js                       ^[[39m^[[1m^[[2m 29.49 kB^[[22m^[[1m^[[22m^[[2m │ gzip:   6.17 kB^[[22m^[[2m │ map:    38.92 kB^[[22m
installed-wheel (3.10)	Build and exercise an installed wheel outside the checkout	2026-09-08T05:40:14.5253544Z ^[[2m../precompiled/^[[22m^[[2massets/^[[22m^[[36mscala-DQVVAn-B.js                       ^[[39m^[[1m^[[2m 30.54 kB^[[22m^[[1m^[[22m^[[2m │ gzip:   4.36 kB^[[22m^[[2m │ map:    42.47 kB^[[22m
installed-wheel (3.10)	Build and exercise an installed wheel outside the checkout	2026-09-08T05:40:14.5254677Z ^[[2m../precompiled/^[[22m^[[2massets/^[[22m^[[36mapplescript-Bu5BbsvL.js                 ^[[39m^[[1m^[[2m 30.83 kB^[[22m^[[1m^[[22m^[[2m │ gzip:   6.39 kB^[[22m^[[2m │ map:    41.02 kB^[[22m
installed-wheel (3.10)	Build and exercise an installed wheel outside the checkout	2026-09-08T05:40:14.5256206Z ^[[2m../precompiled/^[[22m^[[2massets/^[[22m^[[36mstylus-BeQkCIfX.js                      ^[[39m^[[1m^[[2m 31.60 kB^[[22m^[[1m^[[22m^[[2m │ gzip:   8.15 kB^[[22m^[[2m │ map:    39.48 kB^[[22m
installed-wheel (3.10)	Build and exercise an installed wheel outside the checkout	2026-09-08T05:40:14.5257329Z ^[[2m../precompiled/^[[22m^[[2massets/^[[22m^[[36mmermaid-Ci6OQyBP.js                     ^[[39m^[[1m^[[2m 33.11 kB^[[22m^[[1m^[[22m^[[2m │ gzip:   4.69 kB^[[22m^[[2m │ map:    49.00 kB^[[22m
installed-wheel (3.10)	Build and exercise an installed wheel outside the checkout	2026-09-08T05:40:14.5258457Z ^[[2m../precompiled/^[[22m^[[2massets/^[[22m^[[36mpoimandres-CS3Unz2-.js                  ^[[39m^[[1m^[[2m 33.54 kB^[[22m^[[1m^[[22m^[[2m │ gzip:   5.53 kB^[[22m^[[2m │ map:    43.03 kB^[[22m
installed-wheel (3.10)	Build and exercise an installed wheel outside the checkout	2026-09-08T05:40:14.5259580Z ^[[2m../precompiled/^[[22m^[[2massets/^[[22m^[[36mcodeql-sacFqUAJ.js                      ^[[39m^[[1m^[[2m 33.64 kB^[[22m^[[1m^[[22m^[[2m │ gzip:   4.04 kB^[[22m^[[2m │ map:    43.73 kB^[[22m
installed-wheel (3.10)	Build and exercise an installed wheel outside the checkout	2026-09-08T05:40:14.5260692Z ^[[2m../precompiled/^[[22m^[[2massets/^[[22m^[[36mcrystal-DtDmRg-F.js                     ^[[39m^[[1m^[[2m 33.79 kB^[[22m^[[1m^[[22m^[[2m │ gzip:   5.62 kB^[[22m^[[2m │ map:    46.63 kB^[[22m
installed-wheel (3.10)	Build and exercise an installed wheel outside the checkout	2026-09-08T05:40:14.5261842Z ^[[2m../precompiled/^[[22m^[[2massets/^[[22m^[[36mone-dark-pro-GBQ2dnAY.js                ^[[39m^[[1m^[[2m 33.79 kB^[[22m^[[1m^[[22m^[[2m │ gzip:   5.55 kB^[[22m^[[2m │ map:    44.41 kB^[[22m
installed-wheel (3.10)	Build and exercise an installed wheel outside the checkout	2026-09-08T05:40:14.5262983Z ^[[2m../precompiled/^[[22m^[[2massets/^[[22m^[[36mtokyo-night-DBQeEorK.js                 ^[[39m^[[1m^[[2m 34.41 kB^[[22m^[[1m^[[22m^[[2m │ gzip:   6.01 kB^[[22m^[[2m │ map:    43.69 kB^[[22m
installed-wheel (3.10)	Build and exercise an installed wheel outside the checkout	2026-09-08T05:40:14.5264101Z ^[[2m../precompiled/^[[22m^[[2massets/^[[22m^[[36mhaxe-C5wWYbrZ.js                        ^[[39m^[[1m^[[2m 35.34 kB^[[22m^[[1m^[[22m^[[2m │ gzip:   5.97 kB^[[22m^[[2m │ map:    49.75 kB^[[22m
installed-wheel (3.10)	Build and exercise an installed wheel outside the checkout	2026-09-08T05:40:14.5265338Z ^[[2m../precompiled/^[[22m^[[2massets/^[[22m^[[36mhouston-DnULxvSX.js                     ^[[39m^[[1m^[[2m 35.47 kB^[[22m^[[1m^[[22m^[[2m │ gzip:   5.82 kB^[[22m^[[2m │ map:    46.36 kB^[[22m
installed-wheel (3.10)	Build and exercise an installed wheel outside the checkout	2026-09-08T05:40:14.5266471Z ^[[2m../precompiled/^[[22m^[[2massets/^[[22m^[[36mnginx-D_VnBJ67.js                       ^[[39m^[[1m^[[2m 35.77 kB^[[22m^[[1m^[[22m^[[2m │ gzip:   4.53 kB^[[22m^[[2m │ map:    48.97 kB^[[22m
installed-wheel (3.10)	Build and exercise an installed wheel outside the checkout	2026-09-08T05:40:14.5267599Z ^[[2m../precompiled/^[[22m^[[2massets/^[[22m^[[36merlang-B-DoSBHF.js                      ^[[39m^[[1m^[[2m 36.35 kB^[[22m^[[1m^[[22m^[[2m │ gzip:   4.47 kB^[[22m^[[2m │ map:    49.75 kB^[[22m
installed-wheel (3.10)	Build and exercise an installed wheel outside the checkout	2026-09-08T05:40:14.5268883Z ^[[2m../precompiled/^[[22m^[[2massets/^[[22m^[[36mr-CwjWoCRV.js                           ^[[39m^[[1m^[[2m 36.91 kB^[[22m^[[1m^[[22m^[[2m │ gzip:  11.25 kB^[[22m^[[2m │ map:    44.88 kB^[[22m
installed-wheel (3.10)	Build and exercise an installed wheel outside the checkout	2026-09-08T05:40:14.5269998Z ^[[2m../precompiled/^[[22m^[[2massets/^[[22m^[[36mcobol-PTqiYgYu.js                       ^[[39m^[[1m^[[2m 40.63 kB^[[22m^[[1m^[[22m^[[2m │ gzip:  11.11 kB^[[22m^[[2m │ map:    49.52 kB^[[22m
installed-wheel (3.10)	Build and exercise an installed wheel outside the checkout	2026-09-08T05:40:14.5271104Z ^[[2m../precompiled/^[[22m^[[2massets/^[[22m^[[36masm-Dhn9LcZ4.js                         ^[[39m^[[1m^[[2m 40.89 kB^[[22m^[[1m^[[22m^[[2m │ gzip:   8.22 kB^[[22m^[[2m │ map:    53.01 kB^[[22m
installed-wheel (3.10)	Build and exercise an installed wheel outside the checkout	2026-09-08T05:40:14.5272248Z ^[[2m../precompiled/^[[22m^[[2massets/^[[22m^[[36mshellscript-atvbtKCR.js                 ^[[39m^[[1m^[[2m 42.76 kB^[[22m^[[1m^[[22m^[[2m │ gzip:   6.37 kB^[[22m^[[2m │ map:    58.06 kB^[[22m
installed-wheel (3.10)	Build and exercise an installed wheel outside the checkout	2026-09-08T05:40:14.5273377Z ^[[2m../precompiled/^[[22m^[[2massets/^[[22m^[[36md-BoXegm-a.js                           ^[[39m^[[1m^[[2m 43.05 kB^[[22m^[[1m^[[22m^[[2m │ gzip:   8.43 kB^[[22m^[[2m │ map:    61.63 kB^[[22m
installed-wheel (3.10)	Build and exercise an installed wheel outside the checkout	2026-09-08T05:40:14.5274483Z ^[[2m../precompiled/^[[22m^[[2massets/^[[22m^[[36mhaskell-BILxekzW.js                     ^[[39m^[[1m^[[2m 43.26 kB^[[22m^[[1m^[[22m^[[2m │ gzip:   7.05 kB^[[22m^[[2m │ map:    60.31 kB^[[22m
installed-wheel (3.10)	Build and exercise an installed wheel outside the checkout	2026-09-08T05:40:14.5275723Z ^[[2m../precompiled/^[[22m^[[2massets/^[[22m^[[36mperl-CHQXSrWU.js                        ^[[39m^[[1m^[[2m 44.59 kB^[[22m^[[1m^[[22m^[[2m │ gzip:   4.91 kB^[[22m^[[2m │ map:    62.82 kB^[[22m
installed-wheel (3.10)	Build and exercise an installed wheel outside the checkout	2026-09-08T05:40:14.5276863Z ^[[2m../precompiled/^[[22m^[[2massets/^[[22m^[[36mcatppuccin-mocha-LGGdnPYs.js            ^[[39m^[[1m^[[2m 45.67 kB^[[22m^[[1m^[[22m^[[2m │ gzip:   7.77 kB^[[22m^[[2m │ map:    59.83 kB^[[22m
installed-wheel (3.10)	Build and exercise an installed wheel outside the checkout	2026-09-08T05:40:14.5278034Z ^[[2m../precompiled/^[[22m^[[2massets/^[[22m^[[36mcatppuccin-latte-DRW-0cLl.js            ^[[39m^[[1m^[[2m 45.67 kB^[[22m^[[1m^[[22m^[[2m │ gzip:   7.77 kB^[[22m^[[2m │ map:    59.83 kB^[[22m
installed-wheel (3.10)	Build and exercise an installed wheel outside the checkout	2026-09-08T05:40:14.5279550Z ^[[2m../precompiled/^[[22m^[[2massets/^[[22m^[[36mcatppuccin-frappe-CD_QflpE.js           ^[[39m^[[1m^[[2m 45.67 kB^[[22m^[[1m^[[22m^[[2m │ gzip:   7.79 kB^[[22m^[[2m │ map:    59.84 kB^[[22m
installed-wheel (3.10)	Build and exercise an installed wheel outside the checkout	2026-09-08T05:40:14.5280744Z ^[[2m../precompiled/^[[22m^[[2massets/^[[22m^[[36mcatppuccin-macchiato-C-_shW-Y.js        ^[[39m^[[1m^[[2m 45.68 kB^[[22m^[[1m^[[22m^[[2m │ gzip:   7.78 kB^[[22m^[[2m │ map:    59.86 kB^[[22m
installed-wheel (3.10)	Build and exercise an installed wheel outside the checkout	2026-09-08T05:40:14.5281895Z ^[[2m../precompiled/^[[22m^[[2massets/^[[22m^[[36mapex-COJ4H7py.js                        ^[[39m^[[1m^[[2m 46.85 kB^[[22m^[[1m^[[22m^[[2m │ gzip:   6.81 kB^[[22m^[[2m │ map:    65.61 kB^[[22m
installed-wheel (3.10)	Build and exercise an installed wheel outside the checkout	2026-09-08T05:40:14.5283007Z ^[[2m../precompiled/^[[22m^[[2massets/^[[22m^[[36mada-727ZlQH0.js                         ^[[39m^[[1m^[[2m 48.57 kB^[[22m^[[1m^[[22m^[[2m │ gzip:   6.09 kB^[[22m^[[2m │ map:    71.59 kB^[[22m
installed-wheel (3.10)	Build and exercise an installed wheel outside the checkout	2026-09-08T05:40:14.5284100Z ^[[2m../precompiled/^[[22m^[[2massets/^[[22m^[[36mruby-DeZ3UC14.js                        ^[[39m^[[1m^[[2m 51.52 kB^[[22m^[[1m^[[22m^[[2m │ gzip:   7.16 kB^[[22m^[[2m │ map:    72.08 kB^[[22m
installed-wheel (3.10)	Build and exercise an installed wheel outside the checkout	2026-09-08T05:40:14.5285309Z ^[[2m../precompiled/^[[22m^[[2massets/^[[22m^[[36mgo-B1SYOhNW.js                          ^[[39m^[[1m^[[2m 52.45 kB^[[22m^[[1m^[[22m^[[2m │ gzip:   6.44 kB^[[22m^[[2m │ map:    74.32 kB^[[22m
installed-wheel (3.10)	Build and exercise an installed wheel outside the checkout	2026-09-08T05:40:14.5286404Z ^[[2m../precompiled/^[[22m^[[2massets/^[[22m^[[36mimba-bv_oIlVt.js                        ^[[39m^[[1m^[[2m 53.50 kB^[[22m^[[1m^[[22m^[[2m │ gzip:  10.25 kB^[[22m^[[2m │ map:    73.32 kB^[[22m
installed-wheel (3.10)	Build and exercise an installed wheel outside the checkout	2026-09-08T05:40:14.5287538Z ^[[2m../precompiled/^[[22m^[[2massets/^[[22m^[[36meverforest-dark-BgDCqdQA.js             ^[[39m^[[1m^[[2m 53.80 kB^[[22m^[[1m^[[22m^[[2m │ gzip:   8.46 kB^[[22m^[[2m │ map:    68.24 kB^[[22m
installed-wheel (3.10)	Build and exercise an installed wheel outside the checkout	2026-09-08T05:40:14.5288707Z ^[[2m../precompiled/^[[22m^[[2massets/^[[22m^[[36meverforest-light-C8M2exoo.js            ^[[39m^[[1m^[[2m 53.80 kB^[[22m^[[1m^[[22m^[[2m │ gzip:   8.46 kB^[[22m^[[2m │ map:    68.24 kB^[[22m
installed-wheel (3.10)	Build and exercise an installed wheel outside the checkout	2026-09-08T05:40:14.5289837Z ^[[2m../precompiled/^[[22m^[[2massets/^[[22m^[[36mcss-BPhBrDlE.js                         ^[[39m^[[1m^[[2m 53.84 kB^[[22m^[[1m^[[22m^[[2m │ gzip:  13.53 kB^[[22m^[[2m │ map:    66.10 kB^[[22m
installed-wheel (3.10)	Build and exercise an installed wheel outside the checkout	2026-09-08T05:40:14.5290964Z ^[[2m../precompiled/^[[22m^[[2massets/^[[22m^[[36mwikitext-DCE3LsBG.js                    ^[[39m^[[1m^[[2m 56.67 kB^[[22m^[[1m^[[22m^[[2m │ gzip:   4.85 kB^[[22m^[[2m │ map:    78.62 kB^[[22m
installed-wheel (3.10)	Build and exercise an installed wheel outside the checkout	2026-09-08T05:40:14.5292092Z ^[[2m../precompiled/^[[22m^[[2massets/^[[22m^[[36mmarkdown-UIAJJxZW.js                    ^[[39m^[[1m^[[2m 57.03 kB^[[22m^[[1m^[[22m^[[2m │ gzip:   5.67 kB^[[22m^[[2m │ map:    79.35 kB^[[22m
installed-wheel (3.10)	Build and exercise an installed wheel outside the checkout	2026-09-08T05:40:14.5293210Z ^[[2m../precompiled/^[[22m^[[2massets/^[[22m^[[36mlatex-C-cWTeAZ.js                       ^[[39m^[[1m^[[2m 59.46 kB^[[22m^[[1m^[[22m^[[2m │ gzip:   6.05 kB^[[22m^[[2m │ map:    82.69 kB^[[22m
installed-wheel (3.10)	Build and exercise an installed wheel outside the checkout	2026-09-08T05:40:14.5294319Z ^[[2m../precompiled/^[[22m^[[2massets/^[[22m^[[36mstata-DorPZHa4.js                       ^[[39m^[[1m^[[2m 61.05 kB^[[22m^[[1m^[[22m^[[2m │ gzip:  13.74 kB^[[22m^[[2m │ map:    79.21 kB^[[22m
installed-wheel (3.10)	Build and exercise an installed wheel outside the checkout	2026-09-08T05:40:14.5295552Z ^[[2m../precompiled/^[[22m^[[2massets/^[[22m^[[36mhtml-C2L_23MC.js                        ^[[39m^[[1m^[[2m 61.37 kB^[[22m^[[1m^[[22m^[[2m │ gzip:  12.03 kB^[[22m^[[2m │ map:    79.10 kB^[[22m
installed-wheel (3.10)	Build and exercise an installed wheel outside the checkout	2026-09-08T05:40:14.5296939Z ^[[2m../precompiled/^[[22m^[[2massets/^[[22m^[[36mballerina-Du268qiB.js                   ^[[39m^[[1m^[[2m 61.68 kB^[[22m^[[1m^[[22m^[[2m │ gzip:   8.35 kB^[[22m^[[2m │ map:    87.43 kB^[[22m
installed-wheel (3.10)	Build and exercise an installed wheel outside the checkout	2026-09-08T05:40:14.5298130Z ^[[2m../precompiled/^[[22m^[[2massets/^[[22m^[[36mocaml-BNioltXt.js                       ^[[39m^[[1m^[[2m 65.91 kB^[[22m^[[1m^[[22m^[[2m │ gzip:   5.21 kB^[[22m^[[2m │ map:    85.43 kB^[[22m
installed-wheel (3.10)	Build and exercise an installed wheel outside the checkout	2026-09-08T05:40:14.5299237Z ^[[2m../precompiled/^[[22m^[[2massets/^[[22m^[[36mmojo-Tz6hzZYG.js                        ^[[39m^[[1m^[[2m 72.61 kB^[[22m^[[1m^[[22m^[[2m │ gzip:  10.39 kB^[[22m^[[2m │ map:    98.45 kB^[[22m
installed-wheel (3.10)	Build and exercise an installed wheel outside the checkout	2026-09-08T05:40:14.5300358Z ^[[2m../precompiled/^[[22m^[[2massets/^[[22m^[[36mpython-DhUJRlN_.js                      ^[[39m^[[1m^[[2m 73.57 kB^[[22m^[[1m^[[22m^[[2m │ gzip:  10.47 kB^[[22m^[[2m │ map:    99.89 kB^[[22m
installed-wheel (3.10)	Build and exercise an installed wheel outside the checkout	2026-09-08T05:40:14.5301461Z ^[[2m../precompiled/^[[22m^[[2massets/^[[22m^[[36mc-C3t2pwGQ.js                           ^[[39m^[[1m^[[2m 74.01 kB^[[22m^[[1m^[[22m^[[2m │ gzip:  10.67 kB^[[22m^[[2m │ map:    97.82 kB^[[22m
installed-wheel (3.10)	Build and exercise an installed wheel outside the checkout	2026-09-08T05:40:14.5302577Z ^[[2m../precompiled/^[[22m^[[2massets/^[[22m^[[36mvyper-nyqBNV6O.js                       ^[[39m^[[1m^[[2m 78.27 kB^[[22m^[[1m^[[22m^[[2m │ gzip:  12.09 kB^[[22m^[[2m │ map:   105.37 kB^[[22m
installed-wheel (3.10)	Build and exercise an installed wheel outside the checkout	2026-09-08T05:40:14.5303677Z ^[[2m../precompiled/^[[22m^[[2massets/^[[22m^[[36mhack-D1yCygmZ.js                        ^[[39m^[[1m^[[2m 84.69 kB^[[22m^[[1m^[[22m^[[2m │ gzip:  27.64 kB^[[22m^[[2m │ map:   102.53 kB^[[22m
installed-wheel (3.10)	Build and exercise an installed wheel outside the checkout	2026-09-08T05:40:14.5304791Z ^[[2m../precompiled/^[[22m^[[2massets/^[[22m^[[36mcsharp-D9R-vmeu.js                      ^[[39m^[[1m^[[2m 87.21 kB^[[22m^[[1m^[[22m^[[2m │ gzip:  10.43 kB^[[22m^[[2m │ map:   122.69 kB^[[22m
installed-wheel (3.10)	Build and exercise an installed wheel outside the checkout	2026-09-08T05:40:14.5306002Z ^[[2m../precompiled/^[[22m^[[2massets/^[[22m^[[36mswift-BSxZ-RaX.js                       ^[[39m^[[1m^[[2m 91.04 kB^[[22m^[[1m^[[22m^[[2m │ gzip:  14.58 kB^[[22m^[[2m │ map:   120.62 kB^[[22m
installed-wheel (3.10)	Build and exercise an installed wheel outside the checkout	2026-09-08T05:40:14.5307135Z ^[[2m../precompiled/^[[22m^[[2massets/^[[22m^[[36masciidoc-BPT9niGB.js                    ^[[39m^[[1m^[[2m 93.55 kB^[[22m^[[1m^[[22m^[[2m │ gzip:   7.47 kB^[[22m^[[2m │ map:   134.69 kB^[[22m
installed-wheel (3.10)	Build and exercise an installed wheel outside the checkout	2026-09-08T05:40:14.5308261Z ^[[2m../precompiled/^[[22m^[[2massets/^[[22m^[[36mracket-CzouJOBO.js                      ^[[39m^[[1m^[[2m 97.66 kB^[[22m^[[1m^[[22m^[[2m │ gzip:  15.65 kB^[[22m^[[2m │ map:   113.75 kB^[[22m
installed-wheel (3.10)	Build and exercise an installed wheel outside the checkout	2026-09-08T05:40:14.5309414Z ^[[2m../precompiled/^[[22m^[[2massets/^[[22m^[[36mfortran-free-form-DKXYxT9g.js           ^[[39m^[[1m^[[2m 98.25 kB^[[22m^[[1m^[[22m^[[2m │ gzip:  12.41 kB^[[22m^[[2m │ map:   135.00 kB^[[22m
installed-wheel (3.10)	Build and exercise an installed wheel outside the checkout	2026-09-08T05:40:14.5310559Z ^[[2m../precompiled/^[[22m^[[2massets/^[[22m^[[36mless-BfCpw3nA.js                        ^[[39m^[[1m^[[2m102.50 kB^[[22m^[[1m^[[22m^[[2m │ gzip:  15.17 kB^[[22m^[[2m │ map:   138.57 kB^[[22m
installed-wheel (3.10)	Build and exercise an installed wheel outside the checkout	2026-09-08T05:40:14.5311698Z ^[[2m../precompiled/^[[22m^[[2massets/^[[22m^[[36mobjective-c-Deuh7S70.js                 ^[[39m^[[1m^[[2m107.84 kB^[[22m^[[1m^[[22m^[[2m │ gzip:  23.29 kB^[[22m^[[2m │ map:   132.09 kB^[[22m
installed-wheel (3.10)	Build and exercise an installed wheel outside the checkout	2026-09-08T05:40:14.5312849Z ^[[2m../precompiled/^[[22m^[[2massets/^[[22m^[[36mblade-a8OxSdnT.js                       ^[[39m^[[1m^[[2m108.04 kB^[[22m^[[1m^[[22m^[[2m │ gzip:  28.71 kB^[[22m^[[2m │ map:   134.77 kB^[[22m
installed-wheel (3.10)	Build and exercise an installed wheel outside the checkout	2026-09-08T05:40:14.5313972Z ^[[2m../precompiled/^[[22m^[[2massets/^[[22m^[[36mphp-B5ebYQev.js                         ^[[39m^[[1m^[[2m113.80 kB^[[22m^[[1m^[[22m^[[2m │ gzip:  28.86 kB^[[22m^[[2m │ map:   142.79 kB^[[22m
installed-wheel (3.10)	Build and exercise an installed wheel outside the checkout	2026-09-08T05:40:14.5315185Z ^[[2m../precompiled/^[[22m^[[2massets/^[[22m^[[36mmdx-sdHcTMYB.js                         ^[[39m^[[1m^[[2m140.40 kB^[[22m^[[1m^[[22m^[[2m │ gzip:  23.65 kB^[[22m^[[2m │ map:   182.43 kB^[[22m
installed-wheel (3.10)	Build and exercise an installed wheel outside the checkout	2026-09-08T05:40:14.5316339Z ^[[2m../precompiled/^[[22m^[[2massets/^[[22m^[[36mobjective-cpp-BUEGK8hf.js               ^[[39m^[[1m^[[2m175.65 kB^[[22m^[[1m^[[22m^[[2m │ gzip:  30.71 kB^[[22m^[[2m │ map:   222.54 kB^[[22m
installed-wheel (3.10)	Build and exercise an installed wheel outside the checkout	2026-09-08T05:40:14.5317498Z ^[[2m../precompiled/^[[22m^[[2massets/^[[22m^[[36mjavascript-ySlJ1b_l.js                  ^[[39m^[[1m^[[2m198.08 kB^[[22m^[[1m^[[22m^[[2m │ gzip:  17.49 kB^[[22m^[[2m │ map:   280.77 kB^[[22m
installed-wheel (3.10)	Build and exercise an installed wheel outside the checkout	2026-09-08T05:40:14.5318771Z ^[[2m../precompiled/^[[22m^[[2massets/^[[22m^[[36mtsx-B6W0miNI.js                         ^[[39m^[[1m^[[2m198.79 kB^[[22m^[[1m^[[22m^[[2m │ gzip:  17.49 kB^[[22m^[[2m │ map:   281.45 kB^[[22m
installed-wheel (3.10)	Build and exercise an installed wheel outside the checkout	2026-09-08T05:40:14.5319997Z ^[[2m../precompiled/^[[22m^[[2massets/^[[22m^[[36mjsx-BAng5TT0.js                         ^[[39m^[[1m^[[2m201.05 kB^[[22m^[[1m^[[22m^[[2m │ gzip:  17.58 kB^[[22m^[[2m │ map:   283.71 kB^[[22m
installed-wheel (3.10)	Build and exercise an installed wheel outside the checkout	2026-09-08T05:40:14.5321125Z ^[[2m../precompiled/^[[22m^[[2massets/^[[22m^[[36mtypescript-Dj6nwHGl.js                  ^[[39m^[[1m^[[2m209.07 kB^[[22m^[[1m^[[22m^[[2m │ gzip:  17.07 kB^[[22m^[[2m │ map:   298.60 kB^[[22m
installed-wheel (3.10)	Build and exercise an installed wheel outside the checkout	2026-09-08T05:40:14.5322277Z ^[[2m../precompiled/^[[22m^[[2massets/^[[22m^[[36mangular-ts-CKsD7JZE.js                  ^[[39m^[[1m^[[2m211.83 kB^[[22m^[[1m^[[22m^[[2m │ gzip:  17.66 kB^[[22m^[[2m │ map:   303.52 kB^[[22m
installed-wheel (3.10)	Build and exercise an installed wheel outside the checkout	2026-09-08T05:40:14.5323423Z ^[[2m../precompiled/^[[22m^[[2massets/^[[22m^[[36mwolfram-C3FkfJm5.js                     ^[[39m^[[1m^[[2m268.64 kB^[[22m^[[1m^[[22m^[[2m │ gzip:  77.09 kB^[[22m^[[2m │ map:   286.28 kB^[[22m
installed-wheel (3.10)	Build and exercise an installed wheel outside the checkout	2026-09-08T05:40:14.5324561Z ^[[2m../precompiled/^[[22m^[[2massets/^[[22m^[[36mwasm-CG6Dc4jp.js                        ^[[39m^[[1m^[[33m622.38 kB^[[39m^[[22m^[[2m │ gzip: 230.33 kB^[[22m^[[2m │ map:   622.88 kB^[[22m
installed-wheel (3.10)	Build and exercise an installed wheel outside the checkout	2026-09-08T05:40:14.5325821Z ^[[2m../precompiled/^[[22m^[[2massets/^[[22m^[[36mcpp-BksuvNSY.js                         ^[[39m^[[1m^[[33m697.56 kB^[[39m^[[22m^[[2m │ gzip:  50.29 kB^[[22m^[[2m │ map:   906.91 kB^[[22m
installed-wheel (3.10)	Build and exercise an installed wheel outside the checkout	2026-09-08T05:40:14.5326979Z ^[[2m../precompiled/^[[22m^[[2massets/^[[22m^[[36memacs-lisp-BX77sIaO.js                  ^[[39m^[[1m^[[33m804.72 kB^[[39m^[[22m^[[2m │ gzip: 196.99 kB^[[22m^[[2m │ map:   815.72 kB^[[22m
installed-wheel (3.10)	Build and exercise an installed wheel outside the checkout	2026-09-08T05:40:14.5328108Z ^[[2m../precompiled/^[[22m^[[2massets/^[[22m^[[36mmain-C2zkpuhx.js                        ^[[39m^[[1m^[[33m837.47 kB^[[39m^[[22m^[[2m │ gzip: 274.47 kB^[[22m^[[2m │ map: 3,520.48 kB^[[22m
installed-wheel (3.10)	Build and exercise an installed wheel outside the checkout	2026-09-08T05:40:14.5328774Z ^[[32m✓ built in 5.69s^[[39m
installed-wheel (3.10)	Build and exercise an installed wheel outside the checkout	2026-09-08T05:40:15.3267460Z 
installed-wheel (3.10)	Build and exercise an installed wheel outside the checkout	2026-09-08T05:40:15.3268293Z Static site build completed successfully
installed-wheel (3.10)	Build and exercise an installed wheel outside the checkout	2026-09-08T05:40:15.3494663Z Successfully built data_repository-0.1.0-py3-none-any.whl
installed-wheel (3.10)	Build and exercise an installed wheel outside the checkout	2026-09-08T05:40:19.5538835Z Processing ./dist/data_repository-0.1.0-py3-none-any.whl
installed-wheel (3.10)	Build and exercise an installed wheel outside the checkout	2026-09-08T05:40:20.3086163Z Collecting boto3>=1.26.20
installed-wheel (3.10)	Build and exercise an installed wheel outside the checkout	2026-09-08T05:40:20.3420944Z   Downloading boto3-1.43.89-py3-none-any.whl (140 kB)
installed-wheel (3.10)	Build and exercise an installed wheel outside the checkout	2026-09-08T05:40:20.3595822Z      ━━━━━━━━━━━━━━━━━━━━━━━━━━━━━━━━━━━━━━━ 140.0/140.0 kB 9.3 MB/s eta 0:00:00
installed-wheel (3.10)	Build and exercise an installed wheel outside the checkout	2026-09-08T05:40:20.6706038Z Collecting polars<1.14.0,>=1.9.0
installed-wheel (3.10)	Build and exercise an installed wheel outside the checkout	2026-09-08T05:40:20.6768873Z   Downloading polars-1.12.0-cp39-abi3-manylinux_2_17_x86_64.manylinux2014_x86_64.whl (34.1 MB)
installed-wheel (3.10)	Build and exercise an installed wheel outside the checkout	2026-09-08T05:40:20.8786653Z      ━━━━━━━━━━━━━━━━━━━━━━━━━━━━━━━━━━━━━━━ 34.1/34.1 MB 129.3 MB/s eta 0:00:00
installed-wheel (3.10)	Build and exercise an installed wheel outside the checkout	2026-09-08T05:40:21.0001899Z Collecting deltalake<1,>=0.25.4
installed-wheel (3.10)	Build and exercise an installed wheel outside the checkout	2026-09-08T05:40:21.0085731Z   Downloading deltalake-0.25.5-cp39-abi3-manylinux_2_17_x86_64.manylinux2014_x86_64.whl (45.9 MB)
installed-wheel (3.10)	Build and exercise an installed wheel outside the checkout	2026-09-08T05:40:21.2595721Z      ━━━━━━━━━━━━━━━━━━━━━━━━━━━━━━━━━━━━━━━ 45.9/45.9 MB 113.5 MB/s eta 0:00:00
installed-wheel (3.10)	Build and exercise an installed wheel outside the checkout	2026-09-08T05:40:22.5560173Z Collecting clickhouse-connect>=0.7.0
installed-wheel (3.10)	Build and exercise an installed wheel outside the checkout	2026-09-08T05:40:22.5628235Z   Downloading clickhouse_connect-1.8.0-cp310-cp310-manylinux2014_x86_64.manylinux_2_17_x86_64.manylinux_2_28_x86_64.whl (1.4 MB)
installed-wheel (3.10)	Build and exercise an installed wheel outside the checkout	2026-09-08T05:40:22.5758587Z      ━━━━━━━━━━━━━━━━━━━━━━━━━━━━━━━━━━━━━━━━ 1.4/1.4 MB 129.3 MB/s eta 0:00:00
installed-wheel (3.10)	Build and exercise an installed wheel outside the checkout	2026-09-08T05:40:22.6547950Z Collecting ipython>=8.5.0
installed-wheel (3.10)	Build and exercise an installed wheel outside the checkout	2026-09-08T05:40:22.6594037Z   Downloading ipython-8.39.0-py3-none-any.whl (831 kB)
installed-wheel (3.10)	Build and exercise an installed wheel outside the checkout	2026-09-08T05:40:22.6673940Z      ━━━━━━━━━━━━━━━━━━━━━━━━━━━━━━━━━━━━━ 831.8/831.8 kB 145.5 MB/s eta 0:00:00
installed-wheel (3.10)	Build and exercise an installed wheel outside the checkout	2026-09-08T05:40:22.8761274Z Collecting pyarrow>=17.0.0
installed-wheel (3.10)	Build and exercise an installed wheel outside the checkout	2026-09-08T05:40:22.8803873Z   Downloading pyarrow-25.0.1-cp310-cp310-manylinux_2_28_x86_64.whl (50.1 MB)
installed-wheel (3.10)	Build and exercise an installed wheel outside the checkout	2026-09-08T05:40:23.1558101Z      ━━━━━━━━━━━━━━━━━━━━━━━━━━━━━━━━━━━━━━━ 50.1/50.1 MB 106.5 MB/s eta 0:00:00
installed-wheel (3.10)	Build and exercise an installed wheel outside the checkout	2026-09-08T05:40:23.9783530Z Collecting botocore<1.44.0,>=1.43.89
installed-wheel (3.10)	Build and exercise an installed wheel outside the checkout	2026-09-08T05:40:23.9825623Z   Downloading botocore-1.43.89-py3-none-any.whl (15.8 MB)
installed-wheel (3.10)	Build and exercise an installed wheel outside the checkout	2026-09-08T05:40:24.0726262Z      ━━━━━━━━━━━━━━━━━━━━━━━━━━━━━━━━━━━━━━━ 15.8/15.8 MB 164.1 MB/s eta 0:00:00
installed-wheel (3.10)	Build and exercise an installed wheel outside the checkout	2026-09-08T05:40:24.1189201Z Collecting jmespath<2.0.0,>=0.7.1
installed-wheel (3.10)	Build and exercise an installed wheel outside the checkout	2026-09-08T05:40:24.1226316Z   Downloading jmespath-1.1.0-py3-none-any.whl (20 kB)
installed-wheel (3.10)	Build and exercise an installed wheel outside the checkout	2026-09-08T05:40:24.1534291Z Collecting s3transfer<0.20.0,>=0.19.0
installed-wheel (3.10)	Build and exercise an installed wheel outside the checkout	2026-09-08T05:40:24.1571169Z   Downloading s3transfer-0.19.2-py3-none-any.whl (90 kB)
installed-wheel (3.10)	Build and exercise an installed wheel outside the checkout	2026-09-08T05:40:24.1611556Z      ━━━━━━━━━━━━━━━━━━━━━━━━━━━━━━━━━━━━━━━━ 90.2/90.2 kB 43.7 MB/s eta 0:00:00
installed-wheel (3.10)	Build and exercise an installed wheel outside the checkout	2026-09-08T05:40:24.3231590Z Collecting lz4
installed-wheel (3.10)	Build and exercise an installed wheel outside the checkout	2026-09-08T05:40:24.3274311Z   Downloading lz4-4.4.5-cp310-cp310-manylinux2014_x86_64.manylinux_2_17_x86_64.manylinux_2_28_x86_64.whl (1.4 MB)
installed-wheel (3.10)	Build and exercise an installed wheel outside the checkout	2026-09-08T05:40:24.3385973Z      ━━━━━━━━━━━━━━━━━━━━━━━━━━━━━━━━━━━━━━━━ 1.4/1.4 MB 153.3 MB/s eta 0:00:00
installed-wheel (3.10)	Build and exercise an installed wheel outside the checkout	2026-09-08T05:40:24.3924316Z Collecting urllib3>=1.26
installed-wheel (3.10)	Build and exercise an installed wheel outside the checkout	2026-09-08T05:40:24.3968057Z   Downloading urllib3-2.7.0-py3-none-any.whl (131 kB)
installed-wheel (3.10)	Build and exercise an installed wheel outside the checkout	2026-09-08T05:40:24.4011342Z      ━━━━━━━━━━━━━━━━━━━━━━━━━━━━━━━━━━━━━━ 131.1/131.1 kB 58.0 MB/s eta 0:00:00
installed-wheel (3.10)	Build and exercise an installed wheel outside the checkout	2026-09-08T05:40:24.5545230Z Collecting backports.zstd>=1.3.0
installed-wheel (3.10)	Build and exercise an installed wheel outside the checkout	2026-09-08T05:40:24.5587279Z   Downloading backports_zstd-1.7.0-cp310-cp310-manylinux2014_x86_64.manylinux_2_17_x86_64.manylinux_2_28_x86_64.whl (493 kB)
installed-wheel (3.10)	Build and exercise an installed wheel outside the checkout	2026-09-08T05:40:24.5651370Z      ━━━━━━━━━━━━━━━━━━━━━━━━━━━━━━━━━━━━━ 493.2/493.2 kB 121.6 MB/s eta 0:00:00
installed-wheel (3.10)	Build and exercise an installed wheel outside the checkout	2026-09-08T05:40:24.5970480Z Collecting certifi
installed-wheel (3.10)	Build and exercise an installed wheel outside the checkout	2026-09-08T05:40:24.6008592Z   Downloading certifi-2026.7.22-py3-none-any.whl (136 kB)
installed-wheel (3.10)	Build and exercise an installed wheel outside the checkout	2026-09-08T05:40:24.6051604Z      ━━━━━━━━━━━━━━━━━━━━━━━━━━━━━━━━━━━━━━ 137.0/137.0 kB 61.7 MB/s eta 0:00:00
installed-wheel (3.10)	Build and exercise an installed wheel outside the checkout	2026-09-08T05:40:24.7868310Z Collecting prompt_toolkit<3.1.0,>=3.0.41
installed-wheel (3.10)	Build and exercise an installed wheel outside the checkout	2026-09-08T05:40:24.7908929Z   Downloading prompt_toolkit-3.0.53-py3-none-any.whl (392 kB)
installed-wheel (3.10)	Build and exercise an installed wheel outside the checkout	2026-09-08T05:40:24.7966043Z      ━━━━━━━━━━━━━━━━━━━━━━━━━━━━━━━━━━━━━ 392.3/392.3 kB 116.7 MB/s eta 0:00:00
installed-wheel (3.10)	Build and exercise an installed wheel outside the checkout	2026-09-08T05:40:24.8331889Z Collecting pygments>=2.4.0
installed-wheel (3.10)	Build and exercise an installed wheel outside the checkout	2026-09-08T05:40:24.8374600Z   Downloading pygments-2.21.0-py3-none-any.whl (1.3 MB)
installed-wheel (3.10)	Build and exercise an installed wheel outside the checkout	2026-09-08T05:40:24.8478849Z      ━━━━━━━━━━━━━━━━━━━━━━━━━━━━━━━━━━━━━━━━ 1.3/1.3 MB 151.8 MB/s eta 0:00:00
installed-wheel (3.10)	Build and exercise an installed wheel outside the checkout	2026-09-08T05:40:24.8705393Z Collecting exceptiongroup
installed-wheel (3.10)	Build and exercise an installed wheel outside the checkout	2026-09-08T05:40:24.8743077Z   Downloading exceptiongroup-1.3.1-py3-none-any.whl (16 kB)
installed-wheel (3.10)	Build and exercise an installed wheel outside the checkout	2026-09-08T05:40:24.8898333Z Collecting matplotlib-inline
installed-wheel (3.10)	Build and exercise an installed wheel outside the checkout	2026-09-08T05:40:24.8935334Z   Downloading matplotlib_inline-0.2.2-py3-none-any.whl (9.5 kB)
installed-wheel (3.10)	Build and exercise an installed wheel outside the checkout	2026-09-08T05:40:24.9232537Z Collecting traitlets>=5.13.0
installed-wheel (3.10)	Build and exercise an installed wheel outside the checkout	2026-09-08T05:40:24.9275066Z   Downloading traitlets-5.16.1-py3-none-any.whl (86 kB)
installed-wheel (3.10)	Build and exercise an installed wheel outside the checkout	2026-09-08T05:40:24.9314193Z      ━━━━━━━━━━━━━━━━━━━━━━━━━━━━━━━━━━━━━━━━ 86.2/86.2 kB 43.6 MB/s eta 0:00:00
installed-wheel (3.10)	Build and exercise an installed wheel outside the checkout	2026-09-08T05:40:24.9569412Z Collecting jedi>=0.16
installed-wheel (3.10)	Build and exercise an installed wheel outside the checkout	2026-09-08T05:40:24.9609458Z   Downloading jedi-0.20.0-py2.py3-none-any.whl (4.9 MB)
installed-wheel (3.10)	Build and exercise an installed wheel outside the checkout	2026-09-08T05:40:24.9938852Z      ━━━━━━━━━━━━━━━━━━━━━━━━━━━━━━━━━━━━━━━━ 4.9/4.9 MB 160.8 MB/s eta 0:00:00
installed-wheel (3.10)	Build and exercise an installed wheel outside the checkout	2026-09-08T05:40:25.0650996Z Collecting typing_extensions>=4.6
installed-wheel (3.10)	Build and exercise an installed wheel outside the checkout	2026-09-08T05:40:25.0691015Z   Downloading typing_extensions-4.16.0-py3-none-any.whl (45 kB)
installed-wheel (3.10)	Build and exercise an installed wheel outside the checkout	2026-09-08T05:40:25.0729086Z      ━━━━━━━━━━━━━━━━━━━━━━━━━━━━━━━━━━━━━━━━ 45.6/45.6 kB 21.5 MB/s eta 0:00:00
installed-wheel (3.10)	Build and exercise an installed wheel outside the checkout	2026-09-08T05:40:25.0936874Z Collecting decorator
installed-wheel (3.10)	Build and exercise an installed wheel outside the checkout	2026-09-08T05:40:25.0979289Z   Downloading decorator-5.3.1-py3-none-any.whl (10 kB)
installed-wheel (3.10)	Build and exercise an installed wheel outside the checkout	2026-09-08T05:40:25.1143277Z Collecting pexpect>4.3
installed-wheel (3.10)	Build and exercise an installed wheel outside the checkout	2026-09-08T05:40:25.1180139Z   Downloading pexpect-4.9.0-py2.py3-none-any.whl (63 kB)
installed-wheel (3.10)	Build and exercise an installed wheel outside the checkout	2026-09-08T05:40:25.1216351Z      ━━━━━━━━━━━━━━━━━━━━━━━━━━━━━━━━━━━━━━━━ 63.8/63.8 kB 34.6 MB/s eta 0:00:00
installed-wheel (3.10)	Build and exercise an installed wheel outside the checkout	2026-09-08T05:40:25.1371481Z Collecting stack_data
installed-wheel (3.10)	Build and exercise an installed wheel outside the checkout	2026-09-08T05:40:25.1408345Z   Downloading stack_data-0.6.3-py3-none-any.whl (24 kB)
installed-wheel (3.10)	Build and exercise an installed wheel outside the checkout	2026-09-08T05:40:25.1998592Z Collecting python-dateutil<3.0.0,>=2.1
installed-wheel (3.10)	Build and exercise an installed wheel outside the checkout	2026-09-08T05:40:25.2038691Z   Downloading python_dateutil-2.9.0.post0-py2.py3-none-any.whl (229 kB)
installed-wheel (3.10)	Build and exercise an installed wheel outside the checkout	2026-09-08T05:40:25.2086116Z      ━━━━━━━━━━━━━━━━━━━━━━━━━━━━━━━━━━━━━━ 229.9/229.9 kB 91.1 MB/s eta 0:00:00
installed-wheel (3.10)	Build and exercise an installed wheel outside the checkout	2026-09-08T05:40:25.2710276Z Collecting parso<0.9.0,>=0.8.6
installed-wheel (3.10)	Build and exercise an installed wheel outside the checkout	2026-09-08T05:40:25.2746928Z   Downloading parso-0.8.7-py2.py3-none-any.whl (107 kB)
installed-wheel (3.10)	Build and exercise an installed wheel outside the checkout	2026-09-08T05:40:25.2786284Z      ━━━━━━━━━━━━━━━━━━━━━━━━━━━━━━━━━━━━━━ 107.0/107.0 kB 57.5 MB/s eta 0:00:00
installed-wheel (3.10)	Build and exercise an installed wheel outside the checkout	2026-09-08T05:40:25.2955247Z Collecting ptyprocess>=0.5
installed-wheel (3.10)	Build and exercise an installed wheel outside the checkout	2026-09-08T05:40:25.2994784Z   Downloading ptyprocess-0.7.0-py2.py3-none-any.whl (13 kB)
installed-wheel (3.10)	Build and exercise an installed wheel outside the checkout	2026-09-08T05:40:25.3251821Z Collecting wcwidth>=0.1.4
installed-wheel (3.10)	Build and exercise an installed wheel outside the checkout	2026-09-08T05:40:25.3289246Z   Downloading wcwidth-0.8.3-py3-none-any.whl (331 kB)
installed-wheel (3.10)	Build and exercise an installed wheel outside the checkout	2026-09-08T05:40:25.3340088Z      ━━━━━━━━━━━━━━━━━━━━━━━━━━━━━━━━━━━━━ 331.7/331.7 kB 112.3 MB/s eta 0:00:00
installed-wheel (3.10)	Build and exercise an installed wheel outside the checkout	2026-09-08T05:40:25.5481226Z Collecting asttokens>=2.1.0
installed-wheel (3.10)	Build and exercise an installed wheel outside the checkout	2026-09-08T05:40:25.5523178Z   Downloading asttokens-3.0.2-py3-none-any.whl (28 kB)
installed-wheel (3.10)	Build and exercise an installed wheel outside the checkout	2026-09-08T05:40:25.5659036Z Collecting pure-eval
installed-wheel (3.10)	Build and exercise an installed wheel outside the checkout	2026-09-08T05:40:25.5695637Z   Downloading pure_eval-0.2.3-py3-none-any.whl (11 kB)
installed-wheel (3.10)	Build and exercise an installed wheel outside the checkout	2026-09-08T05:40:25.5887629Z Collecting executing>=1.2.0
installed-wheel (3.10)	Build and exercise an installed wheel outside the checkout	2026-09-08T05:40:25.5925528Z   Downloading executing-2.2.1-py2.py3-none-any.whl (28 kB)
installed-wheel (3.10)	Build and exercise an installed wheel outside the checkout	2026-09-08T05:40:25.6367503Z Collecting six>=1.5
installed-wheel (3.10)	Build and exercise an installed wheel outside the checkout	2026-09-08T05:40:25.6403382Z   Downloading six-1.17.0-py2.py3-none-any.whl (11 kB)
installed-wheel (3.10)	Build and exercise an installed wheel outside the checkout	2026-09-08T05:40:25.9390636Z Installing collected packages: pure-eval, ptyprocess, wcwidth, urllib3, typing_extensions, traitlets, six, pygments, pyarrow, polars, pexpect, parso, lz4, jmespath, executing, decorator, certifi, backports.zstd, asttokens, stack_data, python-dateutil, prompt_toolkit, matplotlib-inline, jedi, exceptiongroup, deltalake, clickhouse-connect, ipython, botocore, s3transfer, boto3, data-repository
installed-wheel (3.10)	Build and exercise an installed wheel outside the checkout	2026-09-08T05:40:32.8104352Z Successfully installed asttokens-3.0.2 backports.zstd-1.7.0 boto3-1.43.89 botocore-1.43.89 certifi-2026.7.22 clickhouse-connect-1.8.0 data-repository-0.1.0 decorator-5.3.1 deltalake-0.25.5 exceptiongroup-1.3.1 executing-2.2.1 ipython-8.39.0 jedi-0.20.0 jmespath-1.1.0 lz4-4.4.5 matplotlib-inline-0.2.2 parso-0.8.7 pexpect-4.9.0 polars-1.12.0 prompt_toolkit-3.0.53 ptyprocess-0.7.0 pure-eval-0.2.3 pyarrow-25.0.1 pygments-2.21.0 python-dateutil-2.9.0.post0 s3transfer-0.19.2 six-1.17.0 stack_data-0.6.3 traitlets-5.16.1 typing_extensions-4.16.0 urllib3-2.7.0 wcwidth-0.8.3
installed-wheel (3.10)	Build and exercise an installed wheel outside the checkout	2026-09-08T05:40:32.9180923Z 
installed-wheel (3.10)	Build and exercise an installed wheel outside the checkout	2026-09-08T05:40:32.9181541Z [notice] A new release of pip is available: 23.0.1 -> 26.2.1
installed-wheel (3.10)	Build and exercise an installed wheel outside the checkout	2026-09-08T05:40:32.9182279Z [notice] To update, run: python -m pip install --upgrade pip
installed-wheel (3.10)	Build and exercise an installed wheel outside the checkout	2026-09-08T05:40:34.0020846Z Boto3 session provided but no credentials found. Storage options will not include AWS credentials.
installed-wheel (3.10)	Build and exercise an installed wheel outside the checkout	2026-09-08T05:40:34.0048335Z {
installed-wheel (3.10)	Build and exercise an installed wheel outside the checkout	2026-09-08T05:40:34.0048698Z   "python": "3.10.21",
installed-wheel (3.10)	Build and exercise an installed wheel outside the checkout	2026-09-08T05:40:34.0049066Z   "isolated": true,
installed-wheel (3.10)	Build and exercise an installed wheel outside the checkout	2026-09-08T05:40:34.0049754Z   "imported_from": "/home/runner/work/_temp/datarepo-wheel-smoke/lib/python3.10/site-packages/datarepo/__init__.py",
installed-wheel (3.10)	Build and exercise an installed wheel outside the checkout	2026-09-08T05:40:34.0050295Z   "rows": [
installed-wheel (3.10)	Build and exercise an installed wheel outside the checkout	2026-09-08T05:40:34.0050498Z     {
installed-wheel (3.10)	Build and exercise an installed wheel outside the checkout	2026-09-08T05:40:34.0050699Z       "id": 2,
installed-wheel (3.10)	Build and exercise an installed wheel outside the checkout	2026-09-08T05:40:34.0050914Z       "value": 20
installed-wheel (3.10)	Build and exercise an installed wheel outside the checkout	2026-09-08T05:40:34.0051122Z     },
installed-wheel (3.10)	Build and exercise an installed wheel outside the checkout	2026-09-08T05:40:34.0051310Z     {
installed-wheel (3.10)	Build and exercise an installed wheel outside the checkout	2026-09-08T05:40:34.0051503Z       "id": 3,
installed-wheel (3.10)	Build and exercise an installed wheel outside the checkout	2026-09-08T05:40:34.0051709Z       "value": 30
installed-wheel (3.10)	Build and exercise an installed wheel outside the checkout	2026-09-08T05:40:34.0051907Z     }
installed-wheel (3.10)	Build and exercise an installed wheel outside the checkout	2026-09-08T05:40:34.0052097Z   ]
installed-wheel (3.10)	Build and exercise an installed wheel outside the checkout	2026-09-08T05:40:34.0062493Z }
installed-wheel (3.10)	Post Run actions/setup-python@v5	﻿2026-09-08T05:40:34.1662492Z Node 20 is being deprecated. This workflow is running with Node 24 by default. If you need to temporarily use Node 20, you can set the ACTIONS_ALLOW_USE_UNSECURE_NODE_VERSION=true environment variable. For more information see: https://github.blog/changelog/2025-09-19-deprecation-of-node-20-on-github-actions-runners/
installed-wheel (3.10)	Post Run actions/setup-python@v5	2026-09-08T05:40:34.1663682Z Post job cleanup.
installed-wheel (3.10)	Post Run actions/setup-python@v5	2026-09-08T05:40:34.2866327Z (node:2602) [DEP0040] DeprecationWarning: The `punycode` module is deprecated. Please use a userland alternative instead.
installed-wheel (3.10)	Post Run actions/setup-python@v5	2026-09-08T05:40:34.2867641Z (Use `node --trace-deprecation ...` to show where the warning was created)
installed-wheel (3.10)	Post Run actions/setup-node@v4	﻿2026-09-08T05:40:34.4162921Z Node 20 is being deprecated. This workflow is running with Node 24 by default. If you need to temporarily use Node 20, you can set the ACTIONS_ALLOW_USE_UNSECURE_NODE_VERSION=true environment variable. For more information see: https://github.blog/changelog/2025-09-19-deprecation-of-node-20-on-github-actions-runners/
installed-wheel (3.10)	Post Run actions/setup-node@v4	2026-09-08T05:40:34.4164120Z Post job cleanup.
installed-wheel (3.10)	Post Run actions/setup-node@v4	2026-09-08T05:40:34.5520163Z (node:2610) [DEP0040] DeprecationWarning: The `punycode` module is deprecated. Please use a userland alternative instead.
installed-wheel (3.10)	Post Run actions/setup-node@v4	2026-09-08T05:40:34.5521013Z (Use `node --trace-deprecation ...` to show where the warning was created)
installed-wheel (3.10)	Post Run actions/checkout@v4	﻿2026-09-08T05:40:34.6691838Z Node 20 is being deprecated. This workflow is running with Node 24 by default. If you need to temporarily use Node 20, you can set the ACTIONS_ALLOW_USE_UNSECURE_NODE_VERSION=true environment variable. For more information see: https://github.blog/changelog/2025-09-19-deprecation-of-node-20-on-github-actions-runners/
installed-wheel (3.10)	Post Run actions/checkout@v4	2026-09-08T05:40:34.6693065Z Post job cleanup.
installed-wheel (3.10)	Post Run actions/checkout@v4	2026-09-08T05:40:34.7556346Z [command]/usr/bin/git version
installed-wheel (3.10)	Post Run actions/checkout@v4	2026-09-08T05:40:34.7609296Z git version 2.55.0
installed-wheel (3.10)	Post Run actions/checkout@v4	2026-09-08T05:40:34.7650537Z Temporarily overriding HOME='/home/runner/work/_temp/a98910c2-75bd-49c2-939a-23dad628d13f' before making global git config changes
installed-wheel (3.10)	Post Run actions/checkout@v4	2026-09-08T05:40:34.7652336Z Adding repository directory to the temporary git global config as a safe directory
installed-wheel (3.10)	Post Run actions/checkout@v4	2026-09-08T05:40:34.7657022Z [command]/usr/bin/git config --global --add safe.directory /home/runner/work/neuralink-contributions/neuralink-contributions
installed-wheel (3.10)	Post Run actions/checkout@v4	2026-09-08T05:40:34.7701979Z [command]/usr/bin/git config --local --name-only --get-regexp core\.sshCommand
installed-wheel (3.10)	Post Run actions/checkout@v4	2026-09-08T05:40:34.7751341Z [command]/usr/bin/git submodule foreach --recursive sh -c "git config --local --name-only --get-regexp 'core\.sshCommand' && git config --local --unset-all 'core.sshCommand' || :"
installed-wheel (3.10)	Post Run actions/checkout@v4	2026-09-08T05:40:34.8022449Z [command]/usr/bin/git config --local --name-only --get-regexp http\.https\:\/\/github\.com\/\.extraheader
installed-wheel (3.10)	Post Run actions/checkout@v4	2026-09-08T05:40:34.8052757Z http.https://github.com/.extraheader
installed-wheel (3.10)	Post Run actions/checkout@v4	2026-09-08T05:40:34.8069204Z [command]/usr/bin/git config --local --unset-all http.https://github.com/.extraheader
installed-wheel (3.10)	Post Run actions/checkout@v4	2026-09-08T05:40:34.8110386Z [command]/usr/bin/git submodule foreach --recursive sh -c "git config --local --name-only --get-regexp 'http\.https\:\/\/github\.com\/\.extraheader' && git config --local --unset-all 'http.https://github.com/.extraheader' || :"
installed-wheel (3.10)	Post Run actions/checkout@v4	2026-09-08T05:40:34.8371902Z [command]/usr/bin/git config --local --name-only --get-regexp ^includeIf\.gitdir:
installed-wheel (3.10)	Post Run actions/checkout@v4	2026-09-08T05:40:34.8413284Z [command]/usr/bin/git submodule foreach --recursive git config --local --show-origin --name-only --get-regexp remote.origin.url
installed-wheel (3.10)	Complete job	﻿2026-09-08T05:40:34.8842707Z Cleaning up orphan processes
installed-wheel (3.10)	Complete job	2026-09-08T05:40:34.9173260Z ##[warning]Node.js 20 is deprecated. The following actions target Node.js 20 but are being forced to run on Node.js 24: actions/checkout@v4, actions/setup-node@v4, actions/setup-python@v5. For more information see: https://github.blog/changelog/2025-09-19-deprecation-of-node-20-on-github-actions-runners/
installed-wheel (3.12)	Set up job	﻿2026-09-08T05:39:47.0325440Z Current runner version: '2.337.0'
installed-wheel (3.12)	Set up job	2026-09-08T05:39:47.0363169Z ##[group]Runner Image Provisioner
installed-wheel (3.12)	Set up job	2026-09-08T05:39:47.0364635Z Hosted Compute Agent
installed-wheel (3.12)	Set up job	2026-09-08T05:39:47.0365868Z Version: 20260828.587
installed-wheel (3.12)	Set up job	2026-09-08T05:39:47.0367048Z Commit: abac92662cab4cc7352de4f9f9d2e2419aad9c29
installed-wheel (3.12)	Set up job	2026-09-08T05:39:47.0368606Z Build Date: 2026-08-28T16:44:25Z
installed-wheel (3.12)	Set up job	2026-09-08T05:39:47.0370163Z Worker ID: {770c047f-f274-422b-b126-793c93bfac0a}
installed-wheel (3.12)	Set up job	2026-09-08T05:39:47.0371534Z Azure Region: eastus
installed-wheel (3.12)	Set up job	2026-09-08T05:39:47.0372784Z ##[endgroup]
installed-wheel (3.12)	Set up job	2026-09-08T05:39:47.0375455Z ##[group]Operating System
installed-wheel (3.12)	Set up job	2026-09-08T05:39:47.0376747Z Ubuntu
installed-wheel (3.12)	Set up job	2026-09-08T05:39:47.0377733Z 24.04.4
installed-wheel (3.12)	Set up job	2026-09-08T05:39:47.0378698Z LTS
installed-wheel (3.12)	Set up job	2026-09-08T05:39:47.0379769Z ##[endgroup]
installed-wheel (3.12)	Set up job	2026-09-08T05:39:47.0380976Z ##[group]Runner Image
installed-wheel (3.12)	Set up job	2026-09-08T05:39:47.0382727Z Image: ubuntu-24.04
installed-wheel (3.12)	Set up job	2026-09-08T05:39:47.0383699Z Version: 20260831.293.1
installed-wheel (3.12)	Set up job	2026-09-08T05:39:47.0385610Z Included Software: https://github.com/actions/runner-images/blob/ubuntu24/20260831.293/images/ubuntu/Ubuntu2404-Readme.md
installed-wheel (3.12)	Set up job	2026-09-08T05:39:47.0388872Z Image Release: https://github.com/actions/runner-images/releases/tag/ubuntu24%2F20260831.293
installed-wheel (3.12)	Set up job	2026-09-08T05:39:47.0390943Z ##[endgroup]
installed-wheel (3.12)	Set up job	2026-09-08T05:39:47.0392968Z ##[group]GITHUB_TOKEN Permissions
installed-wheel (3.12)	Set up job	2026-09-08T05:39:47.0396036Z Contents: read
installed-wheel (3.12)	Set up job	2026-09-08T05:39:47.0397125Z Metadata: read
installed-wheel (3.12)	Set up job	2026-09-08T05:39:47.0398161Z ##[endgroup]
installed-wheel (3.12)	Set up job	2026-09-08T05:39:47.0401612Z Secret source: Actions
installed-wheel (3.12)	Set up job	2026-09-08T05:39:47.0403970Z Prepare workflow directory
installed-wheel (3.12)	Set up job	2026-09-08T05:39:47.2107717Z Prepare all required actions
installed-wheel (3.12)	Set up job	2026-09-08T05:39:47.2157645Z Getting action download info
installed-wheel (3.12)	Set up job	2026-09-08T05:39:47.3639423Z Download action repository 'actions/checkout@v4' (SHA:11d5960a326750d5838078e36cf38b85af677262)
installed-wheel (3.12)	Set up job	2026-09-08T05:39:47.4923421Z Download action repository 'actions/setup-node@v4' (SHA:49933ea5288caeca8642d1e84afbd3f7d6820020)
installed-wheel (3.12)	Set up job	2026-09-08T05:39:47.5853268Z Download action repository 'actions/setup-python@v5' (SHA:a26af69be951a213d495a4c3e4e4022e16d87065)
installed-wheel (3.12)	Set up job	2026-09-08T05:39:47.8347813Z Complete job name: installed-wheel (3.12)
installed-wheel (3.12)	Run actions/checkout@v4	﻿2026-09-08T05:39:48.0565074Z Node 20 is being deprecated. This workflow is running with Node 24 by default. If you need to temporarily use Node 20, you can set the ACTIONS_ALLOW_USE_UNSECURE_NODE_VERSION=true environment variable. For more information see: https://github.blog/changelog/2025-09-19-deprecation-of-node-20-on-github-actions-runners/
installed-wheel (3.12)	Run actions/checkout@v4	2026-09-08T05:39:48.0574533Z ##[group]Run actions/checkout@v4
installed-wheel (3.12)	Run actions/checkout@v4	2026-09-08T05:39:48.0575375Z with:
installed-wheel (3.12)	Run actions/checkout@v4	2026-09-08T05:39:48.0575848Z   repository: zack-dev-cm/datarepo
installed-wheel (3.12)	Run actions/checkout@v4	2026-09-08T05:39:48.0576433Z   ref: ed8bdeba5deb66a6421360632745711f73eee5d6
installed-wheel (3.12)	Run actions/checkout@v4	2026-09-08T05:39:48.0581026Z   token: ***
installed-wheel (3.12)	Run actions/checkout@v4	2026-09-08T05:39:48.0581491Z   ssh-strict: true
installed-wheel (3.12)	Run actions/checkout@v4	2026-09-08T05:39:48.0581936Z   ssh-user: git
installed-wheel (3.12)	Run actions/checkout@v4	2026-09-08T05:39:48.0582390Z   persist-credentials: true
installed-wheel (3.12)	Run actions/checkout@v4	2026-09-08T05:39:48.0582899Z   clean: true
installed-wheel (3.12)	Run actions/checkout@v4	2026-09-08T05:39:48.0583344Z   sparse-checkout-cone-mode: true
installed-wheel (3.12)	Run actions/checkout@v4	2026-09-08T05:39:48.0583869Z   fetch-depth: 1
installed-wheel (3.12)	Run actions/checkout@v4	2026-09-08T05:39:48.0584296Z   fetch-tags: false
installed-wheel (3.12)	Run actions/checkout@v4	2026-09-08T05:39:48.0584734Z   show-progress: true
installed-wheel (3.12)	Run actions/checkout@v4	2026-09-08T05:39:48.0585239Z   lfs: false
installed-wheel (3.12)	Run actions/checkout@v4	2026-09-08T05:39:48.0585653Z   submodules: false
installed-wheel (3.12)	Run actions/checkout@v4	2026-09-08T05:39:48.0586097Z   set-safe-directory: true
installed-wheel (3.12)	Run actions/checkout@v4	2026-09-08T05:39:48.0586609Z   allow-unsafe-pr-checkout: false
installed-wheel (3.12)	Run actions/checkout@v4	2026-09-08T05:39:48.0587483Z env:
installed-wheel (3.12)	Run actions/checkout@v4	2026-09-08T05:39:48.0587926Z   AWS_EC2_METADATA_DISABLED: true
installed-wheel (3.12)	Run actions/checkout@v4	2026-09-08T05:39:48.0588455Z   POLARS_MAX_THREADS: 2
installed-wheel (3.12)	Run actions/checkout@v4	2026-09-08T05:39:48.0588910Z ##[endgroup]
installed-wheel (3.12)	Run actions/checkout@v4	2026-09-08T05:39:48.1716788Z Syncing repository: zack-dev-cm/datarepo
installed-wheel (3.12)	Run actions/checkout@v4	2026-09-08T05:39:48.1719375Z ##[group]Getting Git version info
installed-wheel (3.12)	Run actions/checkout@v4	2026-09-08T05:39:48.1721092Z Working directory is '/home/runner/work/neuralink-contributions/neuralink-contributions'
installed-wheel (3.12)	Run actions/checkout@v4	2026-09-08T05:39:48.1723049Z [command]/usr/bin/git version
installed-wheel (3.12)	Run actions/checkout@v4	2026-09-08T05:39:48.1814564Z git version 2.55.0
installed-wheel (3.12)	Run actions/checkout@v4	2026-09-08T05:39:48.1839018Z ##[endgroup]
installed-wheel (3.12)	Run actions/checkout@v4	2026-09-08T05:39:48.1856171Z Temporarily overriding HOME='/home/runner/work/_temp/2064a4ba-378f-406c-aba7-d331579c04f4' before making global git config changes
installed-wheel (3.12)	Run actions/checkout@v4	2026-09-08T05:39:48.1863276Z Adding repository directory to the temporary git global config as a safe directory
installed-wheel (3.12)	Run actions/checkout@v4	2026-09-08T05:39:48.1872493Z [command]/usr/bin/git config --global --add safe.directory /home/runner/work/neuralink-contributions/neuralink-contributions
installed-wheel (3.12)	Run actions/checkout@v4	2026-09-08T05:39:48.1923113Z Deleting the contents of '/home/runner/work/neuralink-contributions/neuralink-contributions'
installed-wheel (3.12)	Run actions/checkout@v4	2026-09-08T05:39:48.1927614Z ##[group]Initializing the repository
installed-wheel (3.12)	Run actions/checkout@v4	2026-09-08T05:39:48.1932378Z [command]/usr/bin/git init /home/runner/work/neuralink-contributions/neuralink-contributions
installed-wheel (3.12)	Run actions/checkout@v4	2026-09-08T05:39:48.2077186Z hint: Using 'master' as the name for the initial branch. This default branch name
installed-wheel (3.12)	Run actions/checkout@v4	2026-09-08T05:39:48.2078988Z hint: will change to "main" in Git 3.0. To configure the initial branch name
installed-wheel (3.12)	Run actions/checkout@v4	2026-09-08T05:39:48.2081550Z hint: to use in all of your new repositories, which will suppress this warning,
installed-wheel (3.12)	Run actions/checkout@v4	2026-09-08T05:39:48.2082792Z hint: call:
installed-wheel (3.12)	Run actions/checkout@v4	2026-09-08T05:39:48.2083417Z hint:
installed-wheel (3.12)	Run actions/checkout@v4	2026-09-08T05:39:48.2084214Z hint: 	git config --global init.defaultBranch <name>
installed-wheel (3.12)	Run actions/checkout@v4	2026-09-08T05:39:48.2085265Z hint:
installed-wheel (3.12)	Run actions/checkout@v4	2026-09-08T05:39:48.2086200Z hint: Names commonly chosen instead of 'master' are 'main', 'trunk' and
installed-wheel (3.12)	Run actions/checkout@v4	2026-09-08T05:39:48.2087700Z hint: 'development'. The just-created branch can be renamed via this command:
installed-wheel (3.12)	Run actions/checkout@v4	2026-09-08T05:39:48.2088897Z hint:
installed-wheel (3.12)	Run actions/checkout@v4	2026-09-08T05:39:48.2089568Z hint: 	git branch -m <name>
installed-wheel (3.12)	Run actions/checkout@v4	2026-09-08T05:39:48.2090556Z hint:
installed-wheel (3.12)	Run actions/checkout@v4	2026-09-08T05:39:48.2091753Z hint: Disable this message with "git config set advice.defaultBranchName false"
installed-wheel (3.12)	Run actions/checkout@v4	2026-09-08T05:39:48.2093723Z Initialized empty Git repository in /home/runner/work/neuralink-contributions/neuralink-contributions/.git/
installed-wheel (3.12)	Run actions/checkout@v4	2026-09-08T05:39:48.2096713Z [command]/usr/bin/git remote add origin https://github.com/zack-dev-cm/datarepo
installed-wheel (3.12)	Run actions/checkout@v4	2026-09-08T05:39:48.2152173Z ##[endgroup]
installed-wheel (3.12)	Run actions/checkout@v4	2026-09-08T05:39:48.2157868Z ##[group]Disabling automatic garbage collection
installed-wheel (3.12)	Run actions/checkout@v4	2026-09-08T05:39:48.2158700Z [command]/usr/bin/git config --local gc.auto 0
installed-wheel (3.12)	Run actions/checkout@v4	2026-09-08T05:39:48.2189695Z ##[endgroup]
installed-wheel (3.12)	Run actions/checkout@v4	2026-09-08T05:39:48.2190899Z ##[group]Setting up auth
installed-wheel (3.12)	Run actions/checkout@v4	2026-09-08T05:39:48.2198846Z [command]/usr/bin/git config --local --name-only --get-regexp core\.sshCommand
installed-wheel (3.12)	Run actions/checkout@v4	2026-09-08T05:39:48.2236406Z [command]/usr/bin/git submodule foreach --recursive sh -c "git config --local --name-only --get-regexp 'core\.sshCommand' && git config --local --unset-all 'core.sshCommand' || :"
installed-wheel (3.12)	Run actions/checkout@v4	2026-09-08T05:39:48.2643846Z [command]/usr/bin/git config --local --name-only --get-regexp http\.https\:\/\/github\.com\/\.extraheader
installed-wheel (3.12)	Run actions/checkout@v4	2026-09-08T05:39:48.2687256Z [command]/usr/bin/git submodule foreach --recursive sh -c "git config --local --name-only --get-regexp 'http\.https\:\/\/github\.com\/\.extraheader' && git config --local --unset-all 'http.https://github.com/.extraheader' || :"
installed-wheel (3.12)	Run actions/checkout@v4	2026-09-08T05:39:48.2914156Z [command]/usr/bin/git config --local --name-only --get-regexp ^includeIf\.gitdir:
installed-wheel (3.12)	Run actions/checkout@v4	2026-09-08T05:39:48.2950339Z [command]/usr/bin/git submodule foreach --recursive git config --local --show-origin --name-only --get-regexp remote.origin.url
installed-wheel (3.12)	Run actions/checkout@v4	2026-09-08T05:39:48.3177464Z [command]/usr/bin/git config --local http.https://github.com/.extraheader AUTHORIZATION: basic ***
installed-wheel (3.12)	Run actions/checkout@v4	2026-09-08T05:39:48.3217473Z ##[endgroup]
installed-wheel (3.12)	Run actions/checkout@v4	2026-09-08T05:39:48.3218946Z ##[group]Fetching the repository
installed-wheel (3.12)	Run actions/checkout@v4	2026-09-08T05:39:48.3228724Z [command]/usr/bin/git -c protocol.version=2 fetch --no-tags --prune --no-recurse-submodules --depth=1 origin ed8bdeba5deb66a6421360632745711f73eee5d6
installed-wheel (3.12)	Run actions/checkout@v4	2026-09-08T05:39:48.6614135Z From https://github.com/zack-dev-cm/datarepo
installed-wheel (3.12)	Run actions/checkout@v4	2026-09-08T05:39:48.6616485Z  * branch            ed8bdeba5deb66a6421360632745711f73eee5d6 -> FETCH_HEAD
installed-wheel (3.12)	Run actions/checkout@v4	2026-09-08T05:39:48.6622085Z ##[endgroup]
installed-wheel (3.12)	Run actions/checkout@v4	2026-09-08T05:39:48.6624575Z ##[group]Determining the checkout info
installed-wheel (3.12)	Run actions/checkout@v4	2026-09-08T05:39:48.6627107Z ##[endgroup]
installed-wheel (3.12)	Run actions/checkout@v4	2026-09-08T05:39:48.6628866Z [command]/usr/bin/git sparse-checkout disable
installed-wheel (3.12)	Run actions/checkout@v4	2026-09-08T05:39:48.6685380Z [command]/usr/bin/git config --local --unset-all extensions.worktreeConfig
installed-wheel (3.12)	Run actions/checkout@v4	2026-09-08T05:39:48.6719024Z ##[group]Checking out the ref
installed-wheel (3.12)	Run actions/checkout@v4	2026-09-08T05:39:48.6723944Z [command]/usr/bin/git checkout --progress --force ed8bdeba5deb66a6421360632745711f73eee5d6
installed-wheel (3.12)	Run actions/checkout@v4	2026-09-08T05:39:48.6897840Z Note: switching to 'ed8bdeba5deb66a6421360632745711f73eee5d6'.
installed-wheel (3.12)	Run actions/checkout@v4	2026-09-08T05:39:48.6898935Z 
installed-wheel (3.12)	Run actions/checkout@v4	2026-09-08T05:39:48.6899666Z You are in 'detached HEAD' state. You can look around, make experimental
installed-wheel (3.12)	Run actions/checkout@v4	2026-09-08T05:39:48.6901986Z changes and commit them, and you can discard any commits you make in this
installed-wheel (3.12)	Run actions/checkout@v4	2026-09-08T05:39:48.6903740Z state without impacting any branches by switching back to a branch.
installed-wheel (3.12)	Run actions/checkout@v4	2026-09-08T05:39:48.6904862Z 
installed-wheel (3.12)	Run actions/checkout@v4	2026-09-08T05:39:48.6905568Z If you want to create a new branch to retain commits you create, you may
installed-wheel (3.12)	Run actions/checkout@v4	2026-09-08T05:39:48.6907137Z do so (now or later) by using -c with the switch command. Example:
installed-wheel (3.12)	Run actions/checkout@v4	2026-09-08T05:39:48.6908304Z 
installed-wheel (3.12)	Run actions/checkout@v4	2026-09-08T05:39:48.6908947Z   git switch -c <new-branch-name>
installed-wheel (3.12)	Run actions/checkout@v4	2026-09-08T05:39:48.6910069Z 
installed-wheel (3.12)	Run actions/checkout@v4	2026-09-08T05:39:48.6910504Z Or undo this operation with:
installed-wheel (3.12)	Run actions/checkout@v4	2026-09-08T05:39:48.6911191Z 
installed-wheel (3.12)	Run actions/checkout@v4	2026-09-08T05:39:48.6911599Z   git switch -
installed-wheel (3.12)	Run actions/checkout@v4	2026-09-08T05:39:48.6912136Z 
installed-wheel (3.12)	Run actions/checkout@v4	2026-09-08T05:39:48.6913035Z Turn off this advice by setting config variable advice.detachedHead to false
installed-wheel (3.12)	Run actions/checkout@v4	2026-09-08T05:39:48.6914631Z 
installed-wheel (3.12)	Run actions/checkout@v4	2026-09-08T05:39:48.6915577Z HEAD is now at ed8bdeb Declare the measured Python minimum and test installed wheels
installed-wheel (3.12)	Run actions/checkout@v4	2026-09-08T05:39:48.6919484Z ##[endgroup]
installed-wheel (3.12)	Run actions/checkout@v4	2026-09-08T05:39:48.6953114Z [command]/usr/bin/git log -1 --format=%H
installed-wheel (3.12)	Run actions/checkout@v4	2026-09-08T05:39:48.6979627Z ed8bdeba5deb66a6421360632745711f73eee5d6
installed-wheel (3.12)	Run actions/setup-node@v4	﻿2026-09-08T05:39:48.8341887Z Node 20 is being deprecated. This workflow is running with Node 24 by default. If you need to temporarily use Node 20, you can set the ACTIONS_ALLOW_USE_UNSECURE_NODE_VERSION=true environment variable. For more information see: https://github.blog/changelog/2025-09-19-deprecation-of-node-20-on-github-actions-runners/
installed-wheel (3.12)	Run actions/setup-node@v4	2026-09-08T05:39:48.8347890Z ##[group]Run actions/setup-node@v4
installed-wheel (3.12)	Run actions/setup-node@v4	2026-09-08T05:39:48.8348948Z with:
installed-wheel (3.12)	Run actions/setup-node@v4	2026-09-08T05:39:48.8349700Z   node-version: 22
installed-wheel (3.12)	Run actions/setup-node@v4	2026-09-08T05:39:48.8350805Z   always-auth: false
installed-wheel (3.12)	Run actions/setup-node@v4	2026-09-08T05:39:48.8351698Z   check-latest: false
installed-wheel (3.12)	Run actions/setup-node@v4	2026-09-08T05:39:48.8361875Z   token: ***
installed-wheel (3.12)	Run actions/setup-node@v4	2026-09-08T05:39:48.8362702Z env:
installed-wheel (3.12)	Run actions/setup-node@v4	2026-09-08T05:39:48.8363561Z   AWS_EC2_METADATA_DISABLED: true
installed-wheel (3.12)	Run actions/setup-node@v4	2026-09-08T05:39:48.8364633Z   POLARS_MAX_THREADS: 2
installed-wheel (3.12)	Run actions/setup-node@v4	2026-09-08T05:39:48.8376384Z ##[endgroup]
installed-wheel (3.12)	Run actions/setup-node@v4	2026-09-08T05:39:48.9825451Z Found in cache @ /opt/hostedtoolcache/node/22.23.2/x64
installed-wheel (3.12)	Run actions/setup-node@v4	2026-09-08T05:39:48.9829215Z (node:2260) [DEP0040] DeprecationWarning: The `punycode` module is deprecated. Please use a userland alternative instead.
installed-wheel (3.12)	Run actions/setup-node@v4	2026-09-08T05:39:48.9833408Z (Use `node --trace-deprecation ...` to show where the warning was created)
installed-wheel (3.12)	Run actions/setup-node@v4	2026-09-08T05:39:48.9836580Z ##[group]Environment details
installed-wheel (3.12)	Run actions/setup-node@v4	2026-09-08T05:39:49.4032085Z node: v22.23.2
installed-wheel (3.12)	Run actions/setup-node@v4	2026-09-08T05:39:49.4032988Z npm: 10.9.8
installed-wheel (3.12)	Run actions/setup-node@v4	2026-09-08T05:39:49.4033502Z yarn: 1.22.22
installed-wheel (3.12)	Run actions/setup-node@v4	2026-09-08T05:39:49.4034364Z ##[endgroup]
installed-wheel (3.12)	Run actions/setup-python@v5	﻿2026-09-08T05:39:49.4957330Z Node 20 is being deprecated. This workflow is running with Node 24 by default. If you need to temporarily use Node 20, you can set the ACTIONS_ALLOW_USE_UNSECURE_NODE_VERSION=true environment variable. For more information see: https://github.blog/changelog/2025-09-19-deprecation-of-node-20-on-github-actions-runners/
installed-wheel (3.12)	Run actions/setup-python@v5	2026-09-08T05:39:49.4959091Z ##[group]Run actions/setup-python@v5
installed-wheel (3.12)	Run actions/setup-python@v5	2026-09-08T05:39:49.4959554Z with:
installed-wheel (3.12)	Run actions/setup-python@v5	2026-09-08T05:39:49.4960102Z   python-version: 3.12
installed-wheel (3.12)	Run actions/setup-python@v5	2026-09-08T05:39:49.4960520Z   check-latest: false
installed-wheel (3.12)	Run actions/setup-python@v5	2026-09-08T05:39:49.4963622Z   token: ***
installed-wheel (3.12)	Run actions/setup-python@v5	2026-09-08T05:39:49.4964023Z   update-environment: true
installed-wheel (3.12)	Run actions/setup-python@v5	2026-09-08T05:39:49.4964465Z   allow-prereleases: false
installed-wheel (3.12)	Run actions/setup-python@v5	2026-09-08T05:39:49.4964885Z   freethreaded: false
installed-wheel (3.12)	Run actions/setup-python@v5	2026-09-08T05:39:49.4965268Z env:
installed-wheel (3.12)	Run actions/setup-python@v5	2026-09-08T05:39:49.4965646Z   AWS_EC2_METADATA_DISABLED: true
installed-wheel (3.12)	Run actions/setup-python@v5	2026-09-08T05:39:49.4966085Z   POLARS_MAX_THREADS: 2
installed-wheel (3.12)	Run actions/setup-python@v5	2026-09-08T05:39:49.4966486Z ##[endgroup]
installed-wheel (3.12)	Run actions/setup-python@v5	2026-09-08T05:39:49.6312980Z ##[group]Installed versions
installed-wheel (3.12)	Run actions/setup-python@v5	2026-09-08T05:39:49.6422230Z (node:2291) [DEP0040] DeprecationWarning: The `punycode` module is deprecated. Please use a userland alternative instead.
installed-wheel (3.12)	Run actions/setup-python@v5	2026-09-08T05:39:49.6424808Z (Use `node --trace-deprecation ...` to show where the warning was created)
installed-wheel (3.12)	Run actions/setup-python@v5	2026-09-08T05:39:49.6426410Z Successfully set up CPython (3.12.14)
installed-wheel (3.12)	Run actions/setup-python@v5	2026-09-08T05:39:49.6428174Z ##[endgroup]
installed-wheel (3.12)	Build and exercise an installed wheel outside the checkout	﻿2026-09-08T05:39:49.6851505Z ##[group]Run python -m pip install build
installed-wheel (3.12)	Build and exercise an installed wheel outside the checkout	2026-09-08T05:39:49.6852217Z ^[[36;1mpython -m pip install build^[[0m
installed-wheel (3.12)	Build and exercise an installed wheel outside the checkout	2026-09-08T05:39:49.6852735Z ^[[36;1mpython -m build --wheel^[[0m
installed-wheel (3.12)	Build and exercise an installed wheel outside the checkout	2026-09-08T05:39:49.6853277Z ^[[36;1mwheel_env="$RUNNER_TEMP/datarepo-wheel-smoke"^[[0m
installed-wheel (3.12)	Build and exercise an installed wheel outside the checkout	2026-09-08T05:39:49.6853833Z ^[[36;1mpython -m venv "$wheel_env"^[[0m
installed-wheel (3.12)	Build and exercise an installed wheel outside the checkout	2026-09-08T05:39:49.6854377Z ^[[36;1m"$wheel_env/bin/python" -m pip install dist/*.whl^[[0m
installed-wheel (3.12)	Build and exercise an installed wheel outside the checkout	2026-09-08T05:39:49.6854920Z ^[[36;1mcd "$RUNNER_TEMP"^[[0m
installed-wheel (3.12)	Build and exercise an installed wheel outside the checkout	2026-09-08T05:39:49.6855540Z ^[[36;1m"$wheel_env/bin/python" -I "$GITHUB_WORKSPACE/scripts/smoke_installed_wheel.py"^[[0m
installed-wheel (3.12)	Build and exercise an installed wheel outside the checkout	2026-09-08T05:39:49.6912935Z shell: /usr/bin/bash -e {0}
installed-wheel (3.12)	Build and exercise an installed wheel outside the checkout	2026-09-08T05:39:49.6913435Z env:
installed-wheel (3.12)	Build and exercise an installed wheel outside the checkout	2026-09-08T05:39:49.6913840Z   AWS_EC2_METADATA_DISABLED: true
installed-wheel (3.12)	Build and exercise an installed wheel outside the checkout	2026-09-08T05:39:49.6914308Z   POLARS_MAX_THREADS: 2
installed-wheel (3.12)	Build and exercise an installed wheel outside the checkout	2026-09-08T05:39:49.6914810Z   pythonLocation: /opt/hostedtoolcache/Python/3.12.14/x64
installed-wheel (3.12)	Build and exercise an installed wheel outside the checkout	2026-09-08T05:39:49.6915484Z   PKG_CONFIG_PATH: /opt/hostedtoolcache/Python/3.12.14/x64/lib/pkgconfig
installed-wheel (3.12)	Build and exercise an installed wheel outside the checkout	2026-09-08T05:39:49.6916446Z   Python_ROOT_DIR: /opt/hostedtoolcache/Python/3.12.14/x64
installed-wheel (3.12)	Build and exercise an installed wheel outside the checkout	2026-09-08T05:39:49.6917199Z   Python2_ROOT_DIR: /opt/hostedtoolcache/Python/3.12.14/x64
installed-wheel (3.12)	Build and exercise an installed wheel outside the checkout	2026-09-08T05:39:49.6917944Z   Python3_ROOT_DIR: /opt/hostedtoolcache/Python/3.12.14/x64
installed-wheel (3.12)	Build and exercise an installed wheel outside the checkout	2026-09-08T05:39:49.6918567Z   LD_LIBRARY_PATH: /opt/hostedtoolcache/Python/3.12.14/x64/lib
installed-wheel (3.12)	Build and exercise an installed wheel outside the checkout	2026-09-08T05:39:49.6919113Z ##[endgroup]
installed-wheel (3.12)	Build and exercise an installed wheel outside the checkout	2026-09-08T05:39:50.5695857Z Collecting build
installed-wheel (3.12)	Build and exercise an installed wheel outside the checkout	2026-09-08T05:39:50.6195428Z   Downloading build-1.6.0-py3-none-any.whl.metadata (5.6 kB)
installed-wheel (3.12)	Build and exercise an installed wheel outside the checkout	2026-09-08T05:39:50.6370404Z Collecting packaging>=24.0 (from build)
installed-wheel (3.12)	Build and exercise an installed wheel outside the checkout	2026-09-08T05:39:50.6407561Z   Downloading packaging-26.3-py3-none-any.whl.metadata (3.5 kB)
installed-wheel (3.12)	Build and exercise an installed wheel outside the checkout	2026-09-08T05:39:50.6518495Z Collecting pyproject_hooks (from build)
installed-wheel (3.12)	Build and exercise an installed wheel outside the checkout	2026-09-08T05:39:50.6553349Z   Downloading pyproject_hooks-1.2.0-py3-none-any.whl.metadata (1.3 kB)
installed-wheel (3.12)	Build and exercise an installed wheel outside the checkout	2026-09-08T05:39:50.6626828Z Downloading build-1.6.0-py3-none-any.whl (31 kB)
installed-wheel (3.12)	Build and exercise an installed wheel outside the checkout	2026-09-08T05:39:50.6723326Z Downloading packaging-26.3-py3-none-any.whl (129 kB)
installed-wheel (3.12)	Build and exercise an installed wheel outside the checkout	2026-09-08T05:39:50.6864934Z Downloading pyproject_hooks-1.2.0-py3-none-any.whl (10 kB)
installed-wheel (3.12)	Build and exercise an installed wheel outside the checkout	2026-09-08T05:39:50.7369383Z Installing collected packages: pyproject_hooks, packaging, build
installed-wheel (3.12)	Build and exercise an installed wheel outside the checkout	2026-09-08T05:39:50.8567801Z 
installed-wheel (3.12)	Build and exercise an installed wheel outside the checkout	2026-09-08T05:39:50.8578980Z Successfully installed build-1.6.0 packaging-26.3 pyproject_hooks-1.2.0
installed-wheel (3.12)	Build and exercise an installed wheel outside the checkout	2026-09-08T05:39:51.0367230Z * Creating isolated environment: venv+pip...
installed-wheel (3.12)	Build and exercise an installed wheel outside the checkout	2026-09-08T05:39:51.0488199Z * Installing packages in isolated environment:
installed-wheel (3.12)	Build and exercise an installed wheel outside the checkout	2026-09-08T05:39:51.0489004Z   - hatchling
installed-wheel (3.12)	Build and exercise an installed wheel outside the checkout	2026-09-08T05:39:51.9102033Z * Getting build dependencies for wheel...
installed-wheel (3.12)	Build and exercise an installed wheel outside the checkout	2026-09-08T05:39:52.0745643Z * Installed build dependency versions:
installed-wheel (3.12)	Build and exercise an installed wheel outside the checkout	2026-09-08T05:39:52.0746400Z   - hatchling==1.32.0
installed-wheel (3.12)	Build and exercise an installed wheel outside the checkout	2026-09-08T05:39:52.0746894Z * Building wheel...
installed-wheel (3.12)	Build and exercise an installed wheel outside the checkout	2026-09-08T05:40:07.3606765Z Running npm install...
installed-wheel (3.12)	Build and exercise an installed wheel outside the checkout	2026-09-08T05:40:07.3610484Z 
installed-wheel (3.12)	Build and exercise an installed wheel outside the checkout	2026-09-08T05:40:07.3610930Z > @neuralink/datarepo-catalog@1.0.7 prepare
installed-wheel (3.12)	Build and exercise an installed wheel outside the checkout	2026-09-08T05:40:07.3611636Z > npm run build
installed-wheel (3.12)	Build and exercise an installed wheel outside the checkout	2026-09-08T05:40:07.3611861Z 
installed-wheel (3.12)	Build and exercise an installed wheel outside the checkout	2026-09-08T05:40:07.3611930Z 
installed-wheel (3.12)	Build and exercise an installed wheel outside the checkout	2026-09-08T05:40:07.3612224Z > @neuralink/datarepo-catalog@1.0.7 build
installed-wheel (3.12)	Build and exercise an installed wheel outside the checkout	2026-09-08T05:40:07.3612825Z > tsc && vite build
installed-wheel (3.12)	Build and exercise an installed wheel outside the checkout	2026-09-08T05:40:07.3613095Z 
installed-wheel (3.12)	Build and exercise an installed wheel outside the checkout	2026-09-08T05:40:07.3613878Z ^[[36mvite v5.4.19 ^[[32mbuilding for production...^[[36m^[[39m
installed-wheel (3.12)	Build and exercise an installed wheel outside the checkout	2026-09-08T05:40:07.3614985Z transforming...
installed-wheel (3.12)	Build and exercise an installed wheel outside the checkout	2026-09-08T05:40:07.3615946Z ^[[32m✓^[[39m 814 modules transformed.
installed-wheel (3.12)	Build and exercise an installed wheel outside the checkout	2026-09-08T05:40:07.3616619Z rendering chunks...
installed-wheel (3.12)	Build and exercise an installed wheel outside the checkout	2026-09-08T05:40:07.3617130Z computing gzip size...
installed-wheel (3.12)	Build and exercise an installed wheel outside the checkout	2026-09-08T05:40:07.3618638Z ^[[2m../precompiled/^[[22m^[[32mindex.html                                     ^[[39m^[[1m^[[2m  0.45 kB^[[22m^[[1m^[[22m^[[2m │ gzip:   0.29 kB^[[22m
installed-wheel (3.12)	Build and exercise an installed wheel outside the checkout	2026-09-08T05:40:07.3621088Z ^[[2m../precompiled/^[[22m^[[2massets/^[[22m^[[35mmain-DjPsrpBr.css                       ^[[39m^[[1m^[[2m692.74 kB^[[22m^[[1m^[[22m^[[2m │ gzip:  82.38 kB^[[22m
installed-wheel (3.12)	Build and exercise an installed wheel outside the checkout	2026-09-08T05:40:07.3623494Z ^[[2m../precompiled/^[[22m^[[2massets/^[[22m^[[36mcodeowners-Bp6g37R7.js                  ^[[39m^[[1m^[[2m  0.60 kB^[[22m^[[1m^[[22m^[[2m │ gzip:   0.35 kB^[[22m^[[2m │ map:     1.07 kB^[[22m
installed-wheel (3.12)	Build and exercise an installed wheel outside the checkout	2026-09-08T05:40:07.3626275Z ^[[2m../precompiled/^[[22m^[[2massets/^[[22m^[[36mshellsession-C_rIy8kc.js                ^[[39m^[[1m^[[2m  0.77 kB^[[22m^[[1m^[[22m^[[2m │ gzip:   0.47 kB^[[22m^[[2m │ map:     1.31 kB^[[22m
installed-wheel (3.12)	Build and exercise an installed wheel outside the checkout	2026-09-08T05:40:07.3627920Z ^[[2m../precompiled/^[[22m^[[2massets/^[[22m^[[36mtsv-B_m7g4N7.js                         ^[[39m^[[1m^[[2m  0.78 kB^[[22m^[[1m^[[22m^[[2m │ gzip:   0.38 kB^[[22m^[[2m │ map:     1.36 kB^[[22m
installed-wheel (3.12)	Build and exercise an installed wheel outside the checkout	2026-09-08T05:40:07.3629756Z ^[[2m../precompiled/^[[22m^[[2massets/^[[22m^[[36mhtml-derivative-CSfWNPLT.js             ^[[39m^[[1m^[[2m  1.02 kB^[[22m^[[1m^[[22m^[[2m │ gzip:   0.56 kB^[[22m^[[2m │ map:     1.48 kB^[[22m
installed-wheel (3.12)	Build and exercise an installed wheel outside the checkout	2026-09-08T05:40:07.3633352Z ^[[2m../precompiled/^[[22m^[[2massets/^[[22m^[[36mgit-rebase-B-v9cOL2.js                  ^[[39m^[[1m^[[2m  1.03 kB^[[22m^[[1m^[[22m^[[2m │ gzip:   0.47 kB^[[22m^[[2m │ map:     1.65 kB^[[22m
installed-wheel (3.12)	Build and exercise an installed wheel outside the checkout	2026-09-08T05:40:07.3635639Z ^[[2m../precompiled/^[[22m^[[2massets/^[[22m^[[36mqmldir-C8lEn-DE.js                      ^[[39m^[[1m^[[2m  1.05 kB^[[22m^[[1m^[[22m^[[2m │ gzip:   0.49 kB^[[22m^[[2m │ map:     1.72 kB^[[22m
installed-wheel (3.12)	Build and exercise an installed wheel outside the checkout	2026-09-08T05:40:07.3637036Z ^[[2m../precompiled/^[[22m^[[2massets/^[[22m^[[36mfortran-fixed-form-TqA4NnZg.js          ^[[39m^[[1m^[[2m  1.16 kB^[[22m^[[1m^[[22m^[[2m │ gzip:   0.58 kB^[[22m^[[2m │ map:     1.93 kB^[[22m
installed-wheel (3.12)	Build and exercise an installed wheel outside the checkout	2026-09-08T05:40:07.3638347Z ^[[2m../precompiled/^[[22m^[[2massets/^[[22m^[[36mcsv-B0qRVHPH.js                         ^[[39m^[[1m^[[2m  1.26 kB^[[22m^[[1m^[[22m^[[2m │ gzip:   0.42 kB^[[22m^[[2m │ map:     2.05 kB^[[22m
installed-wheel (3.12)	Build and exercise an installed wheel outside the checkout	2026-09-08T05:40:07.3639589Z ^[[2m../precompiled/^[[22m^[[2massets/^[[22m^[[36mxsl-Dd0NUgwM.js                         ^[[39m^[[1m^[[2m  1.43 kB^[[22m^[[1m^[[22m^[[2m │ gzip:   0.55 kB^[[22m^[[2m │ map:     2.16 kB^[[22m
installed-wheel (3.12)	Build and exercise an installed wheel outside the checkout	2026-09-08T05:40:07.3645000Z ^[[2m../precompiled/^[[22m^[[2massets/^[[22m^[[36msparql-bYkjHRlG.js                      ^[[39m^[[1m^[[2m  1.56 kB^[[22m^[[1m^[[22m^[[2m │ gzip:   0.86 kB^[[22m^[[2m │ map:     2.14 kB^[[22m
installed-wheel (3.12)	Build and exercise an installed wheel outside the checkout	2026-09-08T05:40:07.3646308Z ^[[2m../precompiled/^[[22m^[[2massets/^[[22m^[[36mini-BjABl1g7.js                         ^[[39m^[[1m^[[2m  1.57 kB^[[22m^[[1m^[[22m^[[2m │ gzip:   0.53 kB^[[22m^[[2m │ map:     2.46 kB^[[22m
installed-wheel (3.12)	Build and exercise an installed wheel outside the checkout	2026-09-08T05:40:07.3647559Z ^[[2m../precompiled/^[[22m^[[2massets/^[[22m^[[36mgit-commit-i4q6IMui.js                  ^[[39m^[[1m^[[2m  1.59 kB^[[22m^[[1m^[[22m^[[2m │ gzip:   0.70 kB^[[22m^[[2m │ map:     2.39 kB^[[22m
installed-wheel (3.12)	Build and exercise an installed wheel outside the checkout	2026-09-08T05:40:07.3648794Z ^[[2m../precompiled/^[[22m^[[2massets/^[[22m^[[36mdotenv-BjQB5zDj.js                      ^[[39m^[[1m^[[2m  1.75 kB^[[22m^[[1m^[[22m^[[2m │ gzip:   0.67 kB^[[22m^[[2m │ map:     2.72 kB^[[22m
installed-wheel (3.12)	Build and exercise an installed wheel outside the checkout	2026-09-08T05:40:07.3650285Z ^[[2m../precompiled/^[[22m^[[2massets/^[[22m^[[36mwenyan-7A4Fjokl.js                      ^[[39m^[[1m^[[2m  1.75 kB^[[22m^[[1m^[[22m^[[2m │ gzip:   1.16 kB^[[22m^[[2m │ map:     2.72 kB^[[22m
installed-wheel (3.12)	Build and exercise an installed wheel outside the checkout	2026-09-08T05:40:07.3651566Z ^[[2m../precompiled/^[[22m^[[2massets/^[[22m^[[36mdocker-COcR7UxN.js                      ^[[39m^[[1m^[[2m  1.81 kB^[[22m^[[1m^[[22m^[[2m │ gzip:   0.64 kB^[[22m^[[2m │ map:     2.66 kB^[[22m
installed-wheel (3.12)	Build and exercise an installed wheel outside the checkout	2026-09-08T05:40:07.3652767Z ^[[2m../precompiled/^[[22m^[[2massets/^[[22m^[[36mhxml-TIA70rKU.js                        ^[[39m^[[1m^[[2m  1.87 kB^[[22m^[[1m^[[22m^[[2m │ gzip:   0.93 kB^[[22m^[[2m │ map:     2.53 kB^[[22m
installed-wheel (3.12)	Build and exercise an installed wheel outside the checkout	2026-09-08T05:40:07.3653997Z ^[[2m../precompiled/^[[22m^[[2massets/^[[22m^[[36mdesktop-DEIpsLCJ.js                     ^[[39m^[[1m^[[2m  2.07 kB^[[22m^[[1m^[[22m^[[2m │ gzip:   0.82 kB^[[22m^[[2m │ map:     3.08 kB^[[22m
installed-wheel (3.12)	Build and exercise an installed wheel outside the checkout	2026-09-08T05:40:07.3655209Z ^[[2m../precompiled/^[[22m^[[2massets/^[[22m^[[36medge-D5gP-w-T.js                        ^[[39m^[[1m^[[2m  2.40 kB^[[22m^[[1m^[[22m^[[2m │ gzip:   0.73 kB^[[22m^[[2m │ map:     3.52 kB^[[22m
installed-wheel (3.12)	Build and exercise an installed wheel outside the checkout	2026-09-08T05:40:07.3656403Z ^[[2m../precompiled/^[[22m^[[2massets/^[[22m^[[36mreg-5LuOXUq_.js                         ^[[39m^[[1m^[[2m  2.41 kB^[[22m^[[1m^[[22m^[[2m │ gzip:   0.74 kB^[[22m^[[2m │ map:     3.53 kB^[[22m
installed-wheel (3.12)	Build and exercise an installed wheel outside the checkout	2026-09-08T05:40:07.3657591Z ^[[2m../precompiled/^[[22m^[[2massets/^[[22m^[[36mberry-3xVqZejG.js                       ^[[39m^[[1m^[[2m  2.49 kB^[[22m^[[1m^[[22m^[[2m │ gzip:   0.84 kB^[[22m^[[2m │ map:     3.95 kB^[[22m
installed-wheel (3.12)	Build and exercise an installed wheel outside the checkout	2026-09-08T05:40:07.3658774Z ^[[2m../precompiled/^[[22m^[[2massets/^[[22m^[[36merb-BYTLMnw6.js                         ^[[39m^[[1m^[[2m  2.65 kB^[[22m^[[1m^[[22m^[[2m │ gzip:   0.88 kB^[[22m^[[2m │ map:     3.27 kB^[[22m
installed-wheel (3.12)	Build and exercise an installed wheel outside the checkout	2026-09-08T05:40:07.3660588Z ^[[2m../precompiled/^[[22m^[[2massets/^[[22m^[[36mdiff-BgYniUM_.js                        ^[[39m^[[1m^[[2m  2.69 kB^[[22m^[[1m^[[22m^[[2m │ gzip:   0.77 kB^[[22m^[[2m │ map:     3.94 kB^[[22m
installed-wheel (3.12)	Build and exercise an installed wheel outside the checkout	2026-09-08T05:40:07.3662109Z ^[[2m../precompiled/^[[22m^[[2massets/^[[22m^[[36mgleam-B430Bg39.js                       ^[[39m^[[1m^[[2m  2.73 kB^[[22m^[[1m^[[22m^[[2m │ gzip:   0.89 kB^[[22m^[[2m │ map:     4.09 kB^[[22m
installed-wheel (3.12)	Build and exercise an installed wheel outside the checkout	2026-09-08T05:40:07.3663298Z ^[[2m../precompiled/^[[22m^[[2massets/^[[22m^[[36mhy-BMj5Y0dO.js                          ^[[39m^[[1m^[[2m  2.86 kB^[[22m^[[1m^[[22m^[[2m │ gzip:   1.23 kB^[[22m^[[2m │ map:     3.98 kB^[[22m
installed-wheel (3.12)	Build and exercise an installed wheel outside the checkout	2026-09-08T05:40:07.3664476Z ^[[2m../precompiled/^[[22m^[[2massets/^[[22m^[[36mjson-BQoSv7ci.js                        ^[[39m^[[1m^[[2m  2.96 kB^[[22m^[[1m^[[22m^[[2m │ gzip:   0.85 kB^[[22m^[[2m │ map:     4.43 kB^[[22m
installed-wheel (3.12)	Build and exercise an installed wheel outside the checkout	2026-09-08T05:40:07.3665666Z ^[[2m../precompiled/^[[22m^[[2massets/^[[22m^[[36mcairo--RitsXJZ.js                       ^[[39m^[[1m^[[2m  3.00 kB^[[22m^[[1m^[[22m^[[2m │ gzip:   0.84 kB^[[22m^[[2m │ map:     4.53 kB^[[22m
installed-wheel (3.12)	Build and exercise an installed wheel outside the checkout	2026-09-08T05:40:07.3666858Z ^[[2m../precompiled/^[[22m^[[2massets/^[[22m^[[36mlog-Cc5clBb7.js                         ^[[39m^[[1m^[[2m  3.01 kB^[[22m^[[1m^[[22m^[[2m │ gzip:   0.93 kB^[[22m^[[2m │ map:     4.46 kB^[[22m
installed-wheel (3.12)	Build and exercise an installed wheel outside the checkout	2026-09-08T05:40:07.3668047Z ^[[2m../precompiled/^[[22m^[[2massets/^[[22m^[[36mjssm-P4WzXJd0.js                        ^[[39m^[[1m^[[2m  3.02 kB^[[22m^[[1m^[[22m^[[2m │ gzip:   0.73 kB^[[22m^[[2m │ map:     4.44 kB^[[22m
installed-wheel (3.12)	Build and exercise an installed wheel outside the checkout	2026-09-08T05:40:07.3669228Z ^[[2m../precompiled/^[[22m^[[2massets/^[[22m^[[36mjsonl-DREVFZK8.js                       ^[[39m^[[1m^[[2m  3.15 kB^[[22m^[[1m^[[22m^[[2m │ gzip:   0.86 kB^[[22m^[[2m │ map:     4.62 kB^[[22m
installed-wheel (3.12)	Build and exercise an installed wheel outside the checkout	2026-09-08T05:40:07.3670711Z ^[[2m../precompiled/^[[22m^[[2massets/^[[22m^[[36mjsonc-TU54ms6u.js                       ^[[39m^[[1m^[[2m  3.24 kB^[[22m^[[1m^[[22m^[[2m │ gzip:   0.86 kB^[[22m^[[2m │ map:     4.72 kB^[[22m
installed-wheel (3.12)	Build and exercise an installed wheel outside the checkout	2026-09-08T05:40:07.3671914Z ^[[2m../precompiled/^[[22m^[[2massets/^[[22m^[[36mlogo-IuBKFhSY.js                        ^[[39m^[[1m^[[2m  3.25 kB^[[22m^[[1m^[[22m^[[2m │ gzip:   1.52 kB^[[22m^[[2m │ map:     3.88 kB^[[22m
installed-wheel (3.12)	Build and exercise an installed wheel outside the checkout	2026-09-08T05:40:07.3673152Z ^[[2m../precompiled/^[[22m^[[2massets/^[[22m^[[36mpo-BFLt1xDp.js                          ^[[39m^[[1m^[[2m  3.42 kB^[[22m^[[1m^[[22m^[[2m │ gzip:   1.02 kB^[[22m^[[2m │ map:     5.24 kB^[[22m
installed-wheel (3.12)	Build and exercise an installed wheel outside the checkout	2026-09-08T05:40:07.3674366Z ^[[2m../precompiled/^[[22m^[[2massets/^[[22m^[[36mgenie-ajMbGru0.js                       ^[[39m^[[1m^[[2m  3.42 kB^[[22m^[[1m^[[22m^[[2m │ gzip:   1.25 kB^[[22m^[[2m │ map:     4.89 kB^[[22m
installed-wheel (3.12)	Build and exercise an installed wheel outside the checkout	2026-09-08T05:40:07.3675578Z ^[[2m../precompiled/^[[22m^[[2massets/^[[22m^[[36mtasl-CQjiPCtT.js                        ^[[39m^[[1m^[[2m  3.43 kB^[[22m^[[1m^[[22m^[[2m │ gzip:   0.92 kB^[[22m^[[2m │ map:     5.21 kB^[[22m
installed-wheel (3.12)	Build and exercise an installed wheel outside the checkout	2026-09-08T05:40:07.3676786Z ^[[2m../precompiled/^[[22m^[[2massets/^[[22m^[[36mvala-BFOHcciG.js                        ^[[39m^[[1m^[[2m  3.45 kB^[[22m^[[1m^[[22m^[[2m │ gzip:   1.23 kB^[[22m^[[2m │ map:     4.92 kB^[[22m
installed-wheel (3.12)	Build and exercise an installed wheel outside the checkout	2026-09-08T05:40:07.3677980Z ^[[2m../precompiled/^[[22m^[[2massets/^[[22m^[[36mmipsasm-BC5c_5Pe.js                     ^[[39m^[[1m^[[2m  3.46 kB^[[22m^[[1m^[[22m^[[2m │ gzip:   1.31 kB^[[22m^[[2m │ map:     4.82 kB^[[22m
installed-wheel (3.12)	Build and exercise an installed wheel outside the checkout	2026-09-08T05:40:07.3679190Z ^[[2m../precompiled/^[[22m^[[2massets/^[[22m^[[36mrel-DJlmqQ1C.js                         ^[[39m^[[1m^[[2m  3.47 kB^[[22m^[[1m^[[22m^[[2m │ gzip:   1.14 kB^[[22m^[[2m │ map:     5.00 kB^[[22m
installed-wheel (3.12)	Build and exercise an installed wheel outside the checkout	2026-09-08T05:40:07.3680747Z ^[[2m../precompiled/^[[22m^[[2massets/^[[22m^[[36mjson5-w8dY5SsB.js                       ^[[39m^[[1m^[[2m  3.58 kB^[[22m^[[1m^[[22m^[[2m │ gzip:   0.98 kB^[[22m^[[2m │ map:     5.30 kB^[[22m
installed-wheel (3.12)	Build and exercise an installed wheel outside the checkout	2026-09-08T05:40:07.3681995Z ^[[2m../precompiled/^[[22m^[[2massets/^[[22m^[[36mssh-config-BknIz3MU.js                  ^[[39m^[[1m^[[2m  3.66 kB^[[22m^[[1m^[[22m^[[2m │ gzip:   1.62 kB^[[22m^[[2m │ map:     4.46 kB^[[22m
installed-wheel (3.12)	Build and exercise an installed wheel outside the checkout	2026-09-08T05:40:07.3683215Z ^[[2m../precompiled/^[[22m^[[2massets/^[[22m^[[36mfluent-Dayu4EKP.js                      ^[[39m^[[1m^[[2m  3.67 kB^[[22m^[[1m^[[22m^[[2m │ gzip:   0.93 kB^[[22m^[[2m │ map:     5.21 kB^[[22m
installed-wheel (3.12)	Build and exercise an installed wheel outside the checkout	2026-09-08T05:40:07.3684437Z ^[[2m../precompiled/^[[22m^[[2massets/^[[22m^[[36mjsonnet-BfivnA6A.js                     ^[[39m^[[1m^[[2m  3.68 kB^[[22m^[[1m^[[22m^[[2m │ gzip:   1.10 kB^[[22m^[[2m │ map:     5.38 kB^[[22m
installed-wheel (3.12)	Build and exercise an installed wheel outside the checkout	2026-09-08T05:40:07.3685954Z ^[[2m../precompiled/^[[22m^[[2massets/^[[22m^[[36mnarrat-DLbgOhZU.js                      ^[[39m^[[1m^[[2m  3.74 kB^[[22m^[[1m^[[22m^[[2m │ gzip:   1.14 kB^[[22m^[[2m │ map:     5.46 kB^[[22m
installed-wheel (3.12)	Build and exercise an installed wheel outside the checkout	2026-09-08T05:40:07.3687152Z ^[[2m../precompiled/^[[22m^[[2massets/^[[22m^[[36mturtle-BMR_PYu6.js                      ^[[39m^[[1m^[[2m  3.76 kB^[[22m^[[1m^[[22m^[[2m │ gzip:   1.02 kB^[[22m^[[2m │ map:     5.50 kB^[[22m
installed-wheel (3.12)	Build and exercise an installed wheel outside the checkout	2026-09-08T05:40:07.3688626Z ^[[2m../precompiled/^[[22m^[[2massets/^[[22m^[[36msplunk-Cf8iN4DR.js                      ^[[39m^[[1m^[[2m  3.96 kB^[[22m^[[1m^[[22m^[[2m │ gzip:   1.69 kB^[[22m^[[2m │ map:     5.13 kB^[[22m
installed-wheel (3.12)	Build and exercise an installed wheel outside the checkout	2026-09-08T05:40:07.3690435Z ^[[2m../precompiled/^[[22m^[[2massets/^[[22m^[[36mglsl-DBO2IWDn.js                        ^[[39m^[[1m^[[2m  3.98 kB^[[22m^[[1m^[[22m^[[2m │ gzip:   1.46 kB^[[22m^[[2m │ map:     4.67 kB^[[22m
installed-wheel (3.12)	Build and exercise an installed wheel outside the checkout	2026-09-08T05:40:07.3692096Z ^[[2m../precompiled/^[[22m^[[2massets/^[[22m^[[36mnextflow-B0XVJmRM.js                    ^[[39m^[[1m^[[2m  4.00 kB^[[22m^[[1m^[[22m^[[2m │ gzip:   1.13 kB^[[22m^[[2m │ map:     5.94 kB^[[22m
installed-wheel (3.12)	Build and exercise an installed wheel outside the checkout	2026-09-08T05:40:07.3693618Z ^[[2m../precompiled/^[[22m^[[2massets/^[[22m^[[36msdbl-BLhTXw86.js                        ^[[39m^[[1m^[[2m  4.18 kB^[[22m^[[1m^[[22m^[[2m │ gzip:   2.15 kB^[[22m^[[2m │ map:     5.48 kB^[[22m
installed-wheel (3.12)	Build and exercise an installed wheel outside the checkout	2026-09-08T05:40:07.3695074Z ^[[2m../precompiled/^[[22m^[[2massets/^[[22m^[[36mpascal-JqZropPD.js                      ^[[39m^[[1m^[[2m  4.22 kB^[[22m^[[1m^[[22m^[[2m │ gzip:   1.71 kB^[[22m^[[2m │ map:     5.55 kB^[[22m
installed-wheel (3.12)	Build and exercise an installed wheel outside the checkout	2026-09-08T05:40:07.3696600Z ^[[2m../precompiled/^[[22m^[[2massets/^[[22m^[[36msmalltalk-DkLiglaE.js                   ^[[39m^[[1m^[[2m  4.25 kB^[[22m^[[1m^[[22m^[[2m │ gzip:   1.29 kB^[[22m^[[2m │ map:     6.06 kB^[[22m
installed-wheel (3.12)	Build and exercise an installed wheel outside the checkout	2026-09-08T05:40:07.3698189Z ^[[2m../precompiled/^[[22m^[[2massets/^[[22m^[[36mlean-XBlWyCtg.js                        ^[[39m^[[1m^[[2m  4.34 kB^[[22m^[[1m^[[22m^[[2m │ gzip:   1.36 kB^[[22m^[[2m │ map:     6.22 kB^[[22m
installed-wheel (3.12)	Build and exercise an installed wheel outside the checkout	2026-09-08T05:40:07.3699651Z ^[[2m../precompiled/^[[22m^[[2massets/^[[22m^[[36mzenscript-HnGAYVZD.js                   ^[[39m^[[1m^[[2m  4.44 kB^[[22m^[[1m^[[22m^[[2m │ gzip:   1.46 kB^[[22m^[[2m │ map:     6.46 kB^[[22m
installed-wheel (3.12)	Build and exercise an installed wheel outside the checkout	2026-09-08T05:40:07.3701544Z ^[[2m../precompiled/^[[22m^[[2massets/^[[22m^[[36mbicep-DHo0CJ0O.js                       ^[[39m^[[1m^[[2m  4.50 kB^[[22m^[[1m^[[22m^[[2m │ gzip:   1.11 kB^[[22m^[[2m │ map:     6.69 kB^[[22m
installed-wheel (3.12)	Build and exercise an installed wheel outside the checkout	2026-09-08T05:40:07.3703106Z ^[[2m../precompiled/^[[22m^[[2massets/^[[22m^[[36mhttp-FRrOvY1W.js                        ^[[39m^[[1m^[[2m  4.70 kB^[[22m^[[1m^[[22m^[[2m │ gzip:   1.17 kB^[[22m^[[2m │ map:     6.84 kB^[[22m
installed-wheel (3.12)	Build and exercise an installed wheel outside the checkout	2026-09-08T05:40:07.3704602Z ^[[2m../precompiled/^[[22m^[[2massets/^[[22m^[[36mpolar-DKykz6zU.js                       ^[[39m^[[1m^[[2m  4.72 kB^[[22m^[[1m^[[22m^[[2m │ gzip:   1.21 kB^[[22m^[[2m │ map:     7.23 kB^[[22m
installed-wheel (3.12)	Build and exercise an installed wheel outside the checkout	2026-09-08T05:40:07.3706174Z ^[[2m../precompiled/^[[22m^[[2massets/^[[22m^[[36mfennel-bCA53EVm.js                      ^[[39m^[[1m^[[2m  4.87 kB^[[22m^[[1m^[[22m^[[2m │ gzip:   1.59 kB^[[22m^[[2m │ map:     6.51 kB^[[22m
installed-wheel (3.12)	Build and exercise an installed wheel outside the checkout	2026-09-08T05:40:07.3707803Z ^[[2m../precompiled/^[[22m^[[2massets/^[[22m^[[36mtcl-DQ1-QYvQ.js                         ^[[39m^[[1m^[[2m  5.06 kB^[[22m^[[1m^[[22m^[[2m │ gzip:   1.73 kB^[[22m^[[2m │ map:     7.21 kB^[[22m
installed-wheel (3.12)	Build and exercise an installed wheel outside the checkout	2026-09-08T05:40:07.3709322Z ^[[2m../precompiled/^[[22m^[[2massets/^[[22m^[[36mbibtex-xW4inM5L.js                      ^[[39m^[[1m^[[2m  5.12 kB^[[22m^[[1m^[[22m^[[2m │ gzip:   0.84 kB^[[22m^[[2m │ map:     7.44 kB^[[22m
installed-wheel (3.12)	Build and exercise an installed wheel outside the checkout	2026-09-08T05:40:07.3710945Z ^[[2m../precompiled/^[[22m^[[2massets/^[[22m^[[36mfish-w-ucz2PV.js                        ^[[39m^[[1m^[[2m  5.43 kB^[[22m^[[1m^[[22m^[[2m │ gzip:   1.72 kB^[[22m^[[2m │ map:     7.11 kB^[[22m
installed-wheel (3.12)	Build and exercise an installed wheel outside the checkout	2026-09-08T05:40:07.3712456Z ^[[2m../precompiled/^[[22m^[[2massets/^[[22m^[[36mxml-e3z08dGr.js                         ^[[39m^[[1m^[[2m  5.45 kB^[[22m^[[1m^[[22m^[[2m │ gzip:   1.26 kB^[[22m^[[2m │ map:     7.85 kB^[[22m
installed-wheel (3.12)	Build and exercise an installed wheel outside the checkout	2026-09-08T05:40:07.3714043Z ^[[2m../precompiled/^[[22m^[[2massets/^[[22m^[[36mqml-D8XfuvdV.js                         ^[[39m^[[1m^[[2m  5.47 kB^[[22m^[[1m^[[22m^[[2m │ gzip:   1.42 kB^[[22m^[[2m │ map:     8.28 kB^[[22m
installed-wheel (3.12)	Build and exercise an installed wheel outside the checkout	2026-09-08T05:40:07.3715900Z ^[[2m../precompiled/^[[22m^[[2massets/^[[22m^[[36mzig-BVz_zdnA.js                         ^[[39m^[[1m^[[2m  5.50 kB^[[22m^[[1m^[[22m^[[2m │ gzip:   1.63 kB^[[22m^[[2m │ map:     7.97 kB^[[22m
installed-wheel (3.12)	Build and exercise an installed wheel outside the checkout	2026-09-08T05:40:07.3717963Z ^[[2m../precompiled/^[[22m^[[2massets/^[[22m^[[36mgdresource-BHYsBjWJ.js                  ^[[39m^[[1m^[[2m  5.52 kB^[[22m^[[1m^[[22m^[[2m │ gzip:   1.40 kB^[[22m^[[2m │ map:     7.98 kB^[[22m
installed-wheel (3.12)	Build and exercise an installed wheel outside the checkout	2026-09-08T05:40:07.3719517Z ^[[2m../precompiled/^[[22m^[[2massets/^[[22m^[[36mawk-eg146-Ew.js                         ^[[39m^[[1m^[[2m  5.54 kB^[[22m^[[1m^[[22m^[[2m │ gzip:   1.42 kB^[[22m^[[2m │ map:     8.03 kB^[[22m
installed-wheel (3.12)	Build and exercise an installed wheel outside the checkout	2026-09-08T05:40:07.3721187Z ^[[2m../precompiled/^[[22m^[[2massets/^[[22m^[[36mdax-ClGRhx96.js                         ^[[39m^[[1m^[[2m  5.57 kB^[[22m^[[1m^[[22m^[[2m │ gzip:   2.31 kB^[[22m^[[2m │ map:     6.95 kB^[[22m
installed-wheel (3.12)	Build and exercise an installed wheel outside the checkout	2026-09-08T05:40:07.3722767Z ^[[2m../precompiled/^[[22m^[[2massets/^[[22m^[[36mjinja-DGy0s7-h.js                       ^[[39m^[[1m^[[2m  5.77 kB^[[22m^[[1m^[[22m^[[2m │ gzip:   1.45 kB^[[22m^[[2m │ map:     8.46 kB^[[22m
installed-wheel (3.12)	Build and exercise an installed wheel outside the checkout	2026-09-08T05:40:07.3724243Z ^[[2m../precompiled/^[[22m^[[2massets/^[[22m^[[36mpowerquery-CSHBycmS.js                  ^[[39m^[[1m^[[2m  5.98 kB^[[22m^[[1m^[[22m^[[2m │ gzip:   1.55 kB^[[22m^[[2m │ map:     8.55 kB^[[22m
installed-wheel (3.12)	Build and exercise an installed wheel outside the checkout	2026-09-08T05:40:07.3725744Z ^[[2m../precompiled/^[[22m^[[2massets/^[[22m^[[36mverilog-CJaU5se_.js                     ^[[39m^[[1m^[[2m  5.98 kB^[[22m^[[1m^[[22m^[[2m │ gzip:   1.93 kB^[[22m^[[2m │ map:     8.01 kB^[[22m
installed-wheel (3.12)	Build and exercise an installed wheel outside the checkout	2026-09-08T05:40:07.3727188Z ^[[2m../precompiled/^[[22m^[[2massets/^[[22m^[[36mcoq-Dsg_Bt_b.js                         ^[[39m^[[1m^[[2m  6.03 kB^[[22m^[[1m^[[22m^[[2m │ gzip:   2.06 kB^[[22m^[[2m │ map:     8.18 kB^[[22m
installed-wheel (3.12)	Build and exercise an installed wheel outside the checkout	2026-09-08T05:40:07.3728805Z ^[[2m../precompiled/^[[22m^[[2massets/^[[22m^[[36mvb-CdO5JTpU.js                          ^[[39m^[[1m^[[2m  6.30 kB^[[22m^[[1m^[[22m^[[2m │ gzip:   2.40 kB^[[22m^[[2m │ map:     8.25 kB^[[22m
installed-wheel (3.12)	Build and exercise an installed wheel outside the checkout	2026-09-08T05:40:07.3730355Z ^[[2m../precompiled/^[[22m^[[2massets/^[[22m^[[36mred-bN70gL4F.js                         ^[[39m^[[1m^[[2m  6.30 kB^[[22m^[[1m^[[22m^[[2m │ gzip:   1.64 kB^[[22m^[[2m │ map:     8.85 kB^[[22m
installed-wheel (3.12)	Build and exercise an installed wheel outside the checkout	2026-09-08T05:40:07.3731885Z ^[[2m../precompiled/^[[22m^[[2massets/^[[22m^[[36mshaderlab-B7qAK45m.js                   ^[[39m^[[1m^[[2m  6.32 kB^[[22m^[[1m^[[22m^[[2m │ gzip:   2.13 kB^[[22m^[[2m │ map:     8.03 kB^[[22m
installed-wheel (3.12)	Build and exercise an installed wheel outside the checkout	2026-09-08T05:40:07.3733413Z ^[[2m../precompiled/^[[22m^[[2massets/^[[22m^[[36mmin-dark-CafNBF8u.js                    ^[[39m^[[1m^[[2m  6.34 kB^[[22m^[[1m^[[22m^[[2m │ gzip:   1.75 kB^[[22m^[[2m │ map:     8.59 kB^[[22m
installed-wheel (3.12)	Build and exercise an installed wheel outside the checkout	2026-09-08T05:40:07.3734887Z ^[[2m../precompiled/^[[22m^[[2massets/^[[22m^[[36mgdshader-SKMF96pI.js                    ^[[39m^[[1m^[[2m  6.42 kB^[[22m^[[1m^[[22m^[[2m │ gzip:   1.79 kB^[[22m^[[2m │ map:     9.22 kB^[[22m
installed-wheel (3.12)	Build and exercise an installed wheel outside the checkout	2026-09-08T05:40:07.3736298Z ^[[2m../precompiled/^[[22m^[[2massets/^[[22m^[[36mprisma-B48N-Iqd.js                      ^[[39m^[[1m^[[2m  6.43 kB^[[22m^[[1m^[[22m^[[2m │ gzip:   1.43 kB^[[22m^[[2m │ map:     9.35 kB^[[22m
installed-wheel (3.12)	Build and exercise an installed wheel outside the checkout	2026-09-08T05:40:07.3737691Z ^[[2m../precompiled/^[[22m^[[2massets/^[[22m^[[36mwgsl-CB0Krxn9.js                        ^[[39m^[[1m^[[2m  6.53 kB^[[22m^[[1m^[[22m^[[2m │ gzip:   1.74 kB^[[22m^[[2m │ map:     9.36 kB^[[22m
installed-wheel (3.12)	Build and exercise an installed wheel outside the checkout	2026-09-08T05:40:07.3739117Z ^[[2m../precompiled/^[[22m^[[2massets/^[[22m^[[36msolarized-light-L9t79GZl.js             ^[[39m^[[1m^[[2m  6.53 kB^[[22m^[[1m^[[22m^[[2m │ gzip:   1.77 kB^[[22m^[[2m │ map:     9.21 kB^[[22m
installed-wheel (3.12)	Build and exercise an installed wheel outside the checkout	2026-09-08T05:40:07.3741043Z ^[[2m../precompiled/^[[22m^[[2massets/^[[22m^[[36mpostcss-B3ZDOciz.js                     ^[[39m^[[1m^[[2m  6.56 kB^[[22m^[[1m^[[22m^[[2m │ gzip:   1.97 kB^[[22m^[[2m │ map:     9.26 kB^[[22m
installed-wheel (3.12)	Build and exercise an installed wheel outside the checkout	2026-09-08T05:40:07.3742528Z ^[[2m../precompiled/^[[22m^[[2massets/^[[22m^[[36mtoml-CB2ApiWb.js                        ^[[39m^[[1m^[[2m  6.58 kB^[[22m^[[1m^[[22m^[[2m │ gzip:   1.34 kB^[[22m^[[2m │ map:     9.58 kB^[[22m
installed-wheel (3.12)	Build and exercise an installed wheel outside the checkout	2026-09-08T05:40:07.3743989Z ^[[2m../precompiled/^[[22m^[[2massets/^[[22m^[[36mproto-zocC4JxJ.js                       ^[[39m^[[1m^[[2m  6.62 kB^[[22m^[[1m^[[22m^[[2m │ gzip:   1.46 kB^[[22m^[[2m │ map:     9.92 kB^[[22m
installed-wheel (3.12)	Build and exercise an installed wheel outside the checkout	2026-09-08T05:40:07.3745645Z ^[[2m../precompiled/^[[22m^[[2massets/^[[22m^[[36mtalonscript-C1XDQQGZ.js                 ^[[39m^[[1m^[[2m  6.75 kB^[[22m^[[1m^[[22m^[[2m │ gzip:   1.51 kB^[[22m^[[2m │ map:    10.06 kB^[[22m
installed-wheel (3.12)	Build and exercise an installed wheel outside the checkout	2026-09-08T05:40:07.3747111Z ^[[2m../precompiled/^[[22m^[[2massets/^[[22m^[[36mcypher-m2LEI-9-.js                      ^[[39m^[[1m^[[2m  6.86 kB^[[22m^[[1m^[[22m^[[2m │ gzip:   1.87 kB^[[22m^[[2m │ map:     9.41 kB^[[22m
installed-wheel (3.12)	Build and exercise an installed wheel outside the checkout	2026-09-08T05:40:07.3749029Z ^[[2m../precompiled/^[[22m^[[2massets/^[[22m^[[36msolarized-dark-DXbdFlpD.js              ^[[39m^[[1m^[[2m  6.90 kB^[[22m^[[1m^[[22m^[[2m │ gzip:   1.83 kB^[[22m^[[2m │ map:     9.67 kB^[[22m
installed-wheel (3.12)	Build and exercise an installed wheel outside the checkout	2026-09-08T05:40:07.3750874Z ^[[2m../precompiled/^[[22m^[[2massets/^[[22m^[[36msoy-C-lX7w71.js                         ^[[39m^[[1m^[[2m  6.99 kB^[[22m^[[1m^[[22m^[[2m │ gzip:   1.71 kB^[[22m^[[2m │ map:    10.61 kB^[[22m
installed-wheel (3.12)	Build and exercise an installed wheel outside the checkout	2026-09-08T05:40:07.3752364Z ^[[2m../precompiled/^[[22m^[[2massets/^[[22m^[[36mmin-light-CTRr51gU.js                   ^[[39m^[[1m^[[2m  7.02 kB^[[22m^[[1m^[[22m^[[2m │ gzip:   1.92 kB^[[22m^[[2m │ map:     9.51 kB^[[22m
installed-wheel (3.12)	Build and exercise an installed wheel outside the checkout	2026-09-08T05:40:07.3753651Z ^[[2m../precompiled/^[[22m^[[2massets/^[[22m^[[36mclojure-DxSadP1t.js                     ^[[39m^[[1m^[[2m  7.12 kB^[[22m^[[1m^[[22m^[[2m │ gzip:   1.52 kB^[[22m^[[2m │ map:    10.55 kB^[[22m
installed-wheel (3.12)	Build and exercise an installed wheel outside the checkout	2026-09-08T05:40:07.3755172Z ^[[2m../precompiled/^[[22m^[[2massets/^[[22m^[[36mara-7O62HKoU.js                         ^[[39m^[[1m^[[2m  7.29 kB^[[22m^[[1m^[[22m^[[2m │ gzip:   2.16 kB^[[22m^[[2m │ map:    10.37 kB^[[22m
installed-wheel (3.12)	Build and exercise an installed wheel outside the checkout	2026-09-08T05:40:07.3756419Z ^[[2m../precompiled/^[[22m^[[2massets/^[[22m^[[36mhlsl-ifBTmRxC.js                        ^[[39m^[[1m^[[2m  7.65 kB^[[22m^[[1m^[[22m^[[2m │ gzip:   2.27 kB^[[22m^[[2m │ map:     9.59 kB^[[22m
installed-wheel (3.12)	Build and exercise an installed wheel outside the checkout	2026-09-08T05:40:07.3757633Z ^[[2m../precompiled/^[[22m^[[2massets/^[[22m^[[36mriscv-QhoSD0DR.js                       ^[[39m^[[1m^[[2m  7.75 kB^[[22m^[[1m^[[22m^[[2m │ gzip:   2.25 kB^[[22m^[[2m │ map:    10.64 kB^[[22m
installed-wheel (3.12)	Build and exercise an installed wheel outside the checkout	2026-09-08T05:40:07.3759072Z ^[[2m../precompiled/^[[22m^[[2massets/^[[22m^[[36mqss-DhMKtDLN.js                         ^[[39m^[[1m^[[2m  7.86 kB^[[22m^[[1m^[[22m^[[2m │ gzip:   2.63 kB^[[22m^[[2m │ map:     9.73 kB^[[22m
installed-wheel (3.12)	Build and exercise an installed wheel outside the checkout	2026-09-08T05:40:07.3760499Z ^[[2m../precompiled/^[[22m^[[2massets/^[[22m^[[36mmonokai-D4h5O-jR.js                     ^[[39m^[[1m^[[2m  7.93 kB^[[22m^[[1m^[[22m^[[2m │ gzip:   1.94 kB^[[22m^[[2m │ map:    11.07 kB^[[22m
installed-wheel (3.12)	Build and exercise an installed wheel outside the checkout	2026-09-08T05:40:07.3761751Z ^[[2m../precompiled/^[[22m^[[2massets/^[[22m^[[36mdart-B9wLZaAG.js                        ^[[39m^[[1m^[[2m  7.93 kB^[[22m^[[1m^[[22m^[[2m │ gzip:   1.96 kB^[[22m^[[2m │ map:    11.65 kB^[[22m
installed-wheel (3.12)	Build and exercise an installed wheel outside the checkout	2026-09-08T05:40:07.3762993Z ^[[2m../precompiled/^[[22m^[[2massets/^[[22m^[[36msystemd-CUnW07Te.js                     ^[[39m^[[1m^[[2m  8.04 kB^[[22m^[[1m^[[22m^[[2m │ gzip:   2.61 kB^[[22m^[[2m │ map:    10.81 kB^[[22m
installed-wheel (3.12)	Build and exercise an installed wheel outside the checkout	2026-09-08T05:40:07.3764208Z ^[[2m../precompiled/^[[22m^[[2massets/^[[22m^[[36mregexp-DWJ3fJO_.js                      ^[[39m^[[1m^[[2m  8.11 kB^[[22m^[[1m^[[22m^[[2m │ gzip:   1.49 kB^[[22m^[[2m │ map:    11.26 kB^[[22m
installed-wheel (3.12)	Build and exercise an installed wheel outside the checkout	2026-09-08T05:40:07.3765646Z ^[[2m../precompiled/^[[22m^[[2massets/^[[22m^[[36mhaml-B2EZWmdv.js                        ^[[39m^[[1m^[[2m  8.53 kB^[[22m^[[1m^[[22m^[[2m │ gzip:   1.91 kB^[[22m^[[2m │ map:    12.74 kB^[[22m
installed-wheel (3.12)	Build and exercise an installed wheel outside the checkout	2026-09-08T05:40:07.3766912Z ^[[2m../precompiled/^[[22m^[[2massets/^[[22m^[[36mtypst-BVUVsWT6.js                       ^[[39m^[[1m^[[2m  8.60 kB^[[22m^[[1m^[[22m^[[2m │ gzip:   1.74 kB^[[22m^[[2m │ map:    12.54 kB^[[22m
installed-wheel (3.12)	Build and exercise an installed wheel outside the checkout	2026-09-08T05:40:07.3768140Z ^[[2m../precompiled/^[[22m^[[2massets/^[[22m^[[36mplsql-LKU2TuZ1.js                       ^[[39m^[[1m^[[2m  8.61 kB^[[22m^[[1m^[[22m^[[2m │ gzip:   3.04 kB^[[22m^[[2m │ map:    10.94 kB^[[22m
installed-wheel (3.12)	Build and exercise an installed wheel outside the checkout	2026-09-08T05:40:07.3769374Z ^[[2m../precompiled/^[[22m^[[2massets/^[[22m^[[36mvue-html-xdeiXROB.js                    ^[[39m^[[1m^[[2m  8.74 kB^[[22m^[[1m^[[22m^[[2m │ gzip:   1.81 kB^[[22m^[[2m │ map:    12.07 kB^[[22m
installed-wheel (3.12)	Build and exercise an installed wheel outside the checkout	2026-09-08T05:40:07.3770793Z ^[[2m../precompiled/^[[22m^[[2massets/^[[22m^[[36mscheme-BJGe-b2p.js                      ^[[39m^[[1m^[[2m  8.76 kB^[[22m^[[1m^[[22m^[[2m │ gzip:   2.63 kB^[[22m^[[2m │ map:    11.81 kB^[[22m
installed-wheel (3.12)	Build and exercise an installed wheel outside the checkout	2026-09-08T05:40:07.3772000Z ^[[2m../precompiled/^[[22m^[[2massets/^[[22m^[[36mkotlin-B5lbUyaz.js                      ^[[39m^[[1m^[[2m  8.86 kB^[[22m^[[1m^[[22m^[[2m │ gzip:   2.18 kB^[[22m^[[2m │ map:    12.82 kB^[[22m
installed-wheel (3.12)	Build and exercise an installed wheel outside the checkout	2026-09-08T05:40:07.3773218Z ^[[2m../precompiled/^[[22m^[[2massets/^[[22m^[[36mandromeeda-C3khCPGq.js                  ^[[39m^[[1m^[[2m  8.91 kB^[[22m^[[1m^[[22m^[[2m │ gzip:   2.34 kB^[[22m^[[2m │ map:    11.73 kB^[[22m
installed-wheel (3.12)	Build and exercise an installed wheel outside the checkout	2026-09-08T05:40:07.3774441Z ^[[2m../precompiled/^[[22m^[[2massets/^[[22m^[[36mmake-Bvotw-X0.js                        ^[[39m^[[1m^[[2m  9.06 kB^[[22m^[[1m^[[22m^[[2m │ gzip:   1.81 kB^[[22m^[[2m │ map:    12.91 kB^[[22m
installed-wheel (3.12)	Build and exercise an installed wheel outside the checkout	2026-09-08T05:40:07.3775946Z ^[[2m../precompiled/^[[22m^[[2massets/^[[22m^[[36mdark-plus-C3mMm8J8.js                   ^[[39m^[[1m^[[2m  9.14 kB^[[22m^[[1m^[[22m^[[2m │ gzip:   2.14 kB^[[22m^[[2m │ map:    12.40 kB^[[22m
installed-wheel (3.12)	Build and exercise an installed wheel outside the checkout	2026-09-08T05:40:07.3777175Z ^[[2m../precompiled/^[[22m^[[2massets/^[[22m^[[36mslack-dark-BthQWCQV.js                  ^[[39m^[[1m^[[2m  9.17 kB^[[22m^[[1m^[[22m^[[2m │ gzip:   2.00 kB^[[22m^[[2m │ map:    12.49 kB^[[22m
installed-wheel (3.12)	Build and exercise an installed wheel outside the checkout	2026-09-08T05:40:07.3778390Z ^[[2m../precompiled/^[[22m^[[2massets/^[[22m^[[36mts-tags-CipyTH0X.js                     ^[[39m^[[1m^[[2m  9.22 kB^[[22m^[[1m^[[22m^[[2m │ gzip:   1.28 kB^[[22m^[[2m │ map:    14.64 kB^[[22m
installed-wheel (3.12)	Build and exercise an installed wheel outside the checkout	2026-09-08T05:40:07.3780150Z ^[[2m../precompiled/^[[22m^[[2massets/^[[22m^[[36mplastic-3e1v2bzS.js                     ^[[39m^[[1m^[[2m  9.34 kB^[[22m^[[1m^[[22m^[[2m │ gzip:   2.01 kB^[[22m^[[2m │ map:    12.46 kB^[[22m
installed-wheel (3.12)	Build and exercise an installed wheel outside the checkout	2026-09-08T05:40:07.3781641Z ^[[2m../precompiled/^[[22m^[[2massets/^[[22m^[[36mtex-rYs2v40G.js                         ^[[39m^[[1m^[[2m  9.41 kB^[[22m^[[1m^[[22m^[[2m │ gzip:   2.98 kB^[[22m^[[2m │ map:    12.00 kB^[[22m
installed-wheel (3.12)	Build and exercise an installed wheel outside the checkout	2026-09-08T05:40:07.3783041Z ^[[2m../precompiled/^[[22m^[[2massets/^[[22m^[[36msass-BJ4Li9vH.js                        ^[[39m^[[1m^[[2m  9.45 kB^[[22m^[[1m^[[22m^[[2m │ gzip:   2.53 kB^[[22m^[[2m │ map:    13.59 kB^[[22m
installed-wheel (3.12)	Build and exercise an installed wheel outside the checkout	2026-09-08T05:40:07.3784364Z ^[[2m../precompiled/^[[22m^[[2massets/^[[22m^[[36mslack-ochin-DqwNpetd.js                 ^[[39m^[[1m^[[2m  9.48 kB^[[22m^[[1m^[[22m^[[2m │ gzip:   2.13 kB^[[22m^[[2m │ map:    13.09 kB^[[22m
installed-wheel (3.12)	Build and exercise an installed wheel outside the checkout	2026-09-08T05:40:07.3796200Z ^[[2m../precompiled/^[[22m^[[2massets/^[[22m^[[36mjison-BqZprYcd.js                       ^[[39m^[[1m^[[2m  9.77 kB^[[22m^[[1m^[[22m^[[2m │ gzip:   1.90 kB^[[22m^[[2m │ map:    14.13 kB^[[22m
installed-wheel (3.12)	Build and exercise an installed wheel outside the checkout	2026-09-08T05:40:07.3797785Z ^[[2m../precompiled/^[[22m^[[2massets/^[[22m^[[36msas-BmTFh92c.js                         ^[[39m^[[1m^[[2m  9.83 kB^[[22m^[[1m^[[22m^[[2m │ gzip:   4.10 kB^[[22m^[[2m │ map:    11.97 kB^[[22m
installed-wheel (3.12)	Build and exercise an installed wheel outside the checkout	2026-09-08T05:40:07.3799110Z ^[[2m../precompiled/^[[22m^[[2massets/^[[22m^[[36mlight-plus-B7mTdjB0.js                  ^[[39m^[[1m^[[2m  9.99 kB^[[22m^[[1m^[[22m^[[2m │ gzip:   2.31 kB^[[22m^[[2m │ map:    13.39 kB^[[22m
installed-wheel (3.12)	Build and exercise an installed wheel outside the checkout	2026-09-08T05:40:07.3800644Z ^[[2m../precompiled/^[[22m^[[2massets/^[[22m^[[36mgherkin--30QC5Em.js                     ^[[39m^[[1m^[[2m 10.16 kB^[[22m^[[1m^[[22m^[[2m │ gzip:   5.17 kB^[[22m^[[2m │ map:    11.28 kB^[[22m
installed-wheel (3.12)	Build and exercise an installed wheel outside the checkout	2026-09-08T05:40:07.3801911Z ^[[2m../precompiled/^[[22m^[[2massets/^[[22m^[[36mcmake-DbXoA79R.js                       ^[[39m^[[1m^[[2m 10.55 kB^[[22m^[[1m^[[22m^[[2m │ gzip:   3.62 kB^[[22m^[[2m │ map:    12.14 kB^[[22m
installed-wheel (3.12)	Build and exercise an installed wheel outside the checkout	2026-09-08T05:40:07.3803166Z ^[[2m../precompiled/^[[22m^[[2massets/^[[22m^[[36mraku-B1bQXN8T.js                        ^[[39m^[[1m^[[2m 10.65 kB^[[22m^[[1m^[[22m^[[2m │ gzip:   2.99 kB^[[22m^[[2m │ map:    13.12 kB^[[22m
installed-wheel (3.12)	Build and exercise an installed wheel outside the checkout	2026-09-08T05:40:07.3804414Z ^[[2m../precompiled/^[[22m^[[2massets/^[[22m^[[36mdream-maker-C-nORZOA.js                 ^[[39m^[[1m^[[2m 10.66 kB^[[22m^[[1m^[[22m^[[2m │ gzip:   2.34 kB^[[22m^[[2m │ map:    15.33 kB^[[22m
installed-wheel (3.12)	Build and exercise an installed wheel outside the checkout	2026-09-08T05:40:07.3805971Z ^[[2m../precompiled/^[[22m^[[2massets/^[[22m^[[36mrst-4NLicBqY.js                         ^[[39m^[[1m^[[2m 10.69 kB^[[22m^[[1m^[[22m^[[2m │ gzip:   2.45 kB^[[22m^[[2m │ map:    15.54 kB^[[22m
installed-wheel (3.12)	Build and exercise an installed wheel outside the checkout	2026-09-08T05:40:07.3807520Z ^[[2m../precompiled/^[[22m^[[2massets/^[[22m^[[36mbeancount-BwXTMy5W.js                   ^[[39m^[[1m^[[2m 10.80 kB^[[22m^[[1m^[[22m^[[2m │ gzip:   1.56 kB^[[22m^[[2m │ map:    15.67 kB^[[22m
installed-wheel (3.12)	Build and exercise an installed wheel outside the checkout	2026-09-08T05:40:07.3808797Z ^[[2m../precompiled/^[[22m^[[2massets/^[[22m^[[36myaml-CVw76BM1.js                        ^[[39m^[[1m^[[2m 10.84 kB^[[22m^[[1m^[[22m^[[2m │ gzip:   2.33 kB^[[22m^[[2m │ map:    15.27 kB^[[22m
installed-wheel (3.12)	Build and exercise an installed wheel outside the checkout	2026-09-08T05:40:07.3810166Z ^[[2m../precompiled/^[[22m^[[2massets/^[[22m^[[36mcadence-DNquZEk8.js                     ^[[39m^[[1m^[[2m 11.08 kB^[[22m^[[1m^[[22m^[[2m │ gzip:   2.36 kB^[[22m^[[2m │ map:    15.86 kB^[[22m
installed-wheel (3.12)	Build and exercise an installed wheel outside the checkout	2026-09-08T05:40:07.3811441Z ^[[2m../precompiled/^[[22m^[[2massets/^[[22m^[[36mgithub-light-DAi9KRSo.js                ^[[39m^[[1m^[[2m 11.23 kB^[[22m^[[1m^[[22m^[[2m │ gzip:   2.54 kB^[[22m^[[2m │ map:    15.39 kB^[[22m
installed-wheel (3.12)	Build and exercise an installed wheel outside the checkout	2026-09-08T05:40:07.3812679Z ^[[2m../precompiled/^[[22m^[[2massets/^[[22m^[[36melm-CmHSxxaM.js                         ^[[39m^[[1m^[[2m 11.33 kB^[[22m^[[1m^[[22m^[[2m │ gzip:   2.26 kB^[[22m^[[2m │ map:    16.51 kB^[[22m
installed-wheel (3.12)	Build and exercise an installed wheel outside the checkout	2026-09-08T05:40:07.3814273Z ^[[2m../precompiled/^[[22m^[[2massets/^[[22m^[[36mgithub-dark-DHJKELXO.js                 ^[[39m^[[1m^[[2m 11.45 kB^[[22m^[[1m^[[22m^[[2m │ gzip:   2.59 kB^[[22m^[[2m │ map:    15.66 kB^[[22m
installed-wheel (3.12)	Build and exercise an installed wheel outside the checkout	2026-09-08T05:40:07.3815517Z ^[[2m../precompiled/^[[22m^[[2massets/^[[22m^[[36mprolog-BY-TUvya.js                      ^[[39m^[[1m^[[2m 11.48 kB^[[22m^[[1m^[[22m^[[2m │ gzip:   3.88 kB^[[22m^[[2m │ map:    13.39 kB^[[22m
installed-wheel (3.12)	Build and exercise an installed wheel outside the checkout	2026-09-08T05:40:07.3816741Z ^[[2m../precompiled/^[[22m^[[2massets/^[[22m^[[36mlaserwave-DUszq2jm.js                   ^[[39m^[[1m^[[2m 11.55 kB^[[22m^[[1m^[[22m^[[2m │ gzip:   2.61 kB^[[22m^[[2m │ map:    14.68 kB^[[22m
installed-wheel (3.12)	Build and exercise an installed wheel outside the checkout	2026-09-08T05:40:07.3817960Z ^[[2m../precompiled/^[[22m^[[2massets/^[[22m^[[36mpuppet-Cza_XSSt.js                      ^[[39m^[[1m^[[2m 11.79 kB^[[22m^[[1m^[[22m^[[2m │ gzip:   2.27 kB^[[22m^[[2m │ map:    16.67 kB^[[22m
installed-wheel (3.12)	Build and exercise an installed wheel outside the checkout	2026-09-08T05:40:07.3819212Z ^[[2m../precompiled/^[[22m^[[2massets/^[[22m^[[36mhcl-HzYwdGDm.js                         ^[[39m^[[1m^[[2m 12.01 kB^[[22m^[[1m^[[22m^[[2m │ gzip:   2.54 kB^[[22m^[[2m │ map:    17.30 kB^[[22m
installed-wheel (3.12)	Build and exercise an installed wheel outside the checkout	2026-09-08T05:40:07.3820642Z ^[[2m../precompiled/^[[22m^[[2massets/^[[22m^[[36mhandlebars-BQGss363.js                  ^[[39m^[[1m^[[2m 12.31 kB^[[22m^[[1m^[[22m^[[2m │ gzip:   2.43 kB^[[22m^[[2m │ map:    17.55 kB^[[22m
installed-wheel (3.12)	Build and exercise an installed wheel outside the checkout	2026-09-08T05:40:07.3821899Z ^[[2m../precompiled/^[[22m^[[2massets/^[[22m^[[36mhjson-T-Tgc4AT.js                       ^[[39m^[[1m^[[2m 12.37 kB^[[22m^[[1m^[[22m^[[2m │ gzip:   1.71 kB^[[22m^[[2m │ map:    17.72 kB^[[22m
installed-wheel (3.12)	Build and exercise an installed wheel outside the checkout	2026-09-08T05:40:07.3823137Z ^[[2m../precompiled/^[[22m^[[2massets/^[[22m^[[36mvesper-BEBZ7ncR.js                      ^[[39m^[[1m^[[2m 12.71 kB^[[22m^[[1m^[[22m^[[2m │ gzip:   2.01 kB^[[22m^[[2m │ map:    16.10 kB^[[22m
installed-wheel (3.12)	Build and exercise an installed wheel outside the checkout	2026-09-08T05:40:07.3824365Z ^[[2m../precompiled/^[[22m^[[2massets/^[[22m^[[36mluau-Du5NY7AG.js                        ^[[39m^[[1m^[[2m 12.96 kB^[[22m^[[1m^[[22m^[[2m │ gzip:   3.15 kB^[[22m^[[2m │ map:    18.19 kB^[[22m
installed-wheel (3.12)	Build and exercise an installed wheel outside the checkout	2026-09-08T05:40:07.3825596Z ^[[2m../precompiled/^[[22m^[[2massets/^[[22m^[[36mbat-fje9CFhw.js                         ^[[39m^[[1m^[[2m 13.03 kB^[[22m^[[1m^[[22m^[[2m │ gzip:   3.30 kB^[[22m^[[2m │ map:    17.52 kB^[[22m
installed-wheel (3.12)	Build and exercise an installed wheel outside the checkout	2026-09-08T05:40:07.3826829Z ^[[2m../precompiled/^[[22m^[[2massets/^[[22m^[[36mapache-Dn00JSTd.js                      ^[[39m^[[1m^[[2m 13.26 kB^[[22m^[[1m^[[22m^[[2m │ gzip:   3.83 kB^[[22m^[[2m │ map:    16.70 kB^[[22m
installed-wheel (3.12)	Build and exercise an installed wheel outside the checkout	2026-09-08T05:40:07.3828065Z ^[[2m../precompiled/^[[22m^[[2massets/^[[22m^[[36mterraform-BbSNqyBO.js                   ^[[39m^[[1m^[[2m 13.42 kB^[[22m^[[1m^[[22m^[[2m │ gzip:   3.14 kB^[[22m^[[2m │ map:    18.82 kB^[[22m
installed-wheel (3.12)	Build and exercise an installed wheel outside the checkout	2026-09-08T05:40:07.3829323Z ^[[2m../precompiled/^[[22m^[[2massets/^[[22m^[[36mvitesse-light-CVO1_9PV.js               ^[[39m^[[1m^[[2m 13.67 kB^[[22m^[[1m^[[22m^[[2m │ gzip:   3.07 kB^[[22m^[[2m │ map:    18.53 kB^[[22m
installed-wheel (3.12)	Build and exercise an installed wheel outside the checkout	2026-09-08T05:40:07.3830722Z ^[[2m../precompiled/^[[22m^[[2massets/^[[22m^[[36maurora-x-D-2ljcwZ.js                    ^[[39m^[[1m^[[2m 13.71 kB^[[22m^[[1m^[[22m^[[2m │ gzip:   2.32 kB^[[22m^[[2m │ map:    17.55 kB^[[22m
installed-wheel (3.12)	Build and exercise an installed wheel outside the checkout	2026-09-08T05:40:07.3831979Z ^[[2m../precompiled/^[[22m^[[2massets/^[[22m^[[36mvitesse-black-Bkuqu6BP.js               ^[[39m^[[1m^[[2m 13.73 kB^[[22m^[[1m^[[22m^[[2m │ gzip:   3.09 kB^[[22m^[[2m │ map:    18.61 kB^[[22m
installed-wheel (3.12)	Build and exercise an installed wheel outside the checkout	2026-09-08T05:40:07.3833225Z ^[[2m../precompiled/^[[22m^[[2massets/^[[22m^[[36mv-CAQ2eGtk.js                           ^[[39m^[[1m^[[2m 13.78 kB^[[22m^[[1m^[[22m^[[2m │ gzip:   2.88 kB^[[22m^[[2m │ map:    20.15 kB^[[22m
installed-wheel (3.12)	Build and exercise an installed wheel outside the checkout	2026-09-08T05:40:07.3834456Z ^[[2m../precompiled/^[[22m^[[2massets/^[[22m^[[36mvitesse-dark-D0r3Knsf.js                ^[[39m^[[1m^[[2m 13.81 kB^[[22m^[[1m^[[22m^[[2m │ gzip:   3.10 kB^[[22m^[[2m │ map:    18.69 kB^[[22m
installed-wheel (3.12)	Build and exercise an installed wheel outside the checkout	2026-09-08T05:40:07.3835713Z ^[[2m../precompiled/^[[22m^[[2massets/^[[22m^[[36msynthwave-84-CbfX1IO0.js                ^[[39m^[[1m^[[2m 14.09 kB^[[22m^[[1m^[[22m^[[2m │ gzip:   2.90 kB^[[22m^[[2m │ map:    19.07 kB^[[22m
installed-wheel (3.12)	Build and exercise an installed wheel outside the checkout	2026-09-08T05:40:07.3836993Z ^[[2m../precompiled/^[[22m^[[2massets/^[[22m^[[36mgithub-light-default-D7oLnXFd.js        ^[[39m^[[1m^[[2m 14.21 kB^[[22m^[[1m^[[22m^[[2m │ gzip:   3.08 kB^[[22m^[[2m │ map:    19.26 kB^[[22m
installed-wheel (3.12)	Build and exercise an installed wheel outside the checkout	2026-09-08T05:40:07.3838329Z ^[[2m../precompiled/^[[22m^[[2massets/^[[22m^[[36mgithub-light-high-contrast-BfjtVDDH.js  ^[[39m^[[1m^[[2m 14.34 kB^[[22m^[[1m^[[22m^[[2m │ gzip:   3.06 kB^[[22m^[[2m │ map:    19.43 kB^[[22m
installed-wheel (3.12)	Build and exercise an installed wheel outside the checkout	2026-09-08T05:40:07.3840227Z ^[[2m../precompiled/^[[22m^[[2massets/^[[22m^[[36mgithub-dark-dimmed-DH5Ifo-i.js          ^[[39m^[[1m^[[2m 14.49 kB^[[22m^[[1m^[[22m^[[2m │ gzip:   3.16 kB^[[22m^[[2m │ map:    19.63 kB^[[22m
installed-wheel (3.12)	Build and exercise an installed wheel outside the checkout	2026-09-08T05:40:07.3841555Z ^[[2m../precompiled/^[[22m^[[2massets/^[[22m^[[36mgithub-dark-default-Cuk6v7N8.js         ^[[39m^[[1m^[[2m 14.49 kB^[[22m^[[1m^[[22m^[[2m │ gzip:   3.17 kB^[[22m^[[2m │ map:    19.63 kB^[[22m
installed-wheel (3.12)	Build and exercise an installed wheel outside the checkout	2026-09-08T05:40:07.3842818Z ^[[2m../precompiled/^[[22m^[[2massets/^[[22m^[[36mclarity-BHOwM8T6.js                     ^[[39m^[[1m^[[2m 14.60 kB^[[22m^[[1m^[[22m^[[2m │ gzip:   2.52 kB^[[22m^[[2m │ map:    20.52 kB^[[22m
installed-wheel (3.12)	Build and exercise an installed wheel outside the checkout	2026-09-08T05:40:07.3844058Z ^[[2m../precompiled/^[[22m^[[2massets/^[[22m^[[36mactionscript-3-D_z4Izcz.js              ^[[39m^[[1m^[[2m 14.61 kB^[[22m^[[1m^[[22m^[[2m │ gzip:   2.83 kB^[[22m^[[2m │ map:    20.59 kB^[[22m
installed-wheel (3.12)	Build and exercise an installed wheel outside the checkout	2026-09-08T05:40:07.3845367Z ^[[2m../precompiled/^[[22m^[[2massets/^[[22m^[[36mgithub-dark-high-contrast-E3gJ1_iC.js   ^[[39m^[[1m^[[2m 14.66 kB^[[22m^[[1m^[[22m^[[2m │ gzip:   3.12 kB^[[22m^[[2m │ map:    19.86 kB^[[22m
installed-wheel (3.12)	Build and exercise an installed wheel outside the checkout	2026-09-08T05:40:07.3846663Z ^[[2m../precompiled/^[[22m^[[2massets/^[[22m^[[36mpug-CM9l7STV.js                         ^[[39m^[[1m^[[2m 14.93 kB^[[22m^[[1m^[[22m^[[2m │ gzip:   2.94 kB^[[22m^[[2m │ map:    21.86 kB^[[22m
installed-wheel (3.12)	Build and exercise an installed wheel outside the checkout	2026-09-08T05:40:07.3847873Z ^[[2m../precompiled/^[[22m^[[2massets/^[[22m^[[36mgnuplot-CM8KxXT1.js                     ^[[39m^[[1m^[[2m 14.96 kB^[[22m^[[1m^[[22m^[[2m │ gzip:   3.33 kB^[[22m^[[2m │ map:    20.95 kB^[[22m
installed-wheel (3.12)	Build and exercise an installed wheel outside the checkout	2026-09-08T05:40:07.3849109Z ^[[2m../precompiled/^[[22m^[[2massets/^[[22m^[[36mayu-dark-Cv9koXgw.js                    ^[[39m^[[1m^[[2m 15.00 kB^[[22m^[[1m^[[22m^[[2m │ gzip:   3.12 kB^[[22m^[[2m │ map:    20.25 kB^[[22m
installed-wheel (3.12)	Build and exercise an installed wheel outside the checkout	2026-09-08T05:40:07.3850462Z ^[[2m../precompiled/^[[22m^[[2massets/^[[22m^[[36mnix-shcSOmrb.js                         ^[[39m^[[1m^[[2m 15.59 kB^[[22m^[[1m^[[22m^[[2m │ gzip:   2.38 kB^[[22m^[[2m │ map:    23.12 kB^[[22m
installed-wheel (3.12)	Build and exercise an installed wheel outside the checkout	2026-09-08T05:40:07.3851731Z ^[[2m../precompiled/^[[22m^[[2massets/^[[22m^[[36mlua-CvWAzNxB.js                         ^[[39m^[[1m^[[2m 15.66 kB^[[22m^[[1m^[[22m^[[2m │ gzip:   3.19 kB^[[22m^[[2m │ map:    22.37 kB^[[22m
installed-wheel (3.12)	Build and exercise an installed wheel outside the checkout	2026-09-08T05:40:07.3852941Z ^[[2m../precompiled/^[[22m^[[2massets/^[[22m^[[36mwasm-C6j12Q_x.js                        ^[[39m^[[1m^[[2m 15.97 kB^[[22m^[[1m^[[22m^[[2m │ gzip:   2.94 kB^[[22m^[[2m │ map:    21.83 kB^[[22m
installed-wheel (3.12)	Build and exercise an installed wheel outside the checkout	2026-09-08T05:40:07.3854169Z ^[[2m../precompiled/^[[22m^[[2massets/^[[22m^[[36msolidity-C1w2a3ep.js                    ^[[39m^[[1m^[[2m 16.28 kB^[[22m^[[1m^[[22m^[[2m │ gzip:   3.16 kB^[[22m^[[2m │ map:    23.71 kB^[[22m
installed-wheel (3.12)	Build and exercise an installed wheel outside the checkout	2026-09-08T05:40:07.3855411Z ^[[2m../precompiled/^[[22m^[[2massets/^[[22m^[[36msvelte-MSaWC3Je.js                      ^[[39m^[[1m^[[2m 16.93 kB^[[22m^[[1m^[[22m^[[2m │ gzip:   3.00 kB^[[22m^[[2m │ map:    23.75 kB^[[22m
installed-wheel (3.12)	Build and exercise an installed wheel outside the checkout	2026-09-08T05:40:07.3856653Z ^[[2m../precompiled/^[[22m^[[2massets/^[[22m^[[36mpurescript-Bg-kzb6g.js                  ^[[39m^[[1m^[[2m 17.11 kB^[[22m^[[1m^[[22m^[[2m │ gzip:   2.69 kB^[[22m^[[2m │ map:    24.09 kB^[[22m
installed-wheel (3.12)	Build and exercise an installed wheel outside the checkout	2026-09-08T05:40:07.3857925Z ^[[2m../precompiled/^[[22m^[[2massets/^[[22m^[[36mkanagawa-wave-DWedfzmr.js               ^[[39m^[[1m^[[2m 17.17 kB^[[22m^[[1m^[[22m^[[2m │ gzip:   2.96 kB^[[22m^[[2m │ map:    22.25 kB^[[22m
installed-wheel (3.12)	Build and exercise an installed wheel outside the checkout	2026-09-08T05:40:07.3859210Z ^[[2m../precompiled/^[[22m^[[2massets/^[[22m^[[36mkanagawa-lotus-CfQXZHmo.js              ^[[39m^[[1m^[[2m 17.18 kB^[[22m^[[1m^[[22m^[[2m │ gzip:   2.97 kB^[[22m^[[2m │ map:    22.26 kB^[[22m
installed-wheel (3.12)	Build and exercise an installed wheel outside the checkout	2026-09-08T05:40:07.3860617Z ^[[2m../precompiled/^[[22m^[[2massets/^[[22m^[[36mkanagawa-dragon-CkXjmgJE.js             ^[[39m^[[1m^[[2m 17.18 kB^[[22m^[[1m^[[22m^[[2m │ gzip:   2.98 kB^[[22m^[[2m │ map:    22.26 kB^[[22m
installed-wheel (3.12)	Build and exercise an installed wheel outside the checkout	2026-09-08T05:40:07.3861864Z ^[[2m../precompiled/^[[22m^[[2massets/^[[22m^[[36mliquid-D3W5UaiH.js                      ^[[39m^[[1m^[[2m 17.21 kB^[[22m^[[1m^[[22m^[[2m │ gzip:   3.12 kB^[[22m^[[2m │ map:    23.77 kB^[[22m
installed-wheel (3.12)	Build and exercise an installed wheel outside the checkout	2026-09-08T05:40:07.3863080Z ^[[2m../precompiled/^[[22m^[[2massets/^[[22m^[[36mcue-DtFQj3wx.js                         ^[[39m^[[1m^[[2m 17.39 kB^[[22m^[[1m^[[22m^[[2m │ gzip:   2.13 kB^[[22m^[[2m │ map:    25.49 kB^[[22m
installed-wheel (3.12)	Build and exercise an installed wheel outside the checkout	2026-09-08T05:40:07.3864451Z ^[[2m../precompiled/^[[22m^[[2massets/^[[22m^[[36mrust-Be6lgOlo.js                        ^[[39m^[[1m^[[2m 17.65 kB^[[22m^[[1m^[[22m^[[2m │ gzip:   3.41 kB^[[22m^[[2m │ map:    24.96 kB^[[22m
installed-wheel (3.12)	Build and exercise an installed wheel outside the checkout	2026-09-08T05:40:07.3865815Z ^[[2m../precompiled/^[[22m^[[2massets/^[[22m^[[36mangular-html-LfdN0zeE.js                ^[[39m^[[1m^[[2m 17.71 kB^[[22m^[[1m^[[22m^[[2m │ gzip:   3.54 kB^[[22m^[[2m │ map:    26.47 kB^[[22m
installed-wheel (3.12)	Build and exercise an installed wheel outside the checkout	2026-09-08T05:40:07.3867060Z ^[[2m../precompiled/^[[22m^[[2massets/^[[22m^[[36mgraphql-cDcHW_If.js                     ^[[39m^[[1m^[[2m 18.25 kB^[[22m^[[1m^[[22m^[[2m │ gzip:   2.69 kB^[[22m^[[2m │ map:    25.66 kB^[[22m
installed-wheel (3.12)	Build and exercise an installed wheel outside the checkout	2026-09-08T05:40:07.3868289Z ^[[2m../precompiled/^[[22m^[[2massets/^[[22m^[[36melixir-CLiX3zqd.js                      ^[[39m^[[1m^[[2m 18.34 kB^[[22m^[[1m^[[22m^[[2m │ gzip:   3.25 kB^[[22m^[[2m │ map:    25.77 kB^[[22m
installed-wheel (3.12)	Build and exercise an installed wheel outside the checkout	2026-09-08T05:40:07.3869532Z ^[[2m../precompiled/^[[22m^[[2massets/^[[22m^[[36mmaterial-theme-D5KoaKCx.js              ^[[39m^[[1m^[[2m 18.67 kB^[[22m^[[1m^[[22m^[[2m │ gzip:   3.15 kB^[[22m^[[2m │ map:    24.10 kB^[[22m
installed-wheel (3.12)	Build and exercise an installed wheel outside the checkout	2026-09-08T05:40:07.3871027Z ^[[2m../precompiled/^[[22m^[[2massets/^[[22m^[[36mmaterial-theme-ocean-CyktbL80.js        ^[[39m^[[1m^[[2m 18.69 kB^[[22m^[[1m^[[22m^[[2m │ gzip:   3.17 kB^[[22m^[[2m │ map:    24.13 kB^[[22m
installed-wheel (3.12)	Build and exercise an installed wheel outside the checkout	2026-09-08T05:40:07.3872355Z ^[[2m../precompiled/^[[22m^[[2massets/^[[22m^[[36mmaterial-theme-darker-BfHTSMKl.js       ^[[39m^[[1m^[[2m 18.69 kB^[[22m^[[1m^[[22m^[[2m │ gzip:   3.15 kB^[[22m^[[2m │ map:    24.14 kB^[[22m
installed-wheel (3.12)	Build and exercise an installed wheel outside the checkout	2026-09-08T05:40:07.3873689Z ^[[2m../precompiled/^[[22m^[[2massets/^[[22m^[[36mmaterial-theme-lighter-B0m2ddpp.js      ^[[39m^[[1m^[[2m 18.69 kB^[[22m^[[1m^[[22m^[[2m │ gzip:   3.15 kB^[[22m^[[2m │ map:    24.15 kB^[[22m
installed-wheel (3.12)	Build and exercise an installed wheel outside the checkout	2026-09-08T05:40:07.3875030Z ^[[2m../precompiled/^[[22m^[[2massets/^[[22m^[[36mmaterial-theme-palenight-Csfq5Kiy.js    ^[[39m^[[1m^[[2m 18.70 kB^[[22m^[[1m^[[22m^[[2m │ gzip:   3.16 kB^[[22m^[[2m │ map:    24.15 kB^[[22m
installed-wheel (3.12)	Build and exercise an installed wheel outside the checkout	2026-09-08T05:40:07.3876328Z ^[[2m../precompiled/^[[22m^[[2massets/^[[22m^[[36mgdscript-DfxzS6Rs.js                    ^[[39m^[[1m^[[2m 18.70 kB^[[22m^[[1m^[[22m^[[2m │ gzip:   3.75 kB^[[22m^[[2m │ map:    25.88 kB^[[22m
installed-wheel (3.12)	Build and exercise an installed wheel outside the checkout	2026-09-08T05:40:07.3877563Z ^[[2m../precompiled/^[[22m^[[2massets/^[[22m^[[36mabap-DsBKuouk.js                        ^[[39m^[[1m^[[2m 18.86 kB^[[22m^[[1m^[[22m^[[2m │ gzip:   6.23 kB^[[22m^[[2m │ map:    23.58 kB^[[22m
installed-wheel (3.12)	Build and exercise an installed wheel outside the checkout	2026-09-08T05:40:07.3878789Z ^[[2m../precompiled/^[[22m^[[2massets/^[[22m^[[36mmarko-z0MBrx5-.js                       ^[[39m^[[1m^[[2m 19.37 kB^[[22m^[[1m^[[22m^[[2m │ gzip:   3.23 kB^[[22m^[[2m │ map:    27.38 kB^[[22m
installed-wheel (3.12)	Build and exercise an installed wheel outside the checkout	2026-09-08T05:40:07.3880145Z ^[[2m../precompiled/^[[22m^[[2massets/^[[22m^[[36mgroovy-DkBy-JyN.js                      ^[[39m^[[1m^[[2m 19.69 kB^[[22m^[[1m^[[22m^[[2m │ gzip:   3.81 kB^[[22m^[[2m │ map:    28.15 kB^[[22m
installed-wheel (3.12)	Build and exercise an installed wheel outside the checkout	2026-09-08T05:40:07.3881356Z ^[[2m../precompiled/^[[22m^[[2massets/^[[22m^[[36mmdc-DB_EDNY_.js                         ^[[39m^[[1m^[[2m 19.74 kB^[[22m^[[1m^[[22m^[[2m │ gzip:   6.65 kB^[[22m^[[2m │ map:    23.12 kB^[[22m
installed-wheel (3.12)	Build and exercise an installed wheel outside the checkout	2026-09-08T05:40:07.3882573Z ^[[2m../precompiled/^[[22m^[[2massets/^[[22m^[[36mnushell-D4Tzg5kh.js                     ^[[39m^[[1m^[[2m 19.79 kB^[[22m^[[1m^[[22m^[[2m │ gzip:   4.97 kB^[[22m^[[2m │ map:    27.04 kB^[[22m
installed-wheel (3.12)	Build and exercise an installed wheel outside the checkout	2026-09-08T05:40:07.3883817Z ^[[2m../precompiled/^[[22m^[[2massets/^[[22m^[[36mmatlab-D9-PGadD.js                      ^[[39m^[[1m^[[2m 20.18 kB^[[22m^[[1m^[[22m^[[2m │ gzip:   3.91 kB^[[22m^[[2m │ map:    28.19 kB^[[22m
installed-wheel (3.12)	Build and exercise an installed wheel outside the checkout	2026-09-08T05:40:07.3885044Z ^[[2m../precompiled/^[[22m^[[2massets/^[[22m^[[36mmove-DB_GagMm.js                        ^[[39m^[[1m^[[2m 20.28 kB^[[22m^[[1m^[[22m^[[2m │ gzip:   4.08 kB^[[22m^[[2m │ map:    29.93 kB^[[22m
installed-wheel (3.12)	Build and exercise an installed wheel outside the checkout	2026-09-08T05:40:07.3886268Z ^[[2m../precompiled/^[[22m^[[2massets/^[[22m^[[36mglimmer-js-D-cwc0-E.js                  ^[[39m^[[1m^[[2m 20.60 kB^[[22m^[[1m^[[22m^[[2m │ gzip:   3.03 kB^[[22m^[[2m │ map:    29.35 kB^[[22m
installed-wheel (3.12)	Build and exercise an installed wheel outside the checkout	2026-09-08T05:40:07.3887528Z ^[[2m../precompiled/^[[22m^[[2massets/^[[22m^[[36mglimmer-ts-pgjy16dm.js                  ^[[39m^[[1m^[[2m 20.60 kB^[[22m^[[1m^[[22m^[[2m │ gzip:   3.03 kB^[[22m^[[2m │ map:    29.35 kB^[[22m
installed-wheel (3.12)	Build and exercise an installed wheel outside the checkout	2026-09-08T05:40:07.3888763Z ^[[2m../precompiled/^[[22m^[[2massets/^[[22m^[[36mkusto-mebxcVVE.js                       ^[[39m^[[1m^[[2m 20.68 kB^[[22m^[[1m^[[22m^[[2m │ gzip:   4.59 kB^[[22m^[[2m │ map:    25.68 kB^[[22m
installed-wheel (3.12)	Build and exercise an installed wheel outside the checkout	2026-09-08T05:40:07.3890318Z ^[[2m../precompiled/^[[22m^[[2massets/^[[22m^[[36msnazzy-light-Bw305WKR.js                ^[[39m^[[1m^[[2m 20.82 kB^[[22m^[[1m^[[22m^[[2m │ gzip:   3.87 kB^[[22m^[[2m │ map:    27.99 kB^[[22m
installed-wheel (3.12)	Build and exercise an installed wheel outside the checkout	2026-09-08T05:40:07.3891802Z ^[[2m../precompiled/^[[22m^[[2massets/^[[22m^[[36mviml-m4uW47V2.js                        ^[[39m^[[1m^[[2m 21.06 kB^[[22m^[[1m^[[22m^[[2m │ gzip:   7.28 kB^[[22m^[[2m │ map:    24.20 kB^[[22m
installed-wheel (3.12)	Build and exercise an installed wheel outside the checkout	2026-09-08T05:40:07.3893024Z ^[[2m../precompiled/^[[22m^[[2massets/^[[22m^[[36mdracula-BzJJZx-M.js                     ^[[39m^[[1m^[[2m 21.11 kB^[[22m^[[1m^[[22m^[[2m │ gzip:   4.04 kB^[[22m^[[2m │ map:    27.47 kB^[[22m
installed-wheel (3.12)	Build and exercise an installed wheel outside the checkout	2026-09-08T05:40:07.3894265Z ^[[2m../precompiled/^[[22m^[[2massets/^[[22m^[[36mdracula-soft-BXkSAIEj.js                ^[[39m^[[1m^[[2m 21.13 kB^[[22m^[[1m^[[22m^[[2m │ gzip:   4.07 kB^[[22m^[[2m │ map:    27.50 kB^[[22m
installed-wheel (3.12)	Build and exercise an installed wheel outside the checkout	2026-09-08T05:40:07.3895505Z ^[[2m../precompiled/^[[22m^[[2massets/^[[22m^[[36mvue-BuYVFjOK.js                         ^[[39m^[[1m^[[2m 21.52 kB^[[22m^[[1m^[[22m^[[2m │ gzip:   2.92 kB^[[22m^[[2m │ map:    32.04 kB^[[22m
installed-wheel (3.12)	Build and exercise an installed wheel outside the checkout	2026-09-08T05:40:07.3896742Z ^[[2m../precompiled/^[[22m^[[2massets/^[[22m^[[36mrose-pine-CmCqftbK.js                   ^[[39m^[[1m^[[2m 21.81 kB^[[22m^[[1m^[[22m^[[2m │ gzip:   3.91 kB^[[22m^[[2m │ map:    28.77 kB^[[22m
installed-wheel (3.12)	Build and exercise an installed wheel outside the checkout	2026-09-08T05:40:07.3898018Z ^[[2m../precompiled/^[[22m^[[2massets/^[[22m^[[36mrose-pine-moon-CjDtw9vr.js              ^[[39m^[[1m^[[2m 21.82 kB^[[22m^[[1m^[[22m^[[2m │ gzip:   3.93 kB^[[22m^[[2m │ map:    28.80 kB^[[22m
installed-wheel (3.12)	Build and exercise an installed wheel outside the checkout	2026-09-08T05:40:07.3899302Z ^[[2m../precompiled/^[[22m^[[2massets/^[[22m^[[36mrose-pine-dawn-Ds-gbosJ.js              ^[[39m^[[1m^[[2m 21.82 kB^[[22m^[[1m^[[22m^[[2m │ gzip:   3.93 kB^[[22m^[[2m │ map:    28.80 kB^[[22m
installed-wheel (3.12)	Build and exercise an installed wheel outside the checkout	2026-09-08T05:40:07.3900962Z ^[[2m../precompiled/^[[22m^[[2massets/^[[22m^[[36mpowershell-BIEUsx6d.js                  ^[[39m^[[1m^[[2m 22.31 kB^[[22m^[[1m^[[22m^[[2m │ gzip:   4.73 kB^[[22m^[[2m │ map:    29.15 kB^[[22m
installed-wheel (3.12)	Build and exercise an installed wheel outside the checkout	2026-09-08T05:40:07.3902236Z ^[[2m../precompiled/^[[22m^[[2massets/^[[22m^[[36mapl-BBq3IX1j.js                         ^[[39m^[[1m^[[2m 22.88 kB^[[22m^[[1m^[[22m^[[2m │ gzip:   4.26 kB^[[22m^[[2m │ map:    32.18 kB^[[22m
installed-wheel (3.12)	Build and exercise an installed wheel outside the checkout	2026-09-08T05:40:07.3903465Z ^[[2m../precompiled/^[[22m^[[2massets/^[[22m^[[36mtwig-NC5TFiHP.js                        ^[[39m^[[1m^[[2m 23.05 kB^[[22m^[[1m^[[22m^[[2m │ gzip:   4.18 kB^[[22m^[[2m │ map:    31.66 kB^[[22m
installed-wheel (3.12)	Build and exercise an installed wheel outside the checkout	2026-09-08T05:40:07.3904697Z ^[[2m../precompiled/^[[22m^[[2massets/^[[22m^[[36mnim-ZlGxZxc3.js                         ^[[39m^[[1m^[[2m 23.67 kB^[[22m^[[1m^[[22m^[[2m │ gzip:   3.54 kB^[[22m^[[2m │ map:    34.39 kB^[[22m
installed-wheel (3.12)	Build and exercise an installed wheel outside the checkout	2026-09-08T05:40:07.3905907Z ^[[2m../precompiled/^[[22m^[[2massets/^[[22m^[[36mvhdl-DYoNaHQp.js                        ^[[39m^[[1m^[[2m 23.83 kB^[[22m^[[1m^[[22m^[[2m │ gzip:   3.90 kB^[[22m^[[2m │ map:    32.65 kB^[[22m
installed-wheel (3.12)	Build and exercise an installed wheel outside the checkout	2026-09-08T05:40:07.3907127Z ^[[2m../precompiled/^[[22m^[[2massets/^[[22m^[[36mtempl-dwX3ZSMB.js                       ^[[39m^[[1m^[[2m 24.01 kB^[[22m^[[1m^[[22m^[[2m │ gzip:   5.42 kB^[[22m^[[2m │ map:    30.69 kB^[[22m
installed-wheel (3.12)	Build and exercise an installed wheel outside the checkout	2026-09-08T05:40:07.3908345Z ^[[2m../precompiled/^[[22m^[[2massets/^[[22m^[[36mastro-CqkE3fuf.js                       ^[[39m^[[1m^[[2m 24.11 kB^[[22m^[[1m^[[22m^[[2m │ gzip:   7.48 kB^[[22m^[[2m │ map:    29.20 kB^[[22m
installed-wheel (3.12)	Build and exercise an installed wheel outside the checkout	2026-09-08T05:40:07.3909585Z ^[[2m../precompiled/^[[22m^[[2massets/^[[22m^[[36msql-COK4E0Yg.js                         ^[[39m^[[1m^[[2m 24.36 kB^[[22m^[[1m^[[22m^[[2m │ gzip:   7.72 kB^[[22m^[[2m │ map:    28.99 kB^[[22m
installed-wheel (3.12)	Build and exercise an installed wheel outside the checkout	2026-09-08T05:40:07.3911162Z ^[[2m../precompiled/^[[22m^[[2massets/^[[22m^[[36mone-light-PoHY5YXO.js                   ^[[39m^[[1m^[[2m 25.35 kB^[[22m^[[1m^[[22m^[[2m │ gzip:   3.71 kB^[[22m^[[2m │ map:    33.76 kB^[[22m
installed-wheel (3.12)	Build and exercise an installed wheel outside the checkout	2026-09-08T05:40:07.3912407Z ^[[2m../precompiled/^[[22m^[[2massets/^[[22m^[[36mrazor-CNLDkMZG.js                       ^[[39m^[[1m^[[2m 25.85 kB^[[22m^[[1m^[[22m^[[2m │ gzip:   3.51 kB^[[22m^[[2m │ map:    36.14 kB^[[22m
installed-wheel (3.12)	Build and exercise an installed wheel outside the checkout	2026-09-08T05:40:07.3913636Z ^[[2m../precompiled/^[[22m^[[2massets/^[[22m^[[36mfsharp-XplgxFYe.js                      ^[[39m^[[1m^[[2m 25.88 kB^[[22m^[[1m^[[22m^[[2m │ gzip:   4.26 kB^[[22m^[[2m │ map:    36.62 kB^[[22m
installed-wheel (3.12)	Build and exercise an installed wheel outside the checkout	2026-09-08T05:40:07.3914858Z ^[[2m../precompiled/^[[22m^[[2massets/^[[22m^[[36mnord-Ddv68eIx.js                        ^[[39m^[[1m^[[2m 26.77 kB^[[22m^[[1m^[[22m^[[2m │ gzip:   4.43 kB^[[22m^[[2m │ map:    35.31 kB^[[22m
installed-wheel (3.12)	Build and exercise an installed wheel outside the checkout	2026-09-08T05:40:07.3916300Z ^[[2m../precompiled/^[[22m^[[2massets/^[[22m^[[36msystem-verilog-C7L56vO4.js              ^[[39m^[[1m^[[2m 26.83 kB^[[22m^[[1m^[[22m^[[2m │ gzip:   4.92 kB^[[22m^[[2m │ map:    37.13 kB^[[22m
installed-wheel (3.12)	Build and exercise an installed wheel outside the checkout	2026-09-08T05:40:07.3917866Z ^[[2m../precompiled/^[[22m^[[2massets/^[[22m^[[36mbsl-Dgyn0ogV.js                         ^[[39m^[[1m^[[2m 27.48 kB^[[22m^[[1m^[[22m^[[2m │ gzip:   8.96 kB^[[22m^[[2m │ map:    31.99 kB^[[22m
installed-wheel (3.12)	Build and exercise an installed wheel outside the checkout	2026-09-08T05:40:07.3919150Z ^[[2m../precompiled/^[[22m^[[2massets/^[[22m^[[36mjava-xI-RfyKK.js                        ^[[39m^[[1m^[[2m 27.53 kB^[[22m^[[1m^[[22m^[[2m │ gzip:   4.37 kB^[[22m^[[2m │ map:    38.99 kB^[[22m
installed-wheel (3.12)	Build and exercise an installed wheel outside the checkout	2026-09-08T05:40:07.3920530Z ^[[2m../precompiled/^[[22m^[[2massets/^[[22m^[[36mcoffee-dyiR41kL.js                      ^[[39m^[[1m^[[2m 27.79 kB^[[22m^[[1m^[[22m^[[2m │ gzip:   6.45 kB^[[22m^[[2m │ map:    36.55 kB^[[22m
installed-wheel (3.12)	Build and exercise an installed wheel outside the checkout	2026-09-08T05:40:07.3921757Z ^[[2m../precompiled/^[[22m^[[2massets/^[[22m^[[36mscss-C31hgJw-.js                        ^[[39m^[[1m^[[2m 28.17 kB^[[22m^[[1m^[[22m^[[2m │ gzip:   4.47 kB^[[22m^[[2m │ map:    39.29 kB^[[22m
installed-wheel (3.12)	Build and exercise an installed wheel outside the checkout	2026-09-08T05:40:07.3922992Z ^[[2m../precompiled/^[[22m^[[2massets/^[[22m^[[36mtypespec-BpWG_bgh.js                    ^[[39m^[[1m^[[2m 28.24 kB^[[22m^[[1m^[[22m^[[2m │ gzip:   2.87 kB^[[22m^[[2m │ map:    39.43 kB^[[22m
installed-wheel (3.12)	Build and exercise an installed wheel outside the checkout	2026-09-08T05:40:07.3924251Z ^[[2m../precompiled/^[[22m^[[2massets/^[[22m^[[36mcommon-lisp-C7gG9l05.js                 ^[[39m^[[1m^[[2m 28.55 kB^[[22m^[[1m^[[22m^[[2m │ gzip:   6.76 kB^[[22m^[[2m │ map:    35.02 kB^[[22m
installed-wheel (3.12)	Build and exercise an installed wheel outside the checkout	2026-09-08T05:40:07.3925494Z ^[[2m../precompiled/^[[22m^[[2massets/^[[22m^[[36mnight-owl-C39BiMTA.js                   ^[[39m^[[1m^[[2m 28.96 kB^[[22m^[[1m^[[22m^[[2m │ gzip:   5.19 kB^[[22m^[[2m │ map:    39.02 kB^[[22m
installed-wheel (3.12)	Build and exercise an installed wheel outside the checkout	2026-09-08T05:40:07.3926726Z ^[[2m../precompiled/^[[22m^[[2massets/^[[22m^[[36mjulia-BBuGR-5E.js                       ^[[39m^[[1m^[[2m 29.49 kB^[[22m^[[1m^[[22m^[[2m │ gzip:   6.17 kB^[[22m^[[2m │ map:    38.92 kB^[[22m
installed-wheel (3.12)	Build and exercise an installed wheel outside the checkout	2026-09-08T05:40:07.3927941Z ^[[2m../precompiled/^[[22m^[[2massets/^[[22m^[[36mscala-DQVVAn-B.js                       ^[[39m^[[1m^[[2m 30.54 kB^[[22m^[[1m^[[22m^[[2m │ gzip:   4.36 kB^[[22m^[[2m │ map:    42.47 kB^[[22m
installed-wheel (3.12)	Build and exercise an installed wheel outside the checkout	2026-09-08T05:40:07.3929198Z ^[[2m../precompiled/^[[22m^[[2massets/^[[22m^[[36mapplescript-Bu5BbsvL.js                 ^[[39m^[[1m^[[2m 30.83 kB^[[22m^[[1m^[[22m^[[2m │ gzip:   6.39 kB^[[22m^[[2m │ map:    41.02 kB^[[22m
installed-wheel (3.12)	Build and exercise an installed wheel outside the checkout	2026-09-08T05:40:07.3930608Z ^[[2m../precompiled/^[[22m^[[2massets/^[[22m^[[36mstylus-BeQkCIfX.js                      ^[[39m^[[1m^[[2m 31.60 kB^[[22m^[[1m^[[22m^[[2m │ gzip:   8.15 kB^[[22m^[[2m │ map:    39.48 kB^[[22m
installed-wheel (3.12)	Build and exercise an installed wheel outside the checkout	2026-09-08T05:40:07.3931836Z ^[[2m../precompiled/^[[22m^[[2massets/^[[22m^[[36mmermaid-Ci6OQyBP.js                     ^[[39m^[[1m^[[2m 33.11 kB^[[22m^[[1m^[[22m^[[2m │ gzip:   4.69 kB^[[22m^[[2m │ map:    49.00 kB^[[22m
installed-wheel (3.12)	Build and exercise an installed wheel outside the checkout	2026-09-08T05:40:07.3933076Z ^[[2m../precompiled/^[[22m^[[2massets/^[[22m^[[36mpoimandres-CS3Unz2-.js                  ^[[39m^[[1m^[[2m 33.54 kB^[[22m^[[1m^[[22m^[[2m │ gzip:   5.53 kB^[[22m^[[2m │ map:    43.03 kB^[[22m
installed-wheel (3.12)	Build and exercise an installed wheel outside the checkout	2026-09-08T05:40:07.3934306Z ^[[2m../precompiled/^[[22m^[[2massets/^[[22m^[[36mcodeql-sacFqUAJ.js                      ^[[39m^[[1m^[[2m 33.64 kB^[[22m^[[1m^[[22m^[[2m │ gzip:   4.04 kB^[[22m^[[2m │ map:    43.73 kB^[[22m
installed-wheel (3.12)	Build and exercise an installed wheel outside the checkout	2026-09-08T05:40:07.3935542Z ^[[2m../precompiled/^[[22m^[[2massets/^[[22m^[[36mcrystal-DtDmRg-F.js                     ^[[39m^[[1m^[[2m 33.79 kB^[[22m^[[1m^[[22m^[[2m │ gzip:   5.62 kB^[[22m^[[2m │ map:    46.63 kB^[[22m
installed-wheel (3.12)	Build and exercise an installed wheel outside the checkout	2026-09-08T05:40:07.3936786Z ^[[2m../precompiled/^[[22m^[[2massets/^[[22m^[[36mone-dark-pro-GBQ2dnAY.js                ^[[39m^[[1m^[[2m 33.79 kB^[[22m^[[1m^[[22m^[[2m │ gzip:   5.55 kB^[[22m^[[2m │ map:    44.41 kB^[[22m
installed-wheel (3.12)	Build and exercise an installed wheel outside the checkout	2026-09-08T05:40:07.3938287Z ^[[2m../precompiled/^[[22m^[[2massets/^[[22m^[[36mtokyo-night-DBQeEorK.js                 ^[[39m^[[1m^[[2m 34.41 kB^[[22m^[[1m^[[22m^[[2m │ gzip:   6.01 kB^[[22m^[[2m │ map:    43.69 kB^[[22m
installed-wheel (3.12)	Build and exercise an installed wheel outside the checkout	2026-09-08T05:40:07.3939557Z ^[[2m../precompiled/^[[22m^[[2massets/^[[22m^[[36mhaxe-C5wWYbrZ.js                        ^[[39m^[[1m^[[2m 35.34 kB^[[22m^[[1m^[[22m^[[2m │ gzip:   5.97 kB^[[22m^[[2m │ map:    49.75 kB^[[22m
installed-wheel (3.12)	Build and exercise an installed wheel outside the checkout	2026-09-08T05:40:07.3941036Z ^[[2m../precompiled/^[[22m^[[2massets/^[[22m^[[36mhouston-DnULxvSX.js                     ^[[39m^[[1m^[[2m 35.47 kB^[[22m^[[1m^[[22m^[[2m │ gzip:   5.82 kB^[[22m^[[2m │ map:    46.36 kB^[[22m
installed-wheel (3.12)	Build and exercise an installed wheel outside the checkout	2026-09-08T05:40:07.3942577Z ^[[2m../precompiled/^[[22m^[[2massets/^[[22m^[[36mnginx-D_VnBJ67.js                       ^[[39m^[[1m^[[2m 35.77 kB^[[22m^[[1m^[[22m^[[2m │ gzip:   4.53 kB^[[22m^[[2m │ map:    48.97 kB^[[22m
installed-wheel (3.12)	Build and exercise an installed wheel outside the checkout	2026-09-08T05:40:07.3943807Z ^[[2m../precompiled/^[[22m^[[2massets/^[[22m^[[36merlang-B-DoSBHF.js                      ^[[39m^[[1m^[[2m 36.35 kB^[[22m^[[1m^[[22m^[[2m │ gzip:   4.47 kB^[[22m^[[2m │ map:    49.75 kB^[[22m
installed-wheel (3.12)	Build and exercise an installed wheel outside the checkout	2026-09-08T05:40:07.3945019Z ^[[2m../precompiled/^[[22m^[[2massets/^[[22m^[[36mr-CwjWoCRV.js                           ^[[39m^[[1m^[[2m 36.91 kB^[[22m^[[1m^[[22m^[[2m │ gzip:  11.25 kB^[[22m^[[2m │ map:    44.88 kB^[[22m
installed-wheel (3.12)	Build and exercise an installed wheel outside the checkout	2026-09-08T05:40:07.3946223Z ^[[2m../precompiled/^[[22m^[[2massets/^[[22m^[[36mcobol-PTqiYgYu.js                       ^[[39m^[[1m^[[2m 40.63 kB^[[22m^[[1m^[[22m^[[2m │ gzip:  11.11 kB^[[22m^[[2m │ map:    49.52 kB^[[22m
installed-wheel (3.12)	Build and exercise an installed wheel outside the checkout	2026-09-08T05:40:07.3947441Z ^[[2m../precompiled/^[[22m^[[2massets/^[[22m^[[36masm-Dhn9LcZ4.js                         ^[[39m^[[1m^[[2m 40.89 kB^[[22m^[[1m^[[22m^[[2m │ gzip:   8.22 kB^[[22m^[[2m │ map:    53.01 kB^[[22m
installed-wheel (3.12)	Build and exercise an installed wheel outside the checkout	2026-09-08T05:40:07.3948693Z ^[[2m../precompiled/^[[22m^[[2massets/^[[22m^[[36mshellscript-atvbtKCR.js                 ^[[39m^[[1m^[[2m 42.76 kB^[[22m^[[1m^[[22m^[[2m │ gzip:   6.37 kB^[[22m^[[2m │ map:    58.06 kB^[[22m
installed-wheel (3.12)	Build and exercise an installed wheel outside the checkout	2026-09-08T05:40:07.3950230Z ^[[2m../precompiled/^[[22m^[[2massets/^[[22m^[[36md-BoXegm-a.js                           ^[[39m^[[1m^[[2m 43.05 kB^[[22m^[[1m^[[22m^[[2m │ gzip:   8.43 kB^[[22m^[[2m │ map:    61.63 kB^[[22m
installed-wheel (3.12)	Build and exercise an installed wheel outside the checkout	2026-09-08T05:40:07.3951518Z ^[[2m../precompiled/^[[22m^[[2massets/^[[22m^[[36mhaskell-BILxekzW.js                     ^[[39m^[[1m^[[2m 43.26 kB^[[22m^[[1m^[[22m^[[2m │ gzip:   7.05 kB^[[22m^[[2m │ map:    60.31 kB^[[22m
installed-wheel (3.12)	Build and exercise an installed wheel outside the checkout	2026-09-08T05:40:07.3952760Z ^[[2m../precompiled/^[[22m^[[2massets/^[[22m^[[36mperl-CHQXSrWU.js                        ^[[39m^[[1m^[[2m 44.59 kB^[[22m^[[1m^[[22m^[[2m │ gzip:   4.91 kB^[[22m^[[2m │ map:    62.82 kB^[[22m
installed-wheel (3.12)	Build and exercise an installed wheel outside the checkout	2026-09-08T05:40:07.3954022Z ^[[2m../precompiled/^[[22m^[[2massets/^[[22m^[[36mcatppuccin-mocha-LGGdnPYs.js            ^[[39m^[[1m^[[2m 45.67 kB^[[22m^[[1m^[[22m^[[2m │ gzip:   7.77 kB^[[22m^[[2m │ map:    59.83 kB^[[22m
installed-wheel (3.12)	Build and exercise an installed wheel outside the checkout	2026-09-08T05:40:07.3955325Z ^[[2m../precompiled/^[[22m^[[2massets/^[[22m^[[36mcatppuccin-latte-DRW-0cLl.js            ^[[39m^[[1m^[[2m 45.67 kB^[[22m^[[1m^[[22m^[[2m │ gzip:   7.77 kB^[[22m^[[2m │ map:    59.83 kB^[[22m
installed-wheel (3.12)	Build and exercise an installed wheel outside the checkout	2026-09-08T05:40:07.3957209Z ^[[2m../precompiled/^[[22m^[[2massets/^[[22m^[[36mcatppuccin-frappe-CD_QflpE.js           ^[[39m^[[1m^[[2m 45.67 kB^[[22m^[[1m^[[22m^[[2m │ gzip:   7.79 kB^[[22m^[[2m │ map:    59.84 kB^[[22m
installed-wheel (3.12)	Build and exercise an installed wheel outside the checkout	2026-09-08T05:40:07.3958769Z ^[[2m../precompiled/^[[22m^[[2massets/^[[22m^[[36mcatppuccin-macchiato-C-_shW-Y.js        ^[[39m^[[1m^[[2m 45.68 kB^[[22m^[[1m^[[22m^[[2m │ gzip:   7.78 kB^[[22m^[[2m │ map:    59.86 kB^[[22m
installed-wheel (3.12)	Build and exercise an installed wheel outside the checkout	2026-09-08T05:40:07.3960492Z ^[[2m../precompiled/^[[22m^[[2massets/^[[22m^[[36mapex-COJ4H7py.js                        ^[[39m^[[1m^[[2m 46.85 kB^[[22m^[[1m^[[22m^[[2m │ gzip:   6.81 kB^[[22m^[[2m │ map:    65.61 kB^[[22m
installed-wheel (3.12)	Build and exercise an installed wheel outside the checkout	2026-09-08T05:40:07.3962047Z ^[[2m../precompiled/^[[22m^[[2massets/^[[22m^[[36mada-727ZlQH0.js                         ^[[39m^[[1m^[[2m 48.57 kB^[[22m^[[1m^[[22m^[[2m │ gzip:   6.09 kB^[[22m^[[2m │ map:    71.59 kB^[[22m
installed-wheel (3.12)	Build and exercise an installed wheel outside the checkout	2026-09-08T05:40:07.3963299Z ^[[2m../precompiled/^[[22m^[[2massets/^[[22m^[[36mruby-DeZ3UC14.js                        ^[[39m^[[1m^[[2m 51.52 kB^[[22m^[[1m^[[22m^[[2m │ gzip:   7.16 kB^[[22m^[[2m │ map:    72.08 kB^[[22m
installed-wheel (3.12)	Build and exercise an installed wheel outside the checkout	2026-09-08T05:40:07.3964514Z ^[[2m../precompiled/^[[22m^[[2massets/^[[22m^[[36mgo-B1SYOhNW.js                          ^[[39m^[[1m^[[2m 52.45 kB^[[22m^[[1m^[[22m^[[2m │ gzip:   6.44 kB^[[22m^[[2m │ map:    74.32 kB^[[22m
installed-wheel (3.12)	Build and exercise an installed wheel outside the checkout	2026-09-08T05:40:07.3965715Z ^[[2m../precompiled/^[[22m^[[2massets/^[[22m^[[36mimba-bv_oIlVt.js                        ^[[39m^[[1m^[[2m 53.50 kB^[[22m^[[1m^[[22m^[[2m │ gzip:  10.25 kB^[[22m^[[2m │ map:    73.32 kB^[[22m
installed-wheel (3.12)	Build and exercise an installed wheel outside the checkout	2026-09-08T05:40:07.3966963Z ^[[2m../precompiled/^[[22m^[[2massets/^[[22m^[[36meverforest-dark-BgDCqdQA.js             ^[[39m^[[1m^[[2m 53.80 kB^[[22m^[[1m^[[22m^[[2m │ gzip:   8.46 kB^[[22m^[[2m │ map:    68.24 kB^[[22m
installed-wheel (3.12)	Build and exercise an installed wheel outside the checkout	2026-09-08T05:40:07.3968255Z ^[[2m../precompiled/^[[22m^[[2massets/^[[22m^[[36meverforest-light-C8M2exoo.js            ^[[39m^[[1m^[[2m 53.80 kB^[[22m^[[1m^[[22m^[[2m │ gzip:   8.46 kB^[[22m^[[2m │ map:    68.24 kB^[[22m
installed-wheel (3.12)	Build and exercise an installed wheel outside the checkout	2026-09-08T05:40:07.3969974Z ^[[2m../precompiled/^[[22m^[[2massets/^[[22m^[[36mcss-BPhBrDlE.js                         ^[[39m^[[1m^[[2m 53.84 kB^[[22m^[[1m^[[22m^[[2m │ gzip:  13.53 kB^[[22m^[[2m │ map:    66.10 kB^[[22m
installed-wheel (3.12)	Build and exercise an installed wheel outside the checkout	2026-09-08T05:40:07.3971224Z ^[[2m../precompiled/^[[22m^[[2massets/^[[22m^[[36mwikitext-DCE3LsBG.js                    ^[[39m^[[1m^[[2m 56.67 kB^[[22m^[[1m^[[22m^[[2m │ gzip:   4.85 kB^[[22m^[[2m │ map:    78.62 kB^[[22m
installed-wheel (3.12)	Build and exercise an installed wheel outside the checkout	2026-09-08T05:40:07.3972473Z ^[[2m../precompiled/^[[22m^[[2massets/^[[22m^[[36mmarkdown-UIAJJxZW.js                    ^[[39m^[[1m^[[2m 57.03 kB^[[22m^[[1m^[[22m^[[2m │ gzip:   5.67 kB^[[22m^[[2m │ map:    79.35 kB^[[22m
installed-wheel (3.12)	Build and exercise an installed wheel outside the checkout	2026-09-08T05:40:07.3973708Z ^[[2m../precompiled/^[[22m^[[2massets/^[[22m^[[36mlatex-C-cWTeAZ.js                       ^[[39m^[[1m^[[2m 59.46 kB^[[22m^[[1m^[[22m^[[2m │ gzip:   6.05 kB^[[22m^[[2m │ map:    82.69 kB^[[22m
installed-wheel (3.12)	Build and exercise an installed wheel outside the checkout	2026-09-08T05:40:07.3974932Z ^[[2m../precompiled/^[[22m^[[2massets/^[[22m^[[36mstata-DorPZHa4.js                       ^[[39m^[[1m^[[2m 61.05 kB^[[22m^[[1m^[[22m^[[2m │ gzip:  13.74 kB^[[22m^[[2m │ map:    79.21 kB^[[22m
installed-wheel (3.12)	Build and exercise an installed wheel outside the checkout	2026-09-08T05:40:07.3976159Z ^[[2m../precompiled/^[[22m^[[2massets/^[[22m^[[36mhtml-C2L_23MC.js                        ^[[39m^[[1m^[[2m 61.37 kB^[[22m^[[1m^[[22m^[[2m │ gzip:  12.03 kB^[[22m^[[2m │ map:    79.10 kB^[[22m
installed-wheel (3.12)	Build and exercise an installed wheel outside the checkout	2026-09-08T05:40:07.3977374Z ^[[2m../precompiled/^[[22m^[[2massets/^[[22m^[[36mballerina-Du268qiB.js                   ^[[39m^[[1m^[[2m 61.68 kB^[[22m^[[1m^[[22m^[[2m │ gzip:   8.35 kB^[[22m^[[2m │ map:    87.43 kB^[[22m
installed-wheel (3.12)	Build and exercise an installed wheel outside the checkout	2026-09-08T05:40:07.3978604Z ^[[2m../precompiled/^[[22m^[[2massets/^[[22m^[[36mocaml-BNioltXt.js                       ^[[39m^[[1m^[[2m 65.91 kB^[[22m^[[1m^[[22m^[[2m │ gzip:   5.21 kB^[[22m^[[2m │ map:    85.43 kB^[[22m
installed-wheel (3.12)	Build and exercise an installed wheel outside the checkout	2026-09-08T05:40:07.3979936Z ^[[2m../precompiled/^[[22m^[[2massets/^[[22m^[[36mmojo-Tz6hzZYG.js                        ^[[39m^[[1m^[[2m 72.61 kB^[[22m^[[1m^[[22m^[[2m │ gzip:  10.39 kB^[[22m^[[2m │ map:    98.45 kB^[[22m
installed-wheel (3.12)	Build and exercise an installed wheel outside the checkout	2026-09-08T05:40:07.3981168Z ^[[2m../precompiled/^[[22m^[[2massets/^[[22m^[[36mpython-DhUJRlN_.js                      ^[[39m^[[1m^[[2m 73.57 kB^[[22m^[[1m^[[22m^[[2m │ gzip:  10.47 kB^[[22m^[[2m │ map:    99.89 kB^[[22m
installed-wheel (3.12)	Build and exercise an installed wheel outside the checkout	2026-09-08T05:40:07.3982389Z ^[[2m../precompiled/^[[22m^[[2massets/^[[22m^[[36mc-C3t2pwGQ.js                           ^[[39m^[[1m^[[2m 74.01 kB^[[22m^[[1m^[[22m^[[2m │ gzip:  10.67 kB^[[22m^[[2m │ map:    97.82 kB^[[22m
installed-wheel (3.12)	Build and exercise an installed wheel outside the checkout	2026-09-08T05:40:07.3983598Z ^[[2m../precompiled/^[[22m^[[2massets/^[[22m^[[36mvyper-nyqBNV6O.js                       ^[[39m^[[1m^[[2m 78.27 kB^[[22m^[[1m^[[22m^[[2m │ gzip:  12.09 kB^[[22m^[[2m │ map:   105.37 kB^[[22m
installed-wheel (3.12)	Build and exercise an installed wheel outside the checkout	2026-09-08T05:40:07.3984810Z ^[[2m../precompiled/^[[22m^[[2massets/^[[22m^[[36mhack-D1yCygmZ.js                        ^[[39m^[[1m^[[2m 84.69 kB^[[22m^[[1m^[[22m^[[2m │ gzip:  27.64 kB^[[22m^[[2m │ map:   102.53 kB^[[22m
installed-wheel (3.12)	Build and exercise an installed wheel outside the checkout	2026-09-08T05:40:07.3986022Z ^[[2m../precompiled/^[[22m^[[2massets/^[[22m^[[36mcsharp-D9R-vmeu.js                      ^[[39m^[[1m^[[2m 87.21 kB^[[22m^[[1m^[[22m^[[2m │ gzip:  10.43 kB^[[22m^[[2m │ map:   122.69 kB^[[22m
installed-wheel (3.12)	Build and exercise an installed wheel outside the checkout	2026-09-08T05:40:07.3987282Z ^[[2m../precompiled/^[[22m^[[2massets/^[[22m^[[36mswift-BSxZ-RaX.js                       ^[[39m^[[1m^[[2m 91.04 kB^[[22m^[[1m^[[22m^[[2m │ gzip:  14.58 kB^[[22m^[[2m │ map:   120.62 kB^[[22m
installed-wheel (3.12)	Build and exercise an installed wheel outside the checkout	2026-09-08T05:40:07.3988768Z ^[[2m../precompiled/^[[22m^[[2massets/^[[22m^[[36masciidoc-BPT9niGB.js                    ^[[39m^[[1m^[[2m 93.55 kB^[[22m^[[1m^[[22m^[[2m │ gzip:   7.47 kB^[[22m^[[2m │ map:   134.69 kB^[[22m
installed-wheel (3.12)	Build and exercise an installed wheel outside the checkout	2026-09-08T05:40:07.3990234Z ^[[2m../precompiled/^[[22m^[[2massets/^[[22m^[[36mracket-CzouJOBO.js                      ^[[39m^[[1m^[[2m 97.66 kB^[[22m^[[1m^[[22m^[[2m │ gzip:  15.65 kB^[[22m^[[2m │ map:   113.75 kB^[[22m
installed-wheel (3.12)	Build and exercise an installed wheel outside the checkout	2026-09-08T05:40:07.3991655Z ^[[2m../precompiled/^[[22m^[[2massets/^[[22m^[[36mfortran-free-form-DKXYxT9g.js           ^[[39m^[[1m^[[2m 98.25 kB^[[22m^[[1m^[[22m^[[2m │ gzip:  12.41 kB^[[22m^[[2m │ map:   135.00 kB^[[22m
installed-wheel (3.12)	Build and exercise an installed wheel outside the checkout	2026-09-08T05:40:07.3992927Z ^[[2m../precompiled/^[[22m^[[2massets/^[[22m^[[36mless-BfCpw3nA.js                        ^[[39m^[[1m^[[2m102.50 kB^[[22m^[[1m^[[22m^[[2m │ gzip:  15.17 kB^[[22m^[[2m │ map:   138.57 kB^[[22m
installed-wheel (3.12)	Build and exercise an installed wheel outside the checkout	2026-09-08T05:40:07.3994199Z ^[[2m../precompiled/^[[22m^[[2massets/^[[22m^[[36mobjective-c-Deuh7S70.js                 ^[[39m^[[1m^[[2m107.84 kB^[[22m^[[1m^[[22m^[[2m │ gzip:  23.29 kB^[[22m^[[2m │ map:   132.09 kB^[[22m
installed-wheel (3.12)	Build and exercise an installed wheel outside the checkout	2026-09-08T05:40:07.3995463Z ^[[2m../precompiled/^[[22m^[[2massets/^[[22m^[[36mblade-a8OxSdnT.js                       ^[[39m^[[1m^[[2m108.04 kB^[[22m^[[1m^[[22m^[[2m │ gzip:  28.71 kB^[[22m^[[2m │ map:   134.77 kB^[[22m
installed-wheel (3.12)	Build and exercise an installed wheel outside the checkout	2026-09-08T05:40:07.3996688Z ^[[2m../precompiled/^[[22m^[[2massets/^[[22m^[[36mphp-B5ebYQev.js                         ^[[39m^[[1m^[[2m113.80 kB^[[22m^[[1m^[[22m^[[2m │ gzip:  28.86 kB^[[22m^[[2m │ map:   142.79 kB^[[22m
installed-wheel (3.12)	Build and exercise an installed wheel outside the checkout	2026-09-08T05:40:07.3997898Z ^[[2m../precompiled/^[[22m^[[2massets/^[[22m^[[36mmdx-sdHcTMYB.js                         ^[[39m^[[1m^[[2m140.40 kB^[[22m^[[1m^[[22m^[[2m │ gzip:  23.65 kB^[[22m^[[2m │ map:   182.43 kB^[[22m
installed-wheel (3.12)	Build and exercise an installed wheel outside the checkout	2026-09-08T05:40:07.3999148Z ^[[2m../precompiled/^[[22m^[[2massets/^[[22m^[[36mobjective-cpp-BUEGK8hf.js               ^[[39m^[[1m^[[2m175.65 kB^[[22m^[[1m^[[22m^[[2m │ gzip:  30.71 kB^[[22m^[[2m │ map:   222.54 kB^[[22m
installed-wheel (3.12)	Build and exercise an installed wheel outside the checkout	2026-09-08T05:40:07.4000651Z ^[[2m../precompiled/^[[22m^[[2massets/^[[22m^[[36mjavascript-ySlJ1b_l.js                  ^[[39m^[[1m^[[2m198.08 kB^[[22m^[[1m^[[22m^[[2m │ gzip:  17.49 kB^[[22m^[[2m │ map:   280.77 kB^[[22m
installed-wheel (3.12)	Build and exercise an installed wheel outside the checkout	2026-09-08T05:40:07.4001931Z ^[[2m../precompiled/^[[22m^[[2massets/^[[22m^[[36mtsx-B6W0miNI.js                         ^[[39m^[[1m^[[2m198.79 kB^[[22m^[[1m^[[22m^[[2m │ gzip:  17.49 kB^[[22m^[[2m │ map:   281.45 kB^[[22m
installed-wheel (3.12)	Build and exercise an installed wheel outside the checkout	2026-09-08T05:40:07.4003165Z ^[[2m../precompiled/^[[22m^[[2massets/^[[22m^[[36mjsx-BAng5TT0.js                         ^[[39m^[[1m^[[2m201.05 kB^[[22m^[[1m^[[22m^[[2m │ gzip:  17.58 kB^[[22m^[[2m │ map:   283.71 kB^[[22m
installed-wheel (3.12)	Build and exercise an installed wheel outside the checkout	2026-09-08T05:40:07.4004412Z ^[[2m../precompiled/^[[22m^[[2massets/^[[22m^[[36mtypescript-Dj6nwHGl.js                  ^[[39m^[[1m^[[2m209.07 kB^[[22m^[[1m^[[22m^[[2m │ gzip:  17.07 kB^[[22m^[[2m │ map:   298.60 kB^[[22m
installed-wheel (3.12)	Build and exercise an installed wheel outside the checkout	2026-09-08T05:40:07.4005672Z ^[[2m../precompiled/^[[22m^[[2massets/^[[22m^[[36mangular-ts-CKsD7JZE.js                  ^[[39m^[[1m^[[2m211.83 kB^[[22m^[[1m^[[22m^[[2m │ gzip:  17.66 kB^[[22m^[[2m │ map:   303.52 kB^[[22m
installed-wheel (3.12)	Build and exercise an installed wheel outside the checkout	2026-09-08T05:40:07.4006917Z ^[[2m../precompiled/^[[22m^[[2massets/^[[22m^[[36mwolfram-C3FkfJm5.js                     ^[[39m^[[1m^[[2m268.64 kB^[[22m^[[1m^[[22m^[[2m │ gzip:  77.09 kB^[[22m^[[2m │ map:   286.28 kB^[[22m
installed-wheel (3.12)	Build and exercise an installed wheel outside the checkout	2026-09-08T05:40:07.4008175Z ^[[2m../precompiled/^[[22m^[[2massets/^[[22m^[[36mwasm-CG6Dc4jp.js                        ^[[39m^[[1m^[[33m622.38 kB^[[39m^[[22m^[[2m │ gzip: 230.33 kB^[[22m^[[2m │ map:   622.88 kB^[[22m
installed-wheel (3.12)	Build and exercise an installed wheel outside the checkout	2026-09-08T05:40:07.4009392Z ^[[2m../precompiled/^[[22m^[[2massets/^[[22m^[[36mcpp-BksuvNSY.js                         ^[[39m^[[1m^[[33m697.56 kB^[[39m^[[22m^[[2m │ gzip:  50.29 kB^[[22m^[[2m │ map:   906.91 kB^[[22m
installed-wheel (3.12)	Build and exercise an installed wheel outside the checkout	2026-09-08T05:40:07.4010768Z ^[[2m../precompiled/^[[22m^[[2massets/^[[22m^[[36memacs-lisp-BX77sIaO.js                  ^[[39m^[[1m^[[33m804.72 kB^[[39m^[[22m^[[2m │ gzip: 196.99 kB^[[22m^[[2m │ map:   815.72 kB^[[22m
installed-wheel (3.12)	Build and exercise an installed wheel outside the checkout	2026-09-08T05:40:07.4012010Z ^[[2m../precompiled/^[[22m^[[2massets/^[[22m^[[36mmain-C2zkpuhx.js                        ^[[39m^[[1m^[[33m837.47 kB^[[39m^[[22m^[[2m │ gzip: 274.47 kB^[[22m^[[2m │ map: 3,520.48 kB^[[22m
installed-wheel (3.12)	Build and exercise an installed wheel outside the checkout	2026-09-08T05:40:07.4012709Z ^[[32m✓ built in 6.01s^[[39m
installed-wheel (3.12)	Build and exercise an installed wheel outside the checkout	2026-09-08T05:40:07.4012872Z 
installed-wheel (3.12)	Build and exercise an installed wheel outside the checkout	2026-09-08T05:40:07.4013281Z added 237 packages, and audited 238 packages in 15s
installed-wheel (3.12)	Build and exercise an installed wheel outside the checkout	2026-09-08T05:40:07.4013643Z 
installed-wheel (3.12)	Build and exercise an installed wheel outside the checkout	2026-09-08T05:40:07.4013805Z 41 packages are looking for funding
installed-wheel (3.12)	Build and exercise an installed wheel outside the checkout	2026-09-08T05:40:07.4014102Z   run `npm fund` for details
installed-wheel (3.12)	Build and exercise an installed wheel outside the checkout	2026-09-08T05:40:07.4014286Z 
installed-wheel (3.12)	Build and exercise an installed wheel outside the checkout	2026-09-08T05:40:07.4014474Z 12 vulnerabilities (1 low, 3 moderate, 8 high)
installed-wheel (3.12)	Build and exercise an installed wheel outside the checkout	2026-09-08T05:40:07.4014692Z 
installed-wheel (3.12)	Build and exercise an installed wheel outside the checkout	2026-09-08T05:40:07.4014816Z To address all issues, run:
installed-wheel (3.12)	Build and exercise an installed wheel outside the checkout	2026-09-08T05:40:07.4015066Z   npm audit fix
installed-wheel (3.12)	Build and exercise an installed wheel outside the checkout	2026-09-08T05:40:07.4015194Z 
installed-wheel (3.12)	Build and exercise an installed wheel outside the checkout	2026-09-08T05:40:07.4015314Z Run `npm audit` for details.
installed-wheel (3.12)	Build and exercise an installed wheel outside the checkout	2026-09-08T05:40:16.1581996Z 
installed-wheel (3.12)	Build and exercise an installed wheel outside the checkout	2026-09-08T05:40:16.1582600Z Running npm build...
installed-wheel (3.12)	Build and exercise an installed wheel outside the checkout	2026-09-08T05:40:16.1582957Z 
installed-wheel (3.12)	Build and exercise an installed wheel outside the checkout	2026-09-08T05:40:16.1583267Z > @neuralink/datarepo-catalog@1.0.7 build
installed-wheel (3.12)	Build and exercise an installed wheel outside the checkout	2026-09-08T05:40:16.1583622Z > tsc && vite build
installed-wheel (3.12)	Build and exercise an installed wheel outside the checkout	2026-09-08T05:40:16.1583759Z 
installed-wheel (3.12)	Build and exercise an installed wheel outside the checkout	2026-09-08T05:40:16.1584246Z ^[[36mvite v5.4.19 ^[[32mbuilding for production...^[[36m^[[39m
installed-wheel (3.12)	Build and exercise an installed wheel outside the checkout	2026-09-08T05:40:16.1584640Z transforming...
installed-wheel (3.12)	Build and exercise an installed wheel outside the checkout	2026-09-08T05:40:16.1585227Z ^[[32m✓^[[39m 814 modules transformed.
installed-wheel (3.12)	Build and exercise an installed wheel outside the checkout	2026-09-08T05:40:16.1585761Z rendering chunks...
installed-wheel (3.12)	Build and exercise an installed wheel outside the checkout	2026-09-08T05:40:16.1586149Z computing gzip size...
installed-wheel (3.12)	Build and exercise an installed wheel outside the checkout	2026-09-08T05:40:16.1586999Z ^[[2m../precompiled/^[[22m^[[32mindex.html                                     ^[[39m^[[1m^[[2m  0.45 kB^[[22m^[[1m^[[22m^[[2m │ gzip:   0.29 kB^[[22m
installed-wheel (3.12)	Build and exercise an installed wheel outside the checkout	2026-09-08T05:40:16.1588124Z ^[[2m../precompiled/^[[22m^[[2massets/^[[22m^[[35mmain-DjPsrpBr.css                       ^[[39m^[[1m^[[2m692.74 kB^[[22m^[[1m^[[22m^[[2m │ gzip:  82.38 kB^[[22m
installed-wheel (3.12)	Build and exercise an installed wheel outside the checkout	2026-09-08T05:40:16.1589419Z ^[[2m../precompiled/^[[22m^[[2massets/^[[22m^[[36mcodeowners-Bp6g37R7.js                  ^[[39m^[[1m^[[2m  0.60 kB^[[22m^[[1m^[[22m^[[2m │ gzip:   0.35 kB^[[22m^[[2m │ map:     1.07 kB^[[22m
installed-wheel (3.12)	Build and exercise an installed wheel outside the checkout	2026-09-08T05:40:16.1591148Z ^[[2m../precompiled/^[[22m^[[2massets/^[[22m^[[36mshellsession-C_rIy8kc.js                ^[[39m^[[1m^[[2m  0.77 kB^[[22m^[[1m^[[22m^[[2m │ gzip:   0.47 kB^[[22m^[[2m │ map:     1.31 kB^[[22m
installed-wheel (3.12)	Build and exercise an installed wheel outside the checkout	2026-09-08T05:40:16.1592493Z ^[[2m../precompiled/^[[22m^[[2massets/^[[22m^[[36mtsv-B_m7g4N7.js                         ^[[39m^[[1m^[[2m  0.78 kB^[[22m^[[1m^[[22m^[[2m │ gzip:   0.38 kB^[[22m^[[2m │ map:     1.36 kB^[[22m
installed-wheel (3.12)	Build and exercise an installed wheel outside the checkout	2026-09-08T05:40:16.1593860Z ^[[2m../precompiled/^[[22m^[[2massets/^[[22m^[[36mhtml-derivative-CSfWNPLT.js             ^[[39m^[[1m^[[2m  1.02 kB^[[22m^[[1m^[[22m^[[2m │ gzip:   0.56 kB^[[22m^[[2m │ map:     1.48 kB^[[22m
installed-wheel (3.12)	Build and exercise an installed wheel outside the checkout	2026-09-08T05:40:16.1595167Z ^[[2m../precompiled/^[[22m^[[2massets/^[[22m^[[36mgit-rebase-B-v9cOL2.js                  ^[[39m^[[1m^[[2m  1.03 kB^[[22m^[[1m^[[22m^[[2m │ gzip:   0.47 kB^[[22m^[[2m │ map:     1.65 kB^[[22m
installed-wheel (3.12)	Build and exercise an installed wheel outside the checkout	2026-09-08T05:40:16.1596419Z ^[[2m../precompiled/^[[22m^[[2massets/^[[22m^[[36mqmldir-C8lEn-DE.js                      ^[[39m^[[1m^[[2m  1.05 kB^[[22m^[[1m^[[22m^[[2m │ gzip:   0.49 kB^[[22m^[[2m │ map:     1.72 kB^[[22m
installed-wheel (3.12)	Build and exercise an installed wheel outside the checkout	2026-09-08T05:40:16.1597666Z ^[[2m../precompiled/^[[22m^[[2massets/^[[22m^[[36mfortran-fixed-form-TqA4NnZg.js          ^[[39m^[[1m^[[2m  1.16 kB^[[22m^[[1m^[[22m^[[2m │ gzip:   0.58 kB^[[22m^[[2m │ map:     1.93 kB^[[22m
installed-wheel (3.12)	Build and exercise an installed wheel outside the checkout	2026-09-08T05:40:16.1598892Z ^[[2m../precompiled/^[[22m^[[2massets/^[[22m^[[36mcsv-B0qRVHPH.js                         ^[[39m^[[1m^[[2m  1.26 kB^[[22m^[[1m^[[22m^[[2m │ gzip:   0.42 kB^[[22m^[[2m │ map:     2.05 kB^[[22m
installed-wheel (3.12)	Build and exercise an installed wheel outside the checkout	2026-09-08T05:40:16.1600333Z ^[[2m../precompiled/^[[22m^[[2massets/^[[22m^[[36mxsl-Dd0NUgwM.js                         ^[[39m^[[1m^[[2m  1.43 kB^[[22m^[[1m^[[22m^[[2m │ gzip:   0.55 kB^[[22m^[[2m │ map:     2.16 kB^[[22m
installed-wheel (3.12)	Build and exercise an installed wheel outside the checkout	2026-09-08T05:40:16.1601600Z ^[[2m../precompiled/^[[22m^[[2massets/^[[22m^[[36msparql-bYkjHRlG.js                      ^[[39m^[[1m^[[2m  1.56 kB^[[22m^[[1m^[[22m^[[2m │ gzip:   0.86 kB^[[22m^[[2m │ map:     2.14 kB^[[22m
installed-wheel (3.12)	Build and exercise an installed wheel outside the checkout	2026-09-08T05:40:16.1602808Z ^[[2m../precompiled/^[[22m^[[2massets/^[[22m^[[36mini-BjABl1g7.js                         ^[[39m^[[1m^[[2m  1.57 kB^[[22m^[[1m^[[22m^[[2m │ gzip:   0.53 kB^[[22m^[[2m │ map:     2.46 kB^[[22m
installed-wheel (3.12)	Build and exercise an installed wheel outside the checkout	2026-09-08T05:40:16.1604032Z ^[[2m../precompiled/^[[22m^[[2massets/^[[22m^[[36mgit-commit-i4q6IMui.js                  ^[[39m^[[1m^[[2m  1.59 kB^[[22m^[[1m^[[22m^[[2m │ gzip:   0.70 kB^[[22m^[[2m │ map:     2.39 kB^[[22m
installed-wheel (3.12)	Build and exercise an installed wheel outside the checkout	2026-09-08T05:40:16.1605247Z ^[[2m../precompiled/^[[22m^[[2massets/^[[22m^[[36mdotenv-BjQB5zDj.js                      ^[[39m^[[1m^[[2m  1.75 kB^[[22m^[[1m^[[22m^[[2m │ gzip:   0.67 kB^[[22m^[[2m │ map:     2.72 kB^[[22m
installed-wheel (3.12)	Build and exercise an installed wheel outside the checkout	2026-09-08T05:40:16.1606837Z ^[[2m../precompiled/^[[22m^[[2massets/^[[22m^[[36mwenyan-7A4Fjokl.js                      ^[[39m^[[1m^[[2m  1.75 kB^[[22m^[[1m^[[22m^[[2m │ gzip:   1.16 kB^[[22m^[[2m │ map:     2.72 kB^[[22m
installed-wheel (3.12)	Build and exercise an installed wheel outside the checkout	2026-09-08T05:40:16.1608018Z ^[[2m../precompiled/^[[22m^[[2massets/^[[22m^[[36mdocker-COcR7UxN.js                      ^[[39m^[[1m^[[2m  1.81 kB^[[22m^[[1m^[[22m^[[2m │ gzip:   0.64 kB^[[22m^[[2m │ map:     2.66 kB^[[22m
installed-wheel (3.12)	Build and exercise an installed wheel outside the checkout	2026-09-08T05:40:16.1609203Z ^[[2m../precompiled/^[[22m^[[2massets/^[[22m^[[36mhxml-TIA70rKU.js                        ^[[39m^[[1m^[[2m  1.87 kB^[[22m^[[1m^[[22m^[[2m │ gzip:   0.93 kB^[[22m^[[2m │ map:     2.53 kB^[[22m
installed-wheel (3.12)	Build and exercise an installed wheel outside the checkout	2026-09-08T05:40:16.1610961Z ^[[2m../precompiled/^[[22m^[[2massets/^[[22m^[[36mdesktop-DEIpsLCJ.js                     ^[[39m^[[1m^[[2m  2.07 kB^[[22m^[[1m^[[22m^[[2m │ gzip:   0.82 kB^[[22m^[[2m │ map:     3.08 kB^[[22m
installed-wheel (3.12)	Build and exercise an installed wheel outside the checkout	2026-09-08T05:40:16.1612255Z ^[[2m../precompiled/^[[22m^[[2massets/^[[22m^[[36medge-D5gP-w-T.js                        ^[[39m^[[1m^[[2m  2.40 kB^[[22m^[[1m^[[22m^[[2m │ gzip:   0.73 kB^[[22m^[[2m │ map:     3.52 kB^[[22m
installed-wheel (3.12)	Build and exercise an installed wheel outside the checkout	2026-09-08T05:40:16.1613464Z ^[[2m../precompiled/^[[22m^[[2massets/^[[22m^[[36mreg-5LuOXUq_.js                         ^[[39m^[[1m^[[2m  2.41 kB^[[22m^[[1m^[[22m^[[2m │ gzip:   0.74 kB^[[22m^[[2m │ map:     3.53 kB^[[22m
installed-wheel (3.12)	Build and exercise an installed wheel outside the checkout	2026-09-08T05:40:16.1614757Z ^[[2m../precompiled/^[[22m^[[2massets/^[[22m^[[36mberry-3xVqZejG.js                       ^[[39m^[[1m^[[2m  2.49 kB^[[22m^[[1m^[[22m^[[2m │ gzip:   0.84 kB^[[22m^[[2m │ map:     3.95 kB^[[22m
installed-wheel (3.12)	Build and exercise an installed wheel outside the checkout	2026-09-08T05:40:16.1615941Z ^[[2m../precompiled/^[[22m^[[2massets/^[[22m^[[36merb-BYTLMnw6.js                         ^[[39m^[[1m^[[2m  2.65 kB^[[22m^[[1m^[[22m^[[2m │ gzip:   0.88 kB^[[22m^[[2m │ map:     3.27 kB^[[22m
installed-wheel (3.12)	Build and exercise an installed wheel outside the checkout	2026-09-08T05:40:16.1617103Z ^[[2m../precompiled/^[[22m^[[2massets/^[[22m^[[36mdiff-BgYniUM_.js                        ^[[39m^[[1m^[[2m  2.69 kB^[[22m^[[1m^[[22m^[[2m │ gzip:   0.77 kB^[[22m^[[2m │ map:     3.94 kB^[[22m
installed-wheel (3.12)	Build and exercise an installed wheel outside the checkout	2026-09-08T05:40:16.1618274Z ^[[2m../precompiled/^[[22m^[[2massets/^[[22m^[[36mgleam-B430Bg39.js                       ^[[39m^[[1m^[[2m  2.73 kB^[[22m^[[1m^[[22m^[[2m │ gzip:   0.89 kB^[[22m^[[2m │ map:     4.09 kB^[[22m
installed-wheel (3.12)	Build and exercise an installed wheel outside the checkout	2026-09-08T05:40:16.1619506Z ^[[2m../precompiled/^[[22m^[[2massets/^[[22m^[[36mhy-BMj5Y0dO.js                          ^[[39m^[[1m^[[2m  2.86 kB^[[22m^[[1m^[[22m^[[2m │ gzip:   1.23 kB^[[22m^[[2m │ map:     3.98 kB^[[22m
installed-wheel (3.12)	Build and exercise an installed wheel outside the checkout	2026-09-08T05:40:16.1621673Z ^[[2m../precompiled/^[[22m^[[2massets/^[[22m^[[36mjson-BQoSv7ci.js                        ^[[39m^[[1m^[[2m  2.96 kB^[[22m^[[1m^[[22m^[[2m │ gzip:   0.85 kB^[[22m^[[2m │ map:     4.43 kB^[[22m
installed-wheel (3.12)	Build and exercise an installed wheel outside the checkout	2026-09-08T05:40:16.1622917Z ^[[2m../precompiled/^[[22m^[[2massets/^[[22m^[[36mcairo--RitsXJZ.js                       ^[[39m^[[1m^[[2m  3.00 kB^[[22m^[[1m^[[22m^[[2m │ gzip:   0.84 kB^[[22m^[[2m │ map:     4.53 kB^[[22m
installed-wheel (3.12)	Build and exercise an installed wheel outside the checkout	2026-09-08T05:40:16.1624108Z ^[[2m../precompiled/^[[22m^[[2massets/^[[22m^[[36mlog-Cc5clBb7.js                         ^[[39m^[[1m^[[2m  3.01 kB^[[22m^[[1m^[[22m^[[2m │ gzip:   0.93 kB^[[22m^[[2m │ map:     4.46 kB^[[22m
installed-wheel (3.12)	Build and exercise an installed wheel outside the checkout	2026-09-08T05:40:16.1625279Z ^[[2m../precompiled/^[[22m^[[2massets/^[[22m^[[36mjssm-P4WzXJd0.js                        ^[[39m^[[1m^[[2m  3.02 kB^[[22m^[[1m^[[22m^[[2m │ gzip:   0.73 kB^[[22m^[[2m │ map:     4.44 kB^[[22m
installed-wheel (3.12)	Build and exercise an installed wheel outside the checkout	2026-09-08T05:40:16.1626465Z ^[[2m../precompiled/^[[22m^[[2massets/^[[22m^[[36mjsonl-DREVFZK8.js                       ^[[39m^[[1m^[[2m  3.15 kB^[[22m^[[1m^[[22m^[[2m │ gzip:   0.86 kB^[[22m^[[2m │ map:     4.62 kB^[[22m
installed-wheel (3.12)	Build and exercise an installed wheel outside the checkout	2026-09-08T05:40:16.1627639Z ^[[2m../precompiled/^[[22m^[[2massets/^[[22m^[[36mjsonc-TU54ms6u.js                       ^[[39m^[[1m^[[2m  3.24 kB^[[22m^[[1m^[[22m^[[2m │ gzip:   0.86 kB^[[22m^[[2m │ map:     4.72 kB^[[22m
installed-wheel (3.12)	Build and exercise an installed wheel outside the checkout	2026-09-08T05:40:16.1628812Z ^[[2m../precompiled/^[[22m^[[2massets/^[[22m^[[36mlogo-IuBKFhSY.js                        ^[[39m^[[1m^[[2m  3.25 kB^[[22m^[[1m^[[22m^[[2m │ gzip:   1.52 kB^[[22m^[[2m │ map:     3.88 kB^[[22m
installed-wheel (3.12)	Build and exercise an installed wheel outside the checkout	2026-09-08T05:40:16.1630273Z ^[[2m../precompiled/^[[22m^[[2massets/^[[22m^[[36mpo-BFLt1xDp.js                          ^[[39m^[[1m^[[2m  3.42 kB^[[22m^[[1m^[[22m^[[2m │ gzip:   1.02 kB^[[22m^[[2m │ map:     5.24 kB^[[22m
installed-wheel (3.12)	Build and exercise an installed wheel outside the checkout	2026-09-08T05:40:16.1631506Z ^[[2m../precompiled/^[[22m^[[2massets/^[[22m^[[36mgenie-ajMbGru0.js                       ^[[39m^[[1m^[[2m  3.42 kB^[[22m^[[1m^[[22m^[[2m │ gzip:   1.25 kB^[[22m^[[2m │ map:     4.89 kB^[[22m
installed-wheel (3.12)	Build and exercise an installed wheel outside the checkout	2026-09-08T05:40:16.1633063Z ^[[2m../precompiled/^[[22m^[[2massets/^[[22m^[[36mtasl-CQjiPCtT.js                        ^[[39m^[[1m^[[2m  3.43 kB^[[22m^[[1m^[[22m^[[2m │ gzip:   0.92 kB^[[22m^[[2m │ map:     5.21 kB^[[22m
installed-wheel (3.12)	Build and exercise an installed wheel outside the checkout	2026-09-08T05:40:16.1634260Z ^[[2m../precompiled/^[[22m^[[2massets/^[[22m^[[36mvala-BFOHcciG.js                        ^[[39m^[[1m^[[2m  3.45 kB^[[22m^[[1m^[[22m^[[2m │ gzip:   1.23 kB^[[22m^[[2m │ map:     4.92 kB^[[22m
installed-wheel (3.12)	Build and exercise an installed wheel outside the checkout	2026-09-08T05:40:16.1635453Z ^[[2m../precompiled/^[[22m^[[2massets/^[[22m^[[36mmipsasm-BC5c_5Pe.js                     ^[[39m^[[1m^[[2m  3.46 kB^[[22m^[[1m^[[22m^[[2m │ gzip:   1.31 kB^[[22m^[[2m │ map:     4.82 kB^[[22m
installed-wheel (3.12)	Build and exercise an installed wheel outside the checkout	2026-09-08T05:40:16.1636631Z ^[[2m../precompiled/^[[22m^[[2massets/^[[22m^[[36mrel-DJlmqQ1C.js                         ^[[39m^[[1m^[[2m  3.47 kB^[[22m^[[1m^[[22m^[[2m │ gzip:   1.14 kB^[[22m^[[2m │ map:     5.00 kB^[[22m
installed-wheel (3.12)	Build and exercise an installed wheel outside the checkout	2026-09-08T05:40:16.1637804Z ^[[2m../precompiled/^[[22m^[[2massets/^[[22m^[[36mjson5-w8dY5SsB.js                       ^[[39m^[[1m^[[2m  3.58 kB^[[22m^[[1m^[[22m^[[2m │ gzip:   0.98 kB^[[22m^[[2m │ map:     5.30 kB^[[22m
installed-wheel (3.12)	Build and exercise an installed wheel outside the checkout	2026-09-08T05:40:16.1639022Z ^[[2m../precompiled/^[[22m^[[2massets/^[[22m^[[36mssh-config-BknIz3MU.js                  ^[[39m^[[1m^[[2m  3.66 kB^[[22m^[[1m^[[22m^[[2m │ gzip:   1.62 kB^[[22m^[[2m │ map:     4.46 kB^[[22m
installed-wheel (3.12)	Build and exercise an installed wheel outside the checkout	2026-09-08T05:40:16.1640707Z ^[[2m../precompiled/^[[22m^[[2massets/^[[22m^[[36mfluent-Dayu4EKP.js                      ^[[39m^[[1m^[[2m  3.67 kB^[[22m^[[1m^[[22m^[[2m │ gzip:   0.93 kB^[[22m^[[2m │ map:     5.21 kB^[[22m
installed-wheel (3.12)	Build and exercise an installed wheel outside the checkout	2026-09-08T05:40:16.1641951Z ^[[2m../precompiled/^[[22m^[[2massets/^[[22m^[[36mjsonnet-BfivnA6A.js                     ^[[39m^[[1m^[[2m  3.68 kB^[[22m^[[1m^[[22m^[[2m │ gzip:   1.10 kB^[[22m^[[2m │ map:     5.38 kB^[[22m
installed-wheel (3.12)	Build and exercise an installed wheel outside the checkout	2026-09-08T05:40:16.1643148Z ^[[2m../precompiled/^[[22m^[[2massets/^[[22m^[[36mnarrat-DLbgOhZU.js                      ^[[39m^[[1m^[[2m  3.74 kB^[[22m^[[1m^[[22m^[[2m │ gzip:   1.14 kB^[[22m^[[2m │ map:     5.46 kB^[[22m
installed-wheel (3.12)	Build and exercise an installed wheel outside the checkout	2026-09-08T05:40:16.1644347Z ^[[2m../precompiled/^[[22m^[[2massets/^[[22m^[[36mturtle-BMR_PYu6.js                      ^[[39m^[[1m^[[2m  3.76 kB^[[22m^[[1m^[[22m^[[2m │ gzip:   1.02 kB^[[22m^[[2m │ map:     5.50 kB^[[22m
installed-wheel (3.12)	Build and exercise an installed wheel outside the checkout	2026-09-08T05:40:16.1645559Z ^[[2m../precompiled/^[[22m^[[2massets/^[[22m^[[36msplunk-Cf8iN4DR.js                      ^[[39m^[[1m^[[2m  3.96 kB^[[22m^[[1m^[[22m^[[2m │ gzip:   1.69 kB^[[22m^[[2m │ map:     5.13 kB^[[22m
installed-wheel (3.12)	Build and exercise an installed wheel outside the checkout	2026-09-08T05:40:16.1646748Z ^[[2m../precompiled/^[[22m^[[2massets/^[[22m^[[36mglsl-DBO2IWDn.js                        ^[[39m^[[1m^[[2m  3.98 kB^[[22m^[[1m^[[22m^[[2m │ gzip:   1.46 kB^[[22m^[[2m │ map:     4.67 kB^[[22m
installed-wheel (3.12)	Build and exercise an installed wheel outside the checkout	2026-09-08T05:40:16.1647936Z ^[[2m../precompiled/^[[22m^[[2massets/^[[22m^[[36mnextflow-B0XVJmRM.js                    ^[[39m^[[1m^[[2m  4.00 kB^[[22m^[[1m^[[22m^[[2m │ gzip:   1.13 kB^[[22m^[[2m │ map:     5.94 kB^[[22m
installed-wheel (3.12)	Build and exercise an installed wheel outside the checkout	2026-09-08T05:40:16.1649154Z ^[[2m../precompiled/^[[22m^[[2massets/^[[22m^[[36msdbl-BLhTXw86.js                        ^[[39m^[[1m^[[2m  4.18 kB^[[22m^[[1m^[[22m^[[2m │ gzip:   2.15 kB^[[22m^[[2m │ map:     5.48 kB^[[22m
installed-wheel (3.12)	Build and exercise an installed wheel outside the checkout	2026-09-08T05:40:16.1650585Z ^[[2m../precompiled/^[[22m^[[2massets/^[[22m^[[36mpascal-JqZropPD.js                      ^[[39m^[[1m^[[2m  4.22 kB^[[22m^[[1m^[[22m^[[2m │ gzip:   1.71 kB^[[22m^[[2m │ map:     5.55 kB^[[22m
installed-wheel (3.12)	Build and exercise an installed wheel outside the checkout	2026-09-08T05:40:16.1651817Z ^[[2m../precompiled/^[[22m^[[2massets/^[[22m^[[36msmalltalk-DkLiglaE.js                   ^[[39m^[[1m^[[2m  4.25 kB^[[22m^[[1m^[[22m^[[2m │ gzip:   1.29 kB^[[22m^[[2m │ map:     6.06 kB^[[22m
installed-wheel (3.12)	Build and exercise an installed wheel outside the checkout	2026-09-08T05:40:16.1653032Z ^[[2m../precompiled/^[[22m^[[2massets/^[[22m^[[36mlean-XBlWyCtg.js                        ^[[39m^[[1m^[[2m  4.34 kB^[[22m^[[1m^[[22m^[[2m │ gzip:   1.36 kB^[[22m^[[2m │ map:     6.22 kB^[[22m
installed-wheel (3.12)	Build and exercise an installed wheel outside the checkout	2026-09-08T05:40:16.1654238Z ^[[2m../precompiled/^[[22m^[[2massets/^[[22m^[[36mzenscript-HnGAYVZD.js                   ^[[39m^[[1m^[[2m  4.44 kB^[[22m^[[1m^[[22m^[[2m │ gzip:   1.46 kB^[[22m^[[2m │ map:     6.46 kB^[[22m
installed-wheel (3.12)	Build and exercise an installed wheel outside the checkout	2026-09-08T05:40:16.1655440Z ^[[2m../precompiled/^[[22m^[[2massets/^[[22m^[[36mbicep-DHo0CJ0O.js                       ^[[39m^[[1m^[[2m  4.50 kB^[[22m^[[1m^[[22m^[[2m │ gzip:   1.11 kB^[[22m^[[2m │ map:     6.69 kB^[[22m
installed-wheel (3.12)	Build and exercise an installed wheel outside the checkout	2026-09-08T05:40:16.1656618Z ^[[2m../precompiled/^[[22m^[[2massets/^[[22m^[[36mhttp-FRrOvY1W.js                        ^[[39m^[[1m^[[2m  4.70 kB^[[22m^[[1m^[[22m^[[2m │ gzip:   1.17 kB^[[22m^[[2m │ map:     6.84 kB^[[22m
installed-wheel (3.12)	Build and exercise an installed wheel outside the checkout	2026-09-08T05:40:16.1658098Z ^[[2m../precompiled/^[[22m^[[2massets/^[[22m^[[36mpolar-DKykz6zU.js                       ^[[39m^[[1m^[[2m  4.72 kB^[[22m^[[1m^[[22m^[[2m │ gzip:   1.21 kB^[[22m^[[2m │ map:     7.23 kB^[[22m
installed-wheel (3.12)	Build and exercise an installed wheel outside the checkout	2026-09-08T05:40:16.1659281Z ^[[2m../precompiled/^[[22m^[[2massets/^[[22m^[[36mfennel-bCA53EVm.js                      ^[[39m^[[1m^[[2m  4.87 kB^[[22m^[[1m^[[22m^[[2m │ gzip:   1.59 kB^[[22m^[[2m │ map:     6.51 kB^[[22m
installed-wheel (3.12)	Build and exercise an installed wheel outside the checkout	2026-09-08T05:40:16.1660779Z ^[[2m../precompiled/^[[22m^[[2massets/^[[22m^[[36mtcl-DQ1-QYvQ.js                         ^[[39m^[[1m^[[2m  5.06 kB^[[22m^[[1m^[[22m^[[2m │ gzip:   1.73 kB^[[22m^[[2m │ map:     7.21 kB^[[22m
installed-wheel (3.12)	Build and exercise an installed wheel outside the checkout	2026-09-08T05:40:16.1661981Z ^[[2m../precompiled/^[[22m^[[2massets/^[[22m^[[36mbibtex-xW4inM5L.js                      ^[[39m^[[1m^[[2m  5.12 kB^[[22m^[[1m^[[22m^[[2m │ gzip:   0.84 kB^[[22m^[[2m │ map:     7.44 kB^[[22m
installed-wheel (3.12)	Build and exercise an installed wheel outside the checkout	2026-09-08T05:40:16.1663179Z ^[[2m../precompiled/^[[22m^[[2massets/^[[22m^[[36mfish-w-ucz2PV.js                        ^[[39m^[[1m^[[2m  5.43 kB^[[22m^[[1m^[[22m^[[2m │ gzip:   1.72 kB^[[22m^[[2m │ map:     7.11 kB^[[22m
installed-wheel (3.12)	Build and exercise an installed wheel outside the checkout	2026-09-08T05:40:16.1664365Z ^[[2m../precompiled/^[[22m^[[2massets/^[[22m^[[36mxml-e3z08dGr.js                         ^[[39m^[[1m^[[2m  5.45 kB^[[22m^[[1m^[[22m^[[2m │ gzip:   1.26 kB^[[22m^[[2m │ map:     7.85 kB^[[22m
installed-wheel (3.12)	Build and exercise an installed wheel outside the checkout	2026-09-08T05:40:16.1665559Z ^[[2m../precompiled/^[[22m^[[2massets/^[[22m^[[36mqml-D8XfuvdV.js                         ^[[39m^[[1m^[[2m  5.47 kB^[[22m^[[1m^[[22m^[[2m │ gzip:   1.42 kB^[[22m^[[2m │ map:     8.28 kB^[[22m
installed-wheel (3.12)	Build and exercise an installed wheel outside the checkout	2026-09-08T05:40:16.1666757Z ^[[2m../precompiled/^[[22m^[[2massets/^[[22m^[[36mzig-BVz_zdnA.js                         ^[[39m^[[1m^[[2m  5.50 kB^[[22m^[[1m^[[22m^[[2m │ gzip:   1.63 kB^[[22m^[[2m │ map:     7.97 kB^[[22m
installed-wheel (3.12)	Build and exercise an installed wheel outside the checkout	2026-09-08T05:40:16.1667962Z ^[[2m../precompiled/^[[22m^[[2massets/^[[22m^[[36mgdresource-BHYsBjWJ.js                  ^[[39m^[[1m^[[2m  5.52 kB^[[22m^[[1m^[[22m^[[2m │ gzip:   1.40 kB^[[22m^[[2m │ map:     7.98 kB^[[22m
installed-wheel (3.12)	Build and exercise an installed wheel outside the checkout	2026-09-08T05:40:16.1669164Z ^[[2m../precompiled/^[[22m^[[2massets/^[[22m^[[36mawk-eg146-Ew.js                         ^[[39m^[[1m^[[2m  5.54 kB^[[22m^[[1m^[[22m^[[2m │ gzip:   1.42 kB^[[22m^[[2m │ map:     8.03 kB^[[22m
installed-wheel (3.12)	Build and exercise an installed wheel outside the checkout	2026-09-08T05:40:16.1670655Z ^[[2m../precompiled/^[[22m^[[2massets/^[[22m^[[36mdax-ClGRhx96.js                         ^[[39m^[[1m^[[2m  5.57 kB^[[22m^[[1m^[[22m^[[2m │ gzip:   2.31 kB^[[22m^[[2m │ map:     6.95 kB^[[22m
installed-wheel (3.12)	Build and exercise an installed wheel outside the checkout	2026-09-08T05:40:16.1671977Z ^[[2m../precompiled/^[[22m^[[2massets/^[[22m^[[36mjinja-DGy0s7-h.js                       ^[[39m^[[1m^[[2m  5.77 kB^[[22m^[[1m^[[22m^[[2m │ gzip:   1.45 kB^[[22m^[[2m │ map:     8.46 kB^[[22m
installed-wheel (3.12)	Build and exercise an installed wheel outside the checkout	2026-09-08T05:40:16.1673183Z ^[[2m../precompiled/^[[22m^[[2massets/^[[22m^[[36mpowerquery-CSHBycmS.js                  ^[[39m^[[1m^[[2m  5.98 kB^[[22m^[[1m^[[22m^[[2m │ gzip:   1.55 kB^[[22m^[[2m │ map:     8.55 kB^[[22m
installed-wheel (3.12)	Build and exercise an installed wheel outside the checkout	2026-09-08T05:40:16.1674402Z ^[[2m../precompiled/^[[22m^[[2massets/^[[22m^[[36mverilog-CJaU5se_.js                     ^[[39m^[[1m^[[2m  5.98 kB^[[22m^[[1m^[[22m^[[2m │ gzip:   1.93 kB^[[22m^[[2m │ map:     8.01 kB^[[22m
installed-wheel (3.12)	Build and exercise an installed wheel outside the checkout	2026-09-08T05:40:16.1675578Z ^[[2m../precompiled/^[[22m^[[2massets/^[[22m^[[36mcoq-Dsg_Bt_b.js                         ^[[39m^[[1m^[[2m  6.03 kB^[[22m^[[1m^[[22m^[[2m │ gzip:   2.06 kB^[[22m^[[2m │ map:     8.18 kB^[[22m
installed-wheel (3.12)	Build and exercise an installed wheel outside the checkout	2026-09-08T05:40:16.1676760Z ^[[2m../precompiled/^[[22m^[[2massets/^[[22m^[[36mvb-CdO5JTpU.js                          ^[[39m^[[1m^[[2m  6.30 kB^[[22m^[[1m^[[22m^[[2m │ gzip:   2.40 kB^[[22m^[[2m │ map:     8.25 kB^[[22m
installed-wheel (3.12)	Build and exercise an installed wheel outside the checkout	2026-09-08T05:40:16.1677926Z ^[[2m../precompiled/^[[22m^[[2massets/^[[22m^[[36mred-bN70gL4F.js                         ^[[39m^[[1m^[[2m  6.30 kB^[[22m^[[1m^[[22m^[[2m │ gzip:   1.64 kB^[[22m^[[2m │ map:     8.85 kB^[[22m
installed-wheel (3.12)	Build and exercise an installed wheel outside the checkout	2026-09-08T05:40:16.1679121Z ^[[2m../precompiled/^[[22m^[[2massets/^[[22m^[[36mshaderlab-B7qAK45m.js                   ^[[39m^[[1m^[[2m  6.32 kB^[[22m^[[1m^[[22m^[[2m │ gzip:   2.13 kB^[[22m^[[2m │ map:     8.03 kB^[[22m
installed-wheel (3.12)	Build and exercise an installed wheel outside the checkout	2026-09-08T05:40:16.1680612Z ^[[2m../precompiled/^[[22m^[[2massets/^[[22m^[[36mmin-dark-CafNBF8u.js                    ^[[39m^[[1m^[[2m  6.34 kB^[[22m^[[1m^[[22m^[[2m │ gzip:   1.75 kB^[[22m^[[2m │ map:     8.59 kB^[[22m
installed-wheel (3.12)	Build and exercise an installed wheel outside the checkout	2026-09-08T05:40:16.1681835Z ^[[2m../precompiled/^[[22m^[[2massets/^[[22m^[[36mgdshader-SKMF96pI.js                    ^[[39m^[[1m^[[2m  6.42 kB^[[22m^[[1m^[[22m^[[2m │ gzip:   1.79 kB^[[22m^[[2m │ map:     9.22 kB^[[22m
installed-wheel (3.12)	Build and exercise an installed wheel outside the checkout	2026-09-08T05:40:16.1683322Z ^[[2m../precompiled/^[[22m^[[2massets/^[[22m^[[36mprisma-B48N-Iqd.js                      ^[[39m^[[1m^[[2m  6.43 kB^[[22m^[[1m^[[22m^[[2m │ gzip:   1.43 kB^[[22m^[[2m │ map:     9.35 kB^[[22m
installed-wheel (3.12)	Build and exercise an installed wheel outside the checkout	2026-09-08T05:40:16.1684521Z ^[[2m../precompiled/^[[22m^[[2massets/^[[22m^[[36mwgsl-CB0Krxn9.js                        ^[[39m^[[1m^[[2m  6.53 kB^[[22m^[[1m^[[22m^[[2m │ gzip:   1.74 kB^[[22m^[[2m │ map:     9.36 kB^[[22m
installed-wheel (3.12)	Build and exercise an installed wheel outside the checkout	2026-09-08T05:40:16.1685738Z ^[[2m../precompiled/^[[22m^[[2massets/^[[22m^[[36msolarized-light-L9t79GZl.js             ^[[39m^[[1m^[[2m  6.53 kB^[[22m^[[1m^[[22m^[[2m │ gzip:   1.77 kB^[[22m^[[2m │ map:     9.21 kB^[[22m
installed-wheel (3.12)	Build and exercise an installed wheel outside the checkout	2026-09-08T05:40:16.1686964Z ^[[2m../precompiled/^[[22m^[[2massets/^[[22m^[[36mpostcss-B3ZDOciz.js                     ^[[39m^[[1m^[[2m  6.56 kB^[[22m^[[1m^[[22m^[[2m │ gzip:   1.97 kB^[[22m^[[2m │ map:     9.26 kB^[[22m
installed-wheel (3.12)	Build and exercise an installed wheel outside the checkout	2026-09-08T05:40:16.1688161Z ^[[2m../precompiled/^[[22m^[[2massets/^[[22m^[[36mtoml-CB2ApiWb.js                        ^[[39m^[[1m^[[2m  6.58 kB^[[22m^[[1m^[[22m^[[2m │ gzip:   1.34 kB^[[22m^[[2m │ map:     9.58 kB^[[22m
installed-wheel (3.12)	Build and exercise an installed wheel outside the checkout	2026-09-08T05:40:16.1689358Z ^[[2m../precompiled/^[[22m^[[2massets/^[[22m^[[36mproto-zocC4JxJ.js                       ^[[39m^[[1m^[[2m  6.62 kB^[[22m^[[1m^[[22m^[[2m │ gzip:   1.46 kB^[[22m^[[2m │ map:     9.92 kB^[[22m
installed-wheel (3.12)	Build and exercise an installed wheel outside the checkout	2026-09-08T05:40:16.1690858Z ^[[2m../precompiled/^[[22m^[[2massets/^[[22m^[[36mtalonscript-C1XDQQGZ.js                 ^[[39m^[[1m^[[2m  6.75 kB^[[22m^[[1m^[[22m^[[2m │ gzip:   1.51 kB^[[22m^[[2m │ map:    10.06 kB^[[22m
installed-wheel (3.12)	Build and exercise an installed wheel outside the checkout	2026-09-08T05:40:16.1692096Z ^[[2m../precompiled/^[[22m^[[2massets/^[[22m^[[36mcypher-m2LEI-9-.js                      ^[[39m^[[1m^[[2m  6.86 kB^[[22m^[[1m^[[22m^[[2m │ gzip:   1.87 kB^[[22m^[[2m │ map:     9.41 kB^[[22m
installed-wheel (3.12)	Build and exercise an installed wheel outside the checkout	2026-09-08T05:40:16.1693333Z ^[[2m../precompiled/^[[22m^[[2massets/^[[22m^[[36msolarized-dark-DXbdFlpD.js              ^[[39m^[[1m^[[2m  6.90 kB^[[22m^[[1m^[[22m^[[2m │ gzip:   1.83 kB^[[22m^[[2m │ map:     9.67 kB^[[22m
installed-wheel (3.12)	Build and exercise an installed wheel outside the checkout	2026-09-08T05:40:16.1694561Z ^[[2m../precompiled/^[[22m^[[2massets/^[[22m^[[36msoy-C-lX7w71.js                         ^[[39m^[[1m^[[2m  6.99 kB^[[22m^[[1m^[[22m^[[2m │ gzip:   1.71 kB^[[22m^[[2m │ map:    10.61 kB^[[22m
installed-wheel (3.12)	Build and exercise an installed wheel outside the checkout	2026-09-08T05:40:16.1695777Z ^[[2m../precompiled/^[[22m^[[2massets/^[[22m^[[36mmin-light-CTRr51gU.js                   ^[[39m^[[1m^[[2m  7.02 kB^[[22m^[[1m^[[22m^[[2m │ gzip:   1.92 kB^[[22m^[[2m │ map:     9.51 kB^[[22m
installed-wheel (3.12)	Build and exercise an installed wheel outside the checkout	2026-09-08T05:40:16.1696986Z ^[[2m../precompiled/^[[22m^[[2massets/^[[22m^[[36mclojure-DxSadP1t.js                     ^[[39m^[[1m^[[2m  7.12 kB^[[22m^[[1m^[[22m^[[2m │ gzip:   1.52 kB^[[22m^[[2m │ map:    10.55 kB^[[22m
installed-wheel (3.12)	Build and exercise an installed wheel outside the checkout	2026-09-08T05:40:16.1698174Z ^[[2m../precompiled/^[[22m^[[2massets/^[[22m^[[36mara-7O62HKoU.js                         ^[[39m^[[1m^[[2m  7.29 kB^[[22m^[[1m^[[22m^[[2m │ gzip:   2.16 kB^[[22m^[[2m │ map:    10.37 kB^[[22m
installed-wheel (3.12)	Build and exercise an installed wheel outside the checkout	2026-09-08T05:40:16.1699352Z ^[[2m../precompiled/^[[22m^[[2massets/^[[22m^[[36mhlsl-ifBTmRxC.js                        ^[[39m^[[1m^[[2m  7.65 kB^[[22m^[[1m^[[22m^[[2m │ gzip:   2.27 kB^[[22m^[[2m │ map:     9.59 kB^[[22m
installed-wheel (3.12)	Build and exercise an installed wheel outside the checkout	2026-09-08T05:40:16.1700806Z ^[[2m../precompiled/^[[22m^[[2massets/^[[22m^[[36mriscv-QhoSD0DR.js                       ^[[39m^[[1m^[[2m  7.75 kB^[[22m^[[1m^[[22m^[[2m │ gzip:   2.25 kB^[[22m^[[2m │ map:    10.64 kB^[[22m
installed-wheel (3.12)	Build and exercise an installed wheel outside the checkout	2026-09-08T05:40:16.1702021Z ^[[2m../precompiled/^[[22m^[[2massets/^[[22m^[[36mqss-DhMKtDLN.js                         ^[[39m^[[1m^[[2m  7.86 kB^[[22m^[[1m^[[22m^[[2m │ gzip:   2.63 kB^[[22m^[[2m │ map:     9.73 kB^[[22m
installed-wheel (3.12)	Build and exercise an installed wheel outside the checkout	2026-09-08T05:40:16.1703222Z ^[[2m../precompiled/^[[22m^[[2massets/^[[22m^[[36mmonokai-D4h5O-jR.js                     ^[[39m^[[1m^[[2m  7.93 kB^[[22m^[[1m^[[22m^[[2m │ gzip:   1.94 kB^[[22m^[[2m │ map:    11.07 kB^[[22m
installed-wheel (3.12)	Build and exercise an installed wheel outside the checkout	2026-09-08T05:40:16.1704438Z ^[[2m../precompiled/^[[22m^[[2massets/^[[22m^[[36mdart-B9wLZaAG.js                        ^[[39m^[[1m^[[2m  7.93 kB^[[22m^[[1m^[[22m^[[2m │ gzip:   1.96 kB^[[22m^[[2m │ map:    11.65 kB^[[22m
installed-wheel (3.12)	Build and exercise an installed wheel outside the checkout	2026-09-08T05:40:16.1705625Z ^[[2m../precompiled/^[[22m^[[2massets/^[[22m^[[36msystemd-CUnW07Te.js                     ^[[39m^[[1m^[[2m  8.04 kB^[[22m^[[1m^[[22m^[[2m │ gzip:   2.61 kB^[[22m^[[2m │ map:    10.81 kB^[[22m
installed-wheel (3.12)	Build and exercise an installed wheel outside the checkout	2026-09-08T05:40:16.1706840Z ^[[2m../precompiled/^[[22m^[[2massets/^[[22m^[[36mregexp-DWJ3fJO_.js                      ^[[39m^[[1m^[[2m  8.11 kB^[[22m^[[1m^[[22m^[[2m │ gzip:   1.49 kB^[[22m^[[2m │ map:    11.26 kB^[[22m
installed-wheel (3.12)	Build and exercise an installed wheel outside the checkout	2026-09-08T05:40:16.1708307Z ^[[2m../precompiled/^[[22m^[[2massets/^[[22m^[[36mhaml-B2EZWmdv.js                        ^[[39m^[[1m^[[2m  8.53 kB^[[22m^[[1m^[[22m^[[2m │ gzip:   1.91 kB^[[22m^[[2m │ map:    12.74 kB^[[22m
installed-wheel (3.12)	Build and exercise an installed wheel outside the checkout	2026-09-08T05:40:16.1709502Z ^[[2m../precompiled/^[[22m^[[2massets/^[[22m^[[36mtypst-BVUVsWT6.js                       ^[[39m^[[1m^[[2m  8.60 kB^[[22m^[[1m^[[22m^[[2m │ gzip:   1.74 kB^[[22m^[[2m │ map:    12.54 kB^[[22m
installed-wheel (3.12)	Build and exercise an installed wheel outside the checkout	2026-09-08T05:40:16.1710972Z ^[[2m../precompiled/^[[22m^[[2massets/^[[22m^[[36mplsql-LKU2TuZ1.js                       ^[[39m^[[1m^[[2m  8.61 kB^[[22m^[[1m^[[22m^[[2m │ gzip:   3.04 kB^[[22m^[[2m │ map:    10.94 kB^[[22m
installed-wheel (3.12)	Build and exercise an installed wheel outside the checkout	2026-09-08T05:40:16.1712198Z ^[[2m../precompiled/^[[22m^[[2massets/^[[22m^[[36mvue-html-xdeiXROB.js                    ^[[39m^[[1m^[[2m  8.74 kB^[[22m^[[1m^[[22m^[[2m │ gzip:   1.81 kB^[[22m^[[2m │ map:    12.07 kB^[[22m
installed-wheel (3.12)	Build and exercise an installed wheel outside the checkout	2026-09-08T05:40:16.1713412Z ^[[2m../precompiled/^[[22m^[[2massets/^[[22m^[[36mscheme-BJGe-b2p.js                      ^[[39m^[[1m^[[2m  8.76 kB^[[22m^[[1m^[[22m^[[2m │ gzip:   2.63 kB^[[22m^[[2m │ map:    11.81 kB^[[22m
installed-wheel (3.12)	Build and exercise an installed wheel outside the checkout	2026-09-08T05:40:16.1714623Z ^[[2m../precompiled/^[[22m^[[2massets/^[[22m^[[36mkotlin-B5lbUyaz.js                      ^[[39m^[[1m^[[2m  8.86 kB^[[22m^[[1m^[[22m^[[2m │ gzip:   2.18 kB^[[22m^[[2m │ map:    12.82 kB^[[22m
installed-wheel (3.12)	Build and exercise an installed wheel outside the checkout	2026-09-08T05:40:16.1715839Z ^[[2m../precompiled/^[[22m^[[2massets/^[[22m^[[36mandromeeda-C3khCPGq.js                  ^[[39m^[[1m^[[2m  8.91 kB^[[22m^[[1m^[[22m^[[2m │ gzip:   2.34 kB^[[22m^[[2m │ map:    11.73 kB^[[22m
installed-wheel (3.12)	Build and exercise an installed wheel outside the checkout	2026-09-08T05:40:16.1717070Z ^[[2m../precompiled/^[[22m^[[2massets/^[[22m^[[36mmake-Bvotw-X0.js                        ^[[39m^[[1m^[[2m  9.06 kB^[[22m^[[1m^[[22m^[[2m │ gzip:   1.81 kB^[[22m^[[2m │ map:    12.91 kB^[[22m
installed-wheel (3.12)	Build and exercise an installed wheel outside the checkout	2026-09-08T05:40:16.1718275Z ^[[2m../precompiled/^[[22m^[[2massets/^[[22m^[[36mdark-plus-C3mMm8J8.js                   ^[[39m^[[1m^[[2m  9.14 kB^[[22m^[[1m^[[22m^[[2m │ gzip:   2.14 kB^[[22m^[[2m │ map:    12.40 kB^[[22m
installed-wheel (3.12)	Build and exercise an installed wheel outside the checkout	2026-09-08T05:40:16.1719530Z ^[[2m../precompiled/^[[22m^[[2massets/^[[22m^[[36mslack-dark-BthQWCQV.js                  ^[[39m^[[1m^[[2m  9.17 kB^[[22m^[[1m^[[22m^[[2m │ gzip:   2.00 kB^[[22m^[[2m │ map:    12.49 kB^[[22m
installed-wheel (3.12)	Build and exercise an installed wheel outside the checkout	2026-09-08T05:40:16.1721085Z ^[[2m../precompiled/^[[22m^[[2massets/^[[22m^[[36mts-tags-CipyTH0X.js                     ^[[39m^[[1m^[[2m  9.22 kB^[[22m^[[1m^[[22m^[[2m │ gzip:   1.28 kB^[[22m^[[2m │ map:    14.64 kB^[[22m
installed-wheel (3.12)	Build and exercise an installed wheel outside the checkout	2026-09-08T05:40:16.1722299Z ^[[2m../precompiled/^[[22m^[[2massets/^[[22m^[[36mplastic-3e1v2bzS.js                     ^[[39m^[[1m^[[2m  9.34 kB^[[22m^[[1m^[[22m^[[2m │ gzip:   2.01 kB^[[22m^[[2m │ map:    12.46 kB^[[22m
installed-wheel (3.12)	Build and exercise an installed wheel outside the checkout	2026-09-08T05:40:16.1723489Z ^[[2m../precompiled/^[[22m^[[2massets/^[[22m^[[36mtex-rYs2v40G.js                         ^[[39m^[[1m^[[2m  9.41 kB^[[22m^[[1m^[[22m^[[2m │ gzip:   2.98 kB^[[22m^[[2m │ map:    12.00 kB^[[22m
installed-wheel (3.12)	Build and exercise an installed wheel outside the checkout	2026-09-08T05:40:16.1724680Z ^[[2m../precompiled/^[[22m^[[2massets/^[[22m^[[36msass-BJ4Li9vH.js                        ^[[39m^[[1m^[[2m  9.45 kB^[[22m^[[1m^[[22m^[[2m │ gzip:   2.53 kB^[[22m^[[2m │ map:    13.59 kB^[[22m
installed-wheel (3.12)	Build and exercise an installed wheel outside the checkout	2026-09-08T05:40:16.1725901Z ^[[2m../precompiled/^[[22m^[[2massets/^[[22m^[[36mslack-ochin-DqwNpetd.js                 ^[[39m^[[1m^[[2m  9.48 kB^[[22m^[[1m^[[22m^[[2m │ gzip:   2.13 kB^[[22m^[[2m │ map:    13.09 kB^[[22m
installed-wheel (3.12)	Build and exercise an installed wheel outside the checkout	2026-09-08T05:40:16.1727127Z ^[[2m../precompiled/^[[22m^[[2massets/^[[22m^[[36mjison-BqZprYcd.js                       ^[[39m^[[1m^[[2m  9.77 kB^[[22m^[[1m^[[22m^[[2m │ gzip:   1.90 kB^[[22m^[[2m │ map:    14.13 kB^[[22m
installed-wheel (3.12)	Build and exercise an installed wheel outside the checkout	2026-09-08T05:40:16.1728310Z ^[[2m../precompiled/^[[22m^[[2massets/^[[22m^[[36msas-BmTFh92c.js                         ^[[39m^[[1m^[[2m  9.83 kB^[[22m^[[1m^[[22m^[[2m │ gzip:   4.10 kB^[[22m^[[2m │ map:    11.97 kB^[[22m
installed-wheel (3.12)	Build and exercise an installed wheel outside the checkout	2026-09-08T05:40:16.1729510Z ^[[2m../precompiled/^[[22m^[[2massets/^[[22m^[[36mlight-plus-B7mTdjB0.js                  ^[[39m^[[1m^[[2m  9.99 kB^[[22m^[[1m^[[22m^[[2m │ gzip:   2.31 kB^[[22m^[[2m │ map:    13.39 kB^[[22m
installed-wheel (3.12)	Build and exercise an installed wheel outside the checkout	2026-09-08T05:40:16.1730914Z ^[[2m../precompiled/^[[22m^[[2massets/^[[22m^[[36mgherkin--30QC5Em.js                     ^[[39m^[[1m^[[2m 10.16 kB^[[22m^[[1m^[[22m^[[2m │ gzip:   5.17 kB^[[22m^[[2m │ map:    11.28 kB^[[22m
installed-wheel (3.12)	Build and exercise an installed wheel outside the checkout	2026-09-08T05:40:16.1732117Z ^[[2m../precompiled/^[[22m^[[2massets/^[[22m^[[36mcmake-DbXoA79R.js                       ^[[39m^[[1m^[[2m 10.55 kB^[[22m^[[1m^[[22m^[[2m │ gzip:   3.62 kB^[[22m^[[2m │ map:    12.14 kB^[[22m
installed-wheel (3.12)	Build and exercise an installed wheel outside the checkout	2026-09-08T05:40:16.1733666Z ^[[2m../precompiled/^[[22m^[[2massets/^[[22m^[[36mraku-B1bQXN8T.js                        ^[[39m^[[1m^[[2m 10.65 kB^[[22m^[[1m^[[22m^[[2m │ gzip:   2.99 kB^[[22m^[[2m │ map:    13.12 kB^[[22m
installed-wheel (3.12)	Build and exercise an installed wheel outside the checkout	2026-09-08T05:40:16.1734894Z ^[[2m../precompiled/^[[22m^[[2massets/^[[22m^[[36mdream-maker-C-nORZOA.js                 ^[[39m^[[1m^[[2m 10.66 kB^[[22m^[[1m^[[22m^[[2m │ gzip:   2.34 kB^[[22m^[[2m │ map:    15.33 kB^[[22m
installed-wheel (3.12)	Build and exercise an installed wheel outside the checkout	2026-09-08T05:40:16.1736101Z ^[[2m../precompiled/^[[22m^[[2massets/^[[22m^[[36mrst-4NLicBqY.js                         ^[[39m^[[1m^[[2m 10.69 kB^[[22m^[[1m^[[22m^[[2m │ gzip:   2.45 kB^[[22m^[[2m │ map:    15.54 kB^[[22m
installed-wheel (3.12)	Build and exercise an installed wheel outside the checkout	2026-09-08T05:40:16.1737299Z ^[[2m../precompiled/^[[22m^[[2massets/^[[22m^[[36mbeancount-BwXTMy5W.js                   ^[[39m^[[1m^[[2m 10.80 kB^[[22m^[[1m^[[22m^[[2m │ gzip:   1.56 kB^[[22m^[[2m │ map:    15.67 kB^[[22m
installed-wheel (3.12)	Build and exercise an installed wheel outside the checkout	2026-09-08T05:40:16.1738498Z ^[[2m../precompiled/^[[22m^[[2massets/^[[22m^[[36myaml-CVw76BM1.js                        ^[[39m^[[1m^[[2m 10.84 kB^[[22m^[[1m^[[22m^[[2m │ gzip:   2.33 kB^[[22m^[[2m │ map:    15.27 kB^[[22m
installed-wheel (3.12)	Build and exercise an installed wheel outside the checkout	2026-09-08T05:40:16.1739711Z ^[[2m../precompiled/^[[22m^[[2massets/^[[22m^[[36mcadence-DNquZEk8.js                     ^[[39m^[[1m^[[2m 11.08 kB^[[22m^[[1m^[[22m^[[2m │ gzip:   2.36 kB^[[22m^[[2m │ map:    15.86 kB^[[22m
installed-wheel (3.12)	Build and exercise an installed wheel outside the checkout	2026-09-08T05:40:16.1741111Z ^[[2m../precompiled/^[[22m^[[2massets/^[[22m^[[36mgithub-light-DAi9KRSo.js                ^[[39m^[[1m^[[2m 11.23 kB^[[22m^[[1m^[[22m^[[2m │ gzip:   2.54 kB^[[22m^[[2m │ map:    15.39 kB^[[22m
installed-wheel (3.12)	Build and exercise an installed wheel outside the checkout	2026-09-08T05:40:16.1742323Z ^[[2m../precompiled/^[[22m^[[2massets/^[[22m^[[36melm-CmHSxxaM.js                         ^[[39m^[[1m^[[2m 11.33 kB^[[22m^[[1m^[[22m^[[2m │ gzip:   2.26 kB^[[22m^[[2m │ map:    16.51 kB^[[22m
installed-wheel (3.12)	Build and exercise an installed wheel outside the checkout	2026-09-08T05:40:16.1743534Z ^[[2m../precompiled/^[[22m^[[2massets/^[[22m^[[36mgithub-dark-DHJKELXO.js                 ^[[39m^[[1m^[[2m 11.45 kB^[[22m^[[1m^[[22m^[[2m │ gzip:   2.59 kB^[[22m^[[2m │ map:    15.66 kB^[[22m
installed-wheel (3.12)	Build and exercise an installed wheel outside the checkout	2026-09-08T05:40:16.1744757Z ^[[2m../precompiled/^[[22m^[[2massets/^[[22m^[[36mprolog-BY-TUvya.js                      ^[[39m^[[1m^[[2m 11.48 kB^[[22m^[[1m^[[22m^[[2m │ gzip:   3.88 kB^[[22m^[[2m │ map:    13.39 kB^[[22m
installed-wheel (3.12)	Build and exercise an installed wheel outside the checkout	2026-09-08T05:40:16.1745979Z ^[[2m../precompiled/^[[22m^[[2massets/^[[22m^[[36mlaserwave-DUszq2jm.js                   ^[[39m^[[1m^[[2m 11.55 kB^[[22m^[[1m^[[22m^[[2m │ gzip:   2.61 kB^[[22m^[[2m │ map:    14.68 kB^[[22m
installed-wheel (3.12)	Build and exercise an installed wheel outside the checkout	2026-09-08T05:40:16.1747187Z ^[[2m../precompiled/^[[22m^[[2massets/^[[22m^[[36mpuppet-Cza_XSSt.js                      ^[[39m^[[1m^[[2m 11.79 kB^[[22m^[[1m^[[22m^[[2m │ gzip:   2.27 kB^[[22m^[[2m │ map:    16.67 kB^[[22m
installed-wheel (3.12)	Build and exercise an installed wheel outside the checkout	2026-09-08T05:40:16.1748381Z ^[[2m../precompiled/^[[22m^[[2massets/^[[22m^[[36mhcl-HzYwdGDm.js                         ^[[39m^[[1m^[[2m 12.01 kB^[[22m^[[1m^[[22m^[[2m │ gzip:   2.54 kB^[[22m^[[2m │ map:    17.30 kB^[[22m
installed-wheel (3.12)	Build and exercise an installed wheel outside the checkout	2026-09-08T05:40:16.1749576Z ^[[2m../precompiled/^[[22m^[[2massets/^[[22m^[[36mhandlebars-BQGss363.js                  ^[[39m^[[1m^[[2m 12.31 kB^[[22m^[[1m^[[22m^[[2m │ gzip:   2.43 kB^[[22m^[[2m │ map:    17.55 kB^[[22m
installed-wheel (3.12)	Build and exercise an installed wheel outside the checkout	2026-09-08T05:40:16.1751042Z ^[[2m../precompiled/^[[22m^[[2massets/^[[22m^[[36mhjson-T-Tgc4AT.js                       ^[[39m^[[1m^[[2m 12.37 kB^[[22m^[[1m^[[22m^[[2m │ gzip:   1.71 kB^[[22m^[[2m │ map:    17.72 kB^[[22m
installed-wheel (3.12)	Build and exercise an installed wheel outside the checkout	2026-09-08T05:40:16.1752242Z ^[[2m../precompiled/^[[22m^[[2massets/^[[22m^[[36mvesper-BEBZ7ncR.js                      ^[[39m^[[1m^[[2m 12.71 kB^[[22m^[[1m^[[22m^[[2m │ gzip:   2.01 kB^[[22m^[[2m │ map:    16.10 kB^[[22m
installed-wheel (3.12)	Build and exercise an installed wheel outside the checkout	2026-09-08T05:40:16.1753437Z ^[[2m../precompiled/^[[22m^[[2massets/^[[22m^[[36mluau-Du5NY7AG.js                        ^[[39m^[[1m^[[2m 12.96 kB^[[22m^[[1m^[[22m^[[2m │ gzip:   3.15 kB^[[22m^[[2m │ map:    18.19 kB^[[22m
installed-wheel (3.12)	Build and exercise an installed wheel outside the checkout	2026-09-08T05:40:16.1754618Z ^[[2m../precompiled/^[[22m^[[2massets/^[[22m^[[36mbat-fje9CFhw.js                         ^[[39m^[[1m^[[2m 13.03 kB^[[22m^[[1m^[[22m^[[2m │ gzip:   3.30 kB^[[22m^[[2m │ map:    17.52 kB^[[22m
installed-wheel (3.12)	Build and exercise an installed wheel outside the checkout	2026-09-08T05:40:16.1755801Z ^[[2m../precompiled/^[[22m^[[2massets/^[[22m^[[36mapache-Dn00JSTd.js                      ^[[39m^[[1m^[[2m 13.26 kB^[[22m^[[1m^[[22m^[[2m │ gzip:   3.83 kB^[[22m^[[2m │ map:    16.70 kB^[[22m
installed-wheel (3.12)	Build and exercise an installed wheel outside the checkout	2026-09-08T05:40:16.1757162Z ^[[2m../precompiled/^[[22m^[[2massets/^[[22m^[[36mterraform-BbSNqyBO.js                   ^[[39m^[[1m^[[2m 13.42 kB^[[22m^[[1m^[[22m^[[2m │ gzip:   3.14 kB^[[22m^[[2m │ map:    18.82 kB^[[22m
installed-wheel (3.12)	Build and exercise an installed wheel outside the checkout	2026-09-08T05:40:16.1758556Z ^[[2m../precompiled/^[[22m^[[2massets/^[[22m^[[36mvitesse-light-CVO1_9PV.js               ^[[39m^[[1m^[[2m 13.67 kB^[[22m^[[1m^[[22m^[[2m │ gzip:   3.07 kB^[[22m^[[2m │ map:    18.53 kB^[[22m
installed-wheel (3.12)	Build and exercise an installed wheel outside the checkout	2026-09-08T05:40:16.1759783Z ^[[2m../precompiled/^[[22m^[[2massets/^[[22m^[[36maurora-x-D-2ljcwZ.js                    ^[[39m^[[1m^[[2m 13.71 kB^[[22m^[[1m^[[22m^[[2m │ gzip:   2.32 kB^[[22m^[[2m │ map:    17.55 kB^[[22m
installed-wheel (3.12)	Build and exercise an installed wheel outside the checkout	2026-09-08T05:40:16.1761198Z ^[[2m../precompiled/^[[22m^[[2massets/^[[22m^[[36mvitesse-black-Bkuqu6BP.js               ^[[39m^[[1m^[[2m 13.73 kB^[[22m^[[1m^[[22m^[[2m │ gzip:   3.09 kB^[[22m^[[2m │ map:    18.61 kB^[[22m
installed-wheel (3.12)	Build and exercise an installed wheel outside the checkout	2026-09-08T05:40:16.1762416Z ^[[2m../precompiled/^[[22m^[[2massets/^[[22m^[[36mv-CAQ2eGtk.js                           ^[[39m^[[1m^[[2m 13.78 kB^[[22m^[[1m^[[22m^[[2m │ gzip:   2.88 kB^[[22m^[[2m │ map:    20.15 kB^[[22m
installed-wheel (3.12)	Build and exercise an installed wheel outside the checkout	2026-09-08T05:40:16.1763641Z ^[[2m../precompiled/^[[22m^[[2massets/^[[22m^[[36mvitesse-dark-D0r3Knsf.js                ^[[39m^[[1m^[[2m 13.81 kB^[[22m^[[1m^[[22m^[[2m │ gzip:   3.10 kB^[[22m^[[2m │ map:    18.69 kB^[[22m
installed-wheel (3.12)	Build and exercise an installed wheel outside the checkout	2026-09-08T05:40:16.1764881Z ^[[2m../precompiled/^[[22m^[[2massets/^[[22m^[[36msynthwave-84-CbfX1IO0.js                ^[[39m^[[1m^[[2m 14.09 kB^[[22m^[[1m^[[22m^[[2m │ gzip:   2.90 kB^[[22m^[[2m │ map:    19.07 kB^[[22m
installed-wheel (3.12)	Build and exercise an installed wheel outside the checkout	2026-09-08T05:40:16.1766142Z ^[[2m../precompiled/^[[22m^[[2massets/^[[22m^[[36mgithub-light-default-D7oLnXFd.js        ^[[39m^[[1m^[[2m 14.21 kB^[[22m^[[1m^[[22m^[[2m │ gzip:   3.08 kB^[[22m^[[2m │ map:    19.26 kB^[[22m
installed-wheel (3.12)	Build and exercise an installed wheel outside the checkout	2026-09-08T05:40:16.1767457Z ^[[2m../precompiled/^[[22m^[[2massets/^[[22m^[[36mgithub-light-high-contrast-BfjtVDDH.js  ^[[39m^[[1m^[[2m 14.34 kB^[[22m^[[1m^[[22m^[[2m │ gzip:   3.06 kB^[[22m^[[2m │ map:    19.43 kB^[[22m
installed-wheel (3.12)	Build and exercise an installed wheel outside the checkout	2026-09-08T05:40:16.1768752Z ^[[2m../precompiled/^[[22m^[[2massets/^[[22m^[[36mgithub-dark-dimmed-DH5Ifo-i.js          ^[[39m^[[1m^[[2m 14.49 kB^[[22m^[[1m^[[22m^[[2m │ gzip:   3.16 kB^[[22m^[[2m │ map:    19.63 kB^[[22m
installed-wheel (3.12)	Build and exercise an installed wheel outside the checkout	2026-09-08T05:40:16.1770174Z ^[[2m../precompiled/^[[22m^[[2massets/^[[22m^[[36mgithub-dark-default-Cuk6v7N8.js         ^[[39m^[[1m^[[2m 14.49 kB^[[22m^[[1m^[[22m^[[2m │ gzip:   3.17 kB^[[22m^[[2m │ map:    19.63 kB^[[22m
installed-wheel (3.12)	Build and exercise an installed wheel outside the checkout	2026-09-08T05:40:16.1771433Z ^[[2m../precompiled/^[[22m^[[2massets/^[[22m^[[36mclarity-BHOwM8T6.js                     ^[[39m^[[1m^[[2m 14.60 kB^[[22m^[[1m^[[22m^[[2m │ gzip:   2.52 kB^[[22m^[[2m │ map:    20.52 kB^[[22m
installed-wheel (3.12)	Build and exercise an installed wheel outside the checkout	2026-09-08T05:40:16.1772659Z ^[[2m../precompiled/^[[22m^[[2massets/^[[22m^[[36mactionscript-3-D_z4Izcz.js              ^[[39m^[[1m^[[2m 14.61 kB^[[22m^[[1m^[[22m^[[2m │ gzip:   2.83 kB^[[22m^[[2m │ map:    20.59 kB^[[22m
installed-wheel (3.12)	Build and exercise an installed wheel outside the checkout	2026-09-08T05:40:16.1773934Z ^[[2m../precompiled/^[[22m^[[2massets/^[[22m^[[36mgithub-dark-high-contrast-E3gJ1_iC.js   ^[[39m^[[1m^[[2m 14.66 kB^[[22m^[[1m^[[22m^[[2m │ gzip:   3.12 kB^[[22m^[[2m │ map:    19.86 kB^[[22m
installed-wheel (3.12)	Build and exercise an installed wheel outside the checkout	2026-09-08T05:40:16.1775176Z ^[[2m../precompiled/^[[22m^[[2massets/^[[22m^[[36mpug-CM9l7STV.js                         ^[[39m^[[1m^[[2m 14.93 kB^[[22m^[[1m^[[22m^[[2m │ gzip:   2.94 kB^[[22m^[[2m │ map:    21.86 kB^[[22m
installed-wheel (3.12)	Build and exercise an installed wheel outside the checkout	2026-09-08T05:40:16.1776372Z ^[[2m../precompiled/^[[22m^[[2massets/^[[22m^[[36mgnuplot-CM8KxXT1.js                     ^[[39m^[[1m^[[2m 14.96 kB^[[22m^[[1m^[[22m^[[2m │ gzip:   3.33 kB^[[22m^[[2m │ map:    20.95 kB^[[22m
installed-wheel (3.12)	Build and exercise an installed wheel outside the checkout	2026-09-08T05:40:16.1777587Z ^[[2m../precompiled/^[[22m^[[2massets/^[[22m^[[36mayu-dark-Cv9koXgw.js                    ^[[39m^[[1m^[[2m 15.00 kB^[[22m^[[1m^[[22m^[[2m │ gzip:   3.12 kB^[[22m^[[2m │ map:    20.25 kB^[[22m
installed-wheel (3.12)	Build and exercise an installed wheel outside the checkout	2026-09-08T05:40:16.1778779Z ^[[2m../precompiled/^[[22m^[[2massets/^[[22m^[[36mnix-shcSOmrb.js                         ^[[39m^[[1m^[[2m 15.59 kB^[[22m^[[1m^[[22m^[[2m │ gzip:   2.38 kB^[[22m^[[2m │ map:    23.12 kB^[[22m
installed-wheel (3.12)	Build and exercise an installed wheel outside the checkout	2026-09-08T05:40:16.1780094Z ^[[2m../precompiled/^[[22m^[[2massets/^[[22m^[[36mlua-CvWAzNxB.js                         ^[[39m^[[1m^[[2m 15.66 kB^[[22m^[[1m^[[22m^[[2m │ gzip:   3.19 kB^[[22m^[[2m │ map:    22.37 kB^[[22m
installed-wheel (3.12)	Build and exercise an installed wheel outside the checkout	2026-09-08T05:40:16.1781289Z ^[[2m../precompiled/^[[22m^[[2massets/^[[22m^[[36mwasm-C6j12Q_x.js                        ^[[39m^[[1m^[[2m 15.97 kB^[[22m^[[1m^[[22m^[[2m │ gzip:   2.94 kB^[[22m^[[2m │ map:    21.83 kB^[[22m
installed-wheel (3.12)	Build and exercise an installed wheel outside the checkout	2026-09-08T05:40:16.1782663Z ^[[2m../precompiled/^[[22m^[[2massets/^[[22m^[[36msolidity-C1w2a3ep.js                    ^[[39m^[[1m^[[2m 16.28 kB^[[22m^[[1m^[[22m^[[2m │ gzip:   3.16 kB^[[22m^[[2m │ map:    23.71 kB^[[22m
installed-wheel (3.12)	Build and exercise an installed wheel outside the checkout	2026-09-08T05:40:16.1783996Z ^[[2m../precompiled/^[[22m^[[2massets/^[[22m^[[36msvelte-MSaWC3Je.js                      ^[[39m^[[1m^[[2m 16.93 kB^[[22m^[[1m^[[22m^[[2m │ gzip:   3.00 kB^[[22m^[[2m │ map:    23.75 kB^[[22m
installed-wheel (3.12)	Build and exercise an installed wheel outside the checkout	2026-09-08T05:40:16.1785207Z ^[[2m../precompiled/^[[22m^[[2massets/^[[22m^[[36mpurescript-Bg-kzb6g.js                  ^[[39m^[[1m^[[2m 17.11 kB^[[22m^[[1m^[[22m^[[2m │ gzip:   2.69 kB^[[22m^[[2m │ map:    24.09 kB^[[22m
installed-wheel (3.12)	Build and exercise an installed wheel outside the checkout	2026-09-08T05:40:16.1786443Z ^[[2m../precompiled/^[[22m^[[2massets/^[[22m^[[36mkanagawa-wave-DWedfzmr.js               ^[[39m^[[1m^[[2m 17.17 kB^[[22m^[[1m^[[22m^[[2m │ gzip:   2.96 kB^[[22m^[[2m │ map:    22.25 kB^[[22m
installed-wheel (3.12)	Build and exercise an installed wheel outside the checkout	2026-09-08T05:40:16.1787682Z ^[[2m../precompiled/^[[22m^[[2massets/^[[22m^[[36mkanagawa-lotus-CfQXZHmo.js              ^[[39m^[[1m^[[2m 17.18 kB^[[22m^[[1m^[[22m^[[2m │ gzip:   2.97 kB^[[22m^[[2m │ map:    22.26 kB^[[22m
installed-wheel (3.12)	Build and exercise an installed wheel outside the checkout	2026-09-08T05:40:16.1788938Z ^[[2m../precompiled/^[[22m^[[2massets/^[[22m^[[36mkanagawa-dragon-CkXjmgJE.js             ^[[39m^[[1m^[[2m 17.18 kB^[[22m^[[1m^[[22m^[[2m │ gzip:   2.98 kB^[[22m^[[2m │ map:    22.26 kB^[[22m
installed-wheel (3.12)	Build and exercise an installed wheel outside the checkout	2026-09-08T05:40:16.1790303Z ^[[2m../precompiled/^[[22m^[[2massets/^[[22m^[[36mliquid-D3W5UaiH.js                      ^[[39m^[[1m^[[2m 17.21 kB^[[22m^[[1m^[[22m^[[2m │ gzip:   3.12 kB^[[22m^[[2m │ map:    23.77 kB^[[22m
installed-wheel (3.12)	Build and exercise an installed wheel outside the checkout	2026-09-08T05:40:16.1791506Z ^[[2m../precompiled/^[[22m^[[2massets/^[[22m^[[36mcue-DtFQj3wx.js                         ^[[39m^[[1m^[[2m 17.39 kB^[[22m^[[1m^[[22m^[[2m │ gzip:   2.13 kB^[[22m^[[2m │ map:    25.49 kB^[[22m
installed-wheel (3.12)	Build and exercise an installed wheel outside the checkout	2026-09-08T05:40:16.1792687Z ^[[2m../precompiled/^[[22m^[[2massets/^[[22m^[[36mrust-Be6lgOlo.js                        ^[[39m^[[1m^[[2m 17.65 kB^[[22m^[[1m^[[22m^[[2m │ gzip:   3.41 kB^[[22m^[[2m │ map:    24.96 kB^[[22m
installed-wheel (3.12)	Build and exercise an installed wheel outside the checkout	2026-09-08T05:40:16.1793896Z ^[[2m../precompiled/^[[22m^[[2massets/^[[22m^[[36mangular-html-LfdN0zeE.js                ^[[39m^[[1m^[[2m 17.71 kB^[[22m^[[1m^[[22m^[[2m │ gzip:   3.54 kB^[[22m^[[2m │ map:    26.47 kB^[[22m
installed-wheel (3.12)	Build and exercise an installed wheel outside the checkout	2026-09-08T05:40:16.1795123Z ^[[2m../precompiled/^[[22m^[[2massets/^[[22m^[[36mgraphql-cDcHW_If.js                     ^[[39m^[[1m^[[2m 18.25 kB^[[22m^[[1m^[[22m^[[2m │ gzip:   2.69 kB^[[22m^[[2m │ map:    25.66 kB^[[22m
installed-wheel (3.12)	Build and exercise an installed wheel outside the checkout	2026-09-08T05:40:16.1796332Z ^[[2m../precompiled/^[[22m^[[2massets/^[[22m^[[36melixir-CLiX3zqd.js                      ^[[39m^[[1m^[[2m 18.34 kB^[[22m^[[1m^[[22m^[[2m │ gzip:   3.25 kB^[[22m^[[2m │ map:    25.77 kB^[[22m
installed-wheel (3.12)	Build and exercise an installed wheel outside the checkout	2026-09-08T05:40:16.1797550Z ^[[2m../precompiled/^[[22m^[[2massets/^[[22m^[[36mmaterial-theme-D5KoaKCx.js              ^[[39m^[[1m^[[2m 18.67 kB^[[22m^[[1m^[[22m^[[2m │ gzip:   3.15 kB^[[22m^[[2m │ map:    24.10 kB^[[22m
installed-wheel (3.12)	Build and exercise an installed wheel outside the checkout	2026-09-08T05:40:16.1798818Z ^[[2m../precompiled/^[[22m^[[2massets/^[[22m^[[36mmaterial-theme-ocean-CyktbL80.js        ^[[39m^[[1m^[[2m 18.69 kB^[[22m^[[1m^[[22m^[[2m │ gzip:   3.17 kB^[[22m^[[2m │ map:    24.13 kB^[[22m
installed-wheel (3.12)	Build and exercise an installed wheel outside the checkout	2026-09-08T05:40:16.1800619Z ^[[2m../precompiled/^[[22m^[[2massets/^[[22m^[[36mmaterial-theme-darker-BfHTSMKl.js       ^[[39m^[[1m^[[2m 18.69 kB^[[22m^[[1m^[[22m^[[2m │ gzip:   3.15 kB^[[22m^[[2m │ map:    24.14 kB^[[22m
installed-wheel (3.12)	Build and exercise an installed wheel outside the checkout	2026-09-08T05:40:16.1802873Z ^[[2m../precompiled/^[[22m^[[2massets/^[[22m^[[36mmaterial-theme-lighter-B0m2ddpp.js      ^[[39m^[[1m^[[2m 18.69 kB^[[22m^[[1m^[[22m^[[2m │ gzip:   3.15 kB^[[22m^[[2m │ map:    24.15 kB^[[22m
installed-wheel (3.12)	Build and exercise an installed wheel outside the checkout	2026-09-08T05:40:16.1804478Z ^[[2m../precompiled/^[[22m^[[2massets/^[[22m^[[36mmaterial-theme-palenight-Csfq5Kiy.js    ^[[39m^[[1m^[[2m 18.70 kB^[[22m^[[1m^[[22m^[[2m │ gzip:   3.16 kB^[[22m^[[2m │ map:    24.15 kB^[[22m
installed-wheel (3.12)	Build and exercise an installed wheel outside the checkout	2026-09-08T05:40:16.1806048Z ^[[2m../precompiled/^[[22m^[[2massets/^[[22m^[[36mgdscript-DfxzS6Rs.js                    ^[[39m^[[1m^[[2m 18.70 kB^[[22m^[[1m^[[22m^[[2m │ gzip:   3.75 kB^[[22m^[[2m │ map:    25.88 kB^[[22m
installed-wheel (3.12)	Build and exercise an installed wheel outside the checkout	2026-09-08T05:40:16.1807284Z ^[[2m../precompiled/^[[22m^[[2massets/^[[22m^[[36mabap-DsBKuouk.js                        ^[[39m^[[1m^[[2m 18.86 kB^[[22m^[[1m^[[22m^[[2m │ gzip:   6.23 kB^[[22m^[[2m │ map:    23.58 kB^[[22m
installed-wheel (3.12)	Build and exercise an installed wheel outside the checkout	2026-09-08T05:40:16.1808498Z ^[[2m../precompiled/^[[22m^[[2massets/^[[22m^[[36mmarko-z0MBrx5-.js                       ^[[39m^[[1m^[[2m 19.37 kB^[[22m^[[1m^[[22m^[[2m │ gzip:   3.23 kB^[[22m^[[2m │ map:    27.38 kB^[[22m
installed-wheel (3.12)	Build and exercise an installed wheel outside the checkout	2026-09-08T05:40:16.1810114Z ^[[2m../precompiled/^[[22m^[[2massets/^[[22m^[[36mgroovy-DkBy-JyN.js                      ^[[39m^[[1m^[[2m 19.69 kB^[[22m^[[1m^[[22m^[[2m │ gzip:   3.81 kB^[[22m^[[2m │ map:    28.15 kB^[[22m
installed-wheel (3.12)	Build and exercise an installed wheel outside the checkout	2026-09-08T05:40:16.1811490Z ^[[2m../precompiled/^[[22m^[[2massets/^[[22m^[[36mmdc-DB_EDNY_.js                         ^[[39m^[[1m^[[2m 19.74 kB^[[22m^[[1m^[[22m^[[2m │ gzip:   6.65 kB^[[22m^[[2m │ map:    23.12 kB^[[22m
installed-wheel (3.12)	Build and exercise an installed wheel outside the checkout	2026-09-08T05:40:16.1812701Z ^[[2m../precompiled/^[[22m^[[2massets/^[[22m^[[36mnushell-D4Tzg5kh.js                     ^[[39m^[[1m^[[2m 19.79 kB^[[22m^[[1m^[[22m^[[2m │ gzip:   4.97 kB^[[22m^[[2m │ map:    27.04 kB^[[22m
installed-wheel (3.12)	Build and exercise an installed wheel outside the checkout	2026-09-08T05:40:16.1813909Z ^[[2m../precompiled/^[[22m^[[2massets/^[[22m^[[36mmatlab-D9-PGadD.js                      ^[[39m^[[1m^[[2m 20.18 kB^[[22m^[[1m^[[22m^[[2m │ gzip:   3.91 kB^[[22m^[[2m │ map:    28.19 kB^[[22m
installed-wheel (3.12)	Build and exercise an installed wheel outside the checkout	2026-09-08T05:40:16.1815104Z ^[[2m../precompiled/^[[22m^[[2massets/^[[22m^[[36mmove-DB_GagMm.js                        ^[[39m^[[1m^[[2m 20.28 kB^[[22m^[[1m^[[22m^[[2m │ gzip:   4.08 kB^[[22m^[[2m │ map:    29.93 kB^[[22m
installed-wheel (3.12)	Build and exercise an installed wheel outside the checkout	2026-09-08T05:40:16.1816314Z ^[[2m../precompiled/^[[22m^[[2massets/^[[22m^[[36mglimmer-js-D-cwc0-E.js                  ^[[39m^[[1m^[[2m 20.60 kB^[[22m^[[1m^[[22m^[[2m │ gzip:   3.03 kB^[[22m^[[2m │ map:    29.35 kB^[[22m
installed-wheel (3.12)	Build and exercise an installed wheel outside the checkout	2026-09-08T05:40:16.1817551Z ^[[2m../precompiled/^[[22m^[[2massets/^[[22m^[[36mglimmer-ts-pgjy16dm.js                  ^[[39m^[[1m^[[2m 20.60 kB^[[22m^[[1m^[[22m^[[2m │ gzip:   3.03 kB^[[22m^[[2m │ map:    29.35 kB^[[22m
installed-wheel (3.12)	Build and exercise an installed wheel outside the checkout	2026-09-08T05:40:16.1818756Z ^[[2m../precompiled/^[[22m^[[2massets/^[[22m^[[36mkusto-mebxcVVE.js                       ^[[39m^[[1m^[[2m 20.68 kB^[[22m^[[1m^[[22m^[[2m │ gzip:   4.59 kB^[[22m^[[2m │ map:    25.68 kB^[[22m
installed-wheel (3.12)	Build and exercise an installed wheel outside the checkout	2026-09-08T05:40:16.1820174Z ^[[2m../precompiled/^[[22m^[[2massets/^[[22m^[[36msnazzy-light-Bw305WKR.js                ^[[39m^[[1m^[[2m 20.82 kB^[[22m^[[1m^[[22m^[[2m │ gzip:   3.87 kB^[[22m^[[2m │ map:    27.99 kB^[[22m
installed-wheel (3.12)	Build and exercise an installed wheel outside the checkout	2026-09-08T05:40:16.1821409Z ^[[2m../precompiled/^[[22m^[[2massets/^[[22m^[[36mviml-m4uW47V2.js                        ^[[39m^[[1m^[[2m 21.06 kB^[[22m^[[1m^[[22m^[[2m │ gzip:   7.28 kB^[[22m^[[2m │ map:    24.20 kB^[[22m
installed-wheel (3.12)	Build and exercise an installed wheel outside the checkout	2026-09-08T05:40:16.1822613Z ^[[2m../precompiled/^[[22m^[[2massets/^[[22m^[[36mdracula-BzJJZx-M.js                     ^[[39m^[[1m^[[2m 21.11 kB^[[22m^[[1m^[[22m^[[2m │ gzip:   4.04 kB^[[22m^[[2m │ map:    27.47 kB^[[22m
installed-wheel (3.12)	Build and exercise an installed wheel outside the checkout	2026-09-08T05:40:16.1823837Z ^[[2m../precompiled/^[[22m^[[2massets/^[[22m^[[36mdracula-soft-BXkSAIEj.js                ^[[39m^[[1m^[[2m 21.13 kB^[[22m^[[1m^[[22m^[[2m │ gzip:   4.07 kB^[[22m^[[2m │ map:    27.50 kB^[[22m
installed-wheel (3.12)	Build and exercise an installed wheel outside the checkout	2026-09-08T05:40:16.1825044Z ^[[2m../precompiled/^[[22m^[[2massets/^[[22m^[[36mvue-BuYVFjOK.js                         ^[[39m^[[1m^[[2m 21.52 kB^[[22m^[[1m^[[22m^[[2m │ gzip:   2.92 kB^[[22m^[[2m │ map:    32.04 kB^[[22m
installed-wheel (3.12)	Build and exercise an installed wheel outside the checkout	2026-09-08T05:40:16.1826248Z ^[[2m../precompiled/^[[22m^[[2massets/^[[22m^[[36mrose-pine-CmCqftbK.js                   ^[[39m^[[1m^[[2m 21.81 kB^[[22m^[[1m^[[22m^[[2m │ gzip:   3.91 kB^[[22m^[[2m │ map:    28.77 kB^[[22m
installed-wheel (3.12)	Build and exercise an installed wheel outside the checkout	2026-09-08T05:40:16.1827480Z ^[[2m../precompiled/^[[22m^[[2massets/^[[22m^[[36mrose-pine-moon-CjDtw9vr.js              ^[[39m^[[1m^[[2m 21.82 kB^[[22m^[[1m^[[22m^[[2m │ gzip:   3.93 kB^[[22m^[[2m │ map:    28.80 kB^[[22m
installed-wheel (3.12)	Build and exercise an installed wheel outside the checkout	2026-09-08T05:40:16.1828737Z ^[[2m../precompiled/^[[22m^[[2massets/^[[22m^[[36mrose-pine-dawn-Ds-gbosJ.js              ^[[39m^[[1m^[[2m 21.82 kB^[[22m^[[1m^[[22m^[[2m │ gzip:   3.93 kB^[[22m^[[2m │ map:    28.80 kB^[[22m
installed-wheel (3.12)	Build and exercise an installed wheel outside the checkout	2026-09-08T05:40:16.1830090Z ^[[2m../precompiled/^[[22m^[[2massets/^[[22m^[[36mpowershell-BIEUsx6d.js                  ^[[39m^[[1m^[[2m 22.31 kB^[[22m^[[1m^[[22m^[[2m │ gzip:   4.73 kB^[[22m^[[2m │ map:    29.15 kB^[[22m
installed-wheel (3.12)	Build and exercise an installed wheel outside the checkout	2026-09-08T05:40:16.1831306Z ^[[2m../precompiled/^[[22m^[[2massets/^[[22m^[[36mapl-BBq3IX1j.js                         ^[[39m^[[1m^[[2m 22.88 kB^[[22m^[[1m^[[22m^[[2m │ gzip:   4.26 kB^[[22m^[[2m │ map:    32.18 kB^[[22m
installed-wheel (3.12)	Build and exercise an installed wheel outside the checkout	2026-09-08T05:40:16.1832485Z ^[[2m../precompiled/^[[22m^[[2massets/^[[22m^[[36mtwig-NC5TFiHP.js                        ^[[39m^[[1m^[[2m 23.05 kB^[[22m^[[1m^[[22m^[[2m │ gzip:   4.18 kB^[[22m^[[2m │ map:    31.66 kB^[[22m
installed-wheel (3.12)	Build and exercise an installed wheel outside the checkout	2026-09-08T05:40:16.1833664Z ^[[2m../precompiled/^[[22m^[[2massets/^[[22m^[[36mnim-ZlGxZxc3.js                         ^[[39m^[[1m^[[2m 23.67 kB^[[22m^[[1m^[[22m^[[2m │ gzip:   3.54 kB^[[22m^[[2m │ map:    34.39 kB^[[22m
installed-wheel (3.12)	Build and exercise an installed wheel outside the checkout	2026-09-08T05:40:16.1835093Z ^[[2m../precompiled/^[[22m^[[2massets/^[[22m^[[36mvhdl-DYoNaHQp.js                        ^[[39m^[[1m^[[2m 23.83 kB^[[22m^[[1m^[[22m^[[2m │ gzip:   3.90 kB^[[22m^[[2m │ map:    32.65 kB^[[22m
installed-wheel (3.12)	Build and exercise an installed wheel outside the checkout	2026-09-08T05:40:16.1836281Z ^[[2m../precompiled/^[[22m^[[2massets/^[[22m^[[36mtempl-dwX3ZSMB.js                       ^[[39m^[[1m^[[2m 24.01 kB^[[22m^[[1m^[[22m^[[2m │ gzip:   5.42 kB^[[22m^[[2m │ map:    30.69 kB^[[22m
installed-wheel (3.12)	Build and exercise an installed wheel outside the checkout	2026-09-08T05:40:16.1837465Z ^[[2m../precompiled/^[[22m^[[2massets/^[[22m^[[36mastro-CqkE3fuf.js                       ^[[39m^[[1m^[[2m 24.11 kB^[[22m^[[1m^[[22m^[[2m │ gzip:   7.48 kB^[[22m^[[2m │ map:    29.20 kB^[[22m
installed-wheel (3.12)	Build and exercise an installed wheel outside the checkout	2026-09-08T05:40:16.1838643Z ^[[2m../precompiled/^[[22m^[[2massets/^[[22m^[[36msql-COK4E0Yg.js                         ^[[39m^[[1m^[[2m 24.36 kB^[[22m^[[1m^[[22m^[[2m │ gzip:   7.72 kB^[[22m^[[2m │ map:    28.99 kB^[[22m
installed-wheel (3.12)	Build and exercise an installed wheel outside the checkout	2026-09-08T05:40:16.1839961Z ^[[2m../precompiled/^[[22m^[[2massets/^[[22m^[[36mone-light-PoHY5YXO.js                   ^[[39m^[[1m^[[2m 25.35 kB^[[22m^[[1m^[[22m^[[2m │ gzip:   3.71 kB^[[22m^[[2m │ map:    33.76 kB^[[22m
installed-wheel (3.12)	Build and exercise an installed wheel outside the checkout	2026-09-08T05:40:16.1841194Z ^[[2m../precompiled/^[[22m^[[2massets/^[[22m^[[36mrazor-CNLDkMZG.js                       ^[[39m^[[1m^[[2m 25.85 kB^[[22m^[[1m^[[22m^[[2m │ gzip:   3.51 kB^[[22m^[[2m │ map:    36.14 kB^[[22m
installed-wheel (3.12)	Build and exercise an installed wheel outside the checkout	2026-09-08T05:40:16.1842389Z ^[[2m../precompiled/^[[22m^[[2massets/^[[22m^[[36mfsharp-XplgxFYe.js                      ^[[39m^[[1m^[[2m 25.88 kB^[[22m^[[1m^[[22m^[[2m │ gzip:   4.26 kB^[[22m^[[2m │ map:    36.62 kB^[[22m
installed-wheel (3.12)	Build and exercise an installed wheel outside the checkout	2026-09-08T05:40:16.1843572Z ^[[2m../precompiled/^[[22m^[[2massets/^[[22m^[[36mnord-Ddv68eIx.js                        ^[[39m^[[1m^[[2m 26.77 kB^[[22m^[[1m^[[22m^[[2m │ gzip:   4.43 kB^[[22m^[[2m │ map:    35.31 kB^[[22m
installed-wheel (3.12)	Build and exercise an installed wheel outside the checkout	2026-09-08T05:40:16.1844789Z ^[[2m../precompiled/^[[22m^[[2massets/^[[22m^[[36msystem-verilog-C7L56vO4.js              ^[[39m^[[1m^[[2m 26.83 kB^[[22m^[[1m^[[22m^[[2m │ gzip:   4.92 kB^[[22m^[[2m │ map:    37.13 kB^[[22m
installed-wheel (3.12)	Build and exercise an installed wheel outside the checkout	2026-09-08T05:40:16.1845994Z ^[[2m../precompiled/^[[22m^[[2massets/^[[22m^[[36mbsl-Dgyn0ogV.js                         ^[[39m^[[1m^[[2m 27.48 kB^[[22m^[[1m^[[22m^[[2m │ gzip:   8.96 kB^[[22m^[[2m │ map:    31.99 kB^[[22m
installed-wheel (3.12)	Build and exercise an installed wheel outside the checkout	2026-09-08T05:40:16.1847188Z ^[[2m../precompiled/^[[22m^[[2massets/^[[22m^[[36mjava-xI-RfyKK.js                        ^[[39m^[[1m^[[2m 27.53 kB^[[22m^[[1m^[[22m^[[2m │ gzip:   4.37 kB^[[22m^[[2m │ map:    38.99 kB^[[22m
installed-wheel (3.12)	Build and exercise an installed wheel outside the checkout	2026-09-08T05:40:16.1848375Z ^[[2m../precompiled/^[[22m^[[2massets/^[[22m^[[36mcoffee-dyiR41kL.js                      ^[[39m^[[1m^[[2m 27.79 kB^[[22m^[[1m^[[22m^[[2m │ gzip:   6.45 kB^[[22m^[[2m │ map:    36.55 kB^[[22m
installed-wheel (3.12)	Build and exercise an installed wheel outside the checkout	2026-09-08T05:40:16.1849563Z ^[[2m../precompiled/^[[22m^[[2massets/^[[22m^[[36mscss-C31hgJw-.js                        ^[[39m^[[1m^[[2m 28.17 kB^[[22m^[[1m^[[22m^[[2m │ gzip:   4.47 kB^[[22m^[[2m │ map:    39.29 kB^[[22m
installed-wheel (3.12)	Build and exercise an installed wheel outside the checkout	2026-09-08T05:40:16.1850906Z ^[[2m../precompiled/^[[22m^[[2massets/^[[22m^[[36mtypespec-BpWG_bgh.js                    ^[[39m^[[1m^[[2m 28.24 kB^[[22m^[[1m^[[22m^[[2m │ gzip:   2.87 kB^[[22m^[[2m │ map:    39.43 kB^[[22m
installed-wheel (3.12)	Build and exercise an installed wheel outside the checkout	2026-09-08T05:40:16.1852127Z ^[[2m../precompiled/^[[22m^[[2massets/^[[22m^[[36mcommon-lisp-C7gG9l05.js                 ^[[39m^[[1m^[[2m 28.55 kB^[[22m^[[1m^[[22m^[[2m │ gzip:   6.76 kB^[[22m^[[2m │ map:    35.02 kB^[[22m
installed-wheel (3.12)	Build and exercise an installed wheel outside the checkout	2026-09-08T05:40:16.1853366Z ^[[2m../precompiled/^[[22m^[[2massets/^[[22m^[[36mnight-owl-C39BiMTA.js                   ^[[39m^[[1m^[[2m 28.96 kB^[[22m^[[1m^[[22m^[[2m │ gzip:   5.19 kB^[[22m^[[2m │ map:    39.02 kB^[[22m
installed-wheel (3.12)	Build and exercise an installed wheel outside the checkout	2026-09-08T05:40:16.1854568Z ^[[2m../precompiled/^[[22m^[[2massets/^[[22m^[[36mjulia-BBuGR-5E.js                       ^[[39m^[[1m^[[2m 29.49 kB^[[22m^[[1m^[[22m^[[2m │ gzip:   6.17 kB^[[22m^[[2m │ map:    38.92 kB^[[22m
installed-wheel (3.12)	Build and exercise an installed wheel outside the checkout	2026-09-08T05:40:16.1855756Z ^[[2m../precompiled/^[[22m^[[2massets/^[[22m^[[36mscala-DQVVAn-B.js                       ^[[39m^[[1m^[[2m 30.54 kB^[[22m^[[1m^[[22m^[[2m │ gzip:   4.36 kB^[[22m^[[2m │ map:    42.47 kB^[[22m
installed-wheel (3.12)	Build and exercise an installed wheel outside the checkout	2026-09-08T05:40:16.1856964Z ^[[2m../precompiled/^[[22m^[[2massets/^[[22m^[[36mapplescript-Bu5BbsvL.js                 ^[[39m^[[1m^[[2m 30.83 kB^[[22m^[[1m^[[22m^[[2m │ gzip:   6.39 kB^[[22m^[[2m │ map:    41.02 kB^[[22m
installed-wheel (3.12)	Build and exercise an installed wheel outside the checkout	2026-09-08T05:40:16.1858187Z ^[[2m../precompiled/^[[22m^[[2massets/^[[22m^[[36mstylus-BeQkCIfX.js                      ^[[39m^[[1m^[[2m 31.60 kB^[[22m^[[1m^[[22m^[[2m │ gzip:   8.15 kB^[[22m^[[2m │ map:    39.48 kB^[[22m
installed-wheel (3.12)	Build and exercise an installed wheel outside the checkout	2026-09-08T05:40:16.1859640Z ^[[2m../precompiled/^[[22m^[[2massets/^[[22m^[[36mmermaid-Ci6OQyBP.js                     ^[[39m^[[1m^[[2m 33.11 kB^[[22m^[[1m^[[22m^[[2m │ gzip:   4.69 kB^[[22m^[[2m │ map:    49.00 kB^[[22m
installed-wheel (3.12)	Build and exercise an installed wheel outside the checkout	2026-09-08T05:40:16.1861056Z ^[[2m../precompiled/^[[22m^[[2massets/^[[22m^[[36mpoimandres-CS3Unz2-.js                  ^[[39m^[[1m^[[2m 33.54 kB^[[22m^[[1m^[[22m^[[2m │ gzip:   5.53 kB^[[22m^[[2m │ map:    43.03 kB^[[22m
installed-wheel (3.12)	Build and exercise an installed wheel outside the checkout	2026-09-08T05:40:16.1862295Z ^[[2m../precompiled/^[[22m^[[2massets/^[[22m^[[36mcodeql-sacFqUAJ.js                      ^[[39m^[[1m^[[2m 33.64 kB^[[22m^[[1m^[[22m^[[2m │ gzip:   4.04 kB^[[22m^[[2m │ map:    43.73 kB^[[22m
installed-wheel (3.12)	Build and exercise an installed wheel outside the checkout	2026-09-08T05:40:16.1863505Z ^[[2m../precompiled/^[[22m^[[2massets/^[[22m^[[36mcrystal-DtDmRg-F.js                     ^[[39m^[[1m^[[2m 33.79 kB^[[22m^[[1m^[[22m^[[2m │ gzip:   5.62 kB^[[22m^[[2m │ map:    46.63 kB^[[22m
installed-wheel (3.12)	Build and exercise an installed wheel outside the checkout	2026-09-08T05:40:16.1864728Z ^[[2m../precompiled/^[[22m^[[2massets/^[[22m^[[36mone-dark-pro-GBQ2dnAY.js                ^[[39m^[[1m^[[2m 33.79 kB^[[22m^[[1m^[[22m^[[2m │ gzip:   5.55 kB^[[22m^[[2m │ map:    44.41 kB^[[22m
installed-wheel (3.12)	Build and exercise an installed wheel outside the checkout	2026-09-08T05:40:16.1865971Z ^[[2m../precompiled/^[[22m^[[2massets/^[[22m^[[36mtokyo-night-DBQeEorK.js                 ^[[39m^[[1m^[[2m 34.41 kB^[[22m^[[1m^[[22m^[[2m │ gzip:   6.01 kB^[[22m^[[2m │ map:    43.69 kB^[[22m
installed-wheel (3.12)	Build and exercise an installed wheel outside the checkout	2026-09-08T05:40:16.1867170Z ^[[2m../precompiled/^[[22m^[[2massets/^[[22m^[[36mhaxe-C5wWYbrZ.js                        ^[[39m^[[1m^[[2m 35.34 kB^[[22m^[[1m^[[22m^[[2m │ gzip:   5.97 kB^[[22m^[[2m │ map:    49.75 kB^[[22m
installed-wheel (3.12)	Build and exercise an installed wheel outside the checkout	2026-09-08T05:40:16.1868360Z ^[[2m../precompiled/^[[22m^[[2massets/^[[22m^[[36mhouston-DnULxvSX.js                     ^[[39m^[[1m^[[2m 35.47 kB^[[22m^[[1m^[[22m^[[2m │ gzip:   5.82 kB^[[22m^[[2m │ map:    46.36 kB^[[22m
installed-wheel (3.12)	Build and exercise an installed wheel outside the checkout	2026-09-08T05:40:16.1869544Z ^[[2m../precompiled/^[[22m^[[2massets/^[[22m^[[36mnginx-D_VnBJ67.js                       ^[[39m^[[1m^[[2m 35.77 kB^[[22m^[[1m^[[22m^[[2m │ gzip:   4.53 kB^[[22m^[[2m │ map:    48.97 kB^[[22m
installed-wheel (3.12)	Build and exercise an installed wheel outside the checkout	2026-09-08T05:40:16.1870859Z ^[[2m../precompiled/^[[22m^[[2massets/^[[22m^[[36merlang-B-DoSBHF.js                      ^[[39m^[[1m^[[2m 36.35 kB^[[22m^[[1m^[[22m^[[2m │ gzip:   4.47 kB^[[22m^[[2m │ map:    49.75 kB^[[22m
installed-wheel (3.12)	Build and exercise an installed wheel outside the checkout	2026-09-08T05:40:16.1872055Z ^[[2m../precompiled/^[[22m^[[2massets/^[[22m^[[36mr-CwjWoCRV.js                           ^[[39m^[[1m^[[2m 36.91 kB^[[22m^[[1m^[[22m^[[2m │ gzip:  11.25 kB^[[22m^[[2m │ map:    44.88 kB^[[22m
installed-wheel (3.12)	Build and exercise an installed wheel outside the checkout	2026-09-08T05:40:16.1873226Z ^[[2m../precompiled/^[[22m^[[2massets/^[[22m^[[36mcobol-PTqiYgYu.js                       ^[[39m^[[1m^[[2m 40.63 kB^[[22m^[[1m^[[22m^[[2m │ gzip:  11.11 kB^[[22m^[[2m │ map:    49.52 kB^[[22m
installed-wheel (3.12)	Build and exercise an installed wheel outside the checkout	2026-09-08T05:40:16.1874400Z ^[[2m../precompiled/^[[22m^[[2massets/^[[22m^[[36masm-Dhn9LcZ4.js                         ^[[39m^[[1m^[[2m 40.89 kB^[[22m^[[1m^[[22m^[[2m │ gzip:   8.22 kB^[[22m^[[2m │ map:    53.01 kB^[[22m
installed-wheel (3.12)	Build and exercise an installed wheel outside the checkout	2026-09-08T05:40:16.1875592Z ^[[2m../precompiled/^[[22m^[[2massets/^[[22m^[[36mshellscript-atvbtKCR.js                 ^[[39m^[[1m^[[2m 42.76 kB^[[22m^[[1m^[[22m^[[2m │ gzip:   6.37 kB^[[22m^[[2m │ map:    58.06 kB^[[22m
installed-wheel (3.12)	Build and exercise an installed wheel outside the checkout	2026-09-08T05:40:16.1876782Z ^[[2m../precompiled/^[[22m^[[2massets/^[[22m^[[36md-BoXegm-a.js                           ^[[39m^[[1m^[[2m 43.05 kB^[[22m^[[1m^[[22m^[[2m │ gzip:   8.43 kB^[[22m^[[2m │ map:    61.63 kB^[[22m
installed-wheel (3.12)	Build and exercise an installed wheel outside the checkout	2026-09-08T05:40:16.1877966Z ^[[2m../precompiled/^[[22m^[[2massets/^[[22m^[[36mhaskell-BILxekzW.js                     ^[[39m^[[1m^[[2m 43.26 kB^[[22m^[[1m^[[22m^[[2m │ gzip:   7.05 kB^[[22m^[[2m │ map:    60.31 kB^[[22m
installed-wheel (3.12)	Build and exercise an installed wheel outside the checkout	2026-09-08T05:40:16.1879147Z ^[[2m../precompiled/^[[22m^[[2massets/^[[22m^[[36mperl-CHQXSrWU.js                        ^[[39m^[[1m^[[2m 44.59 kB^[[22m^[[1m^[[22m^[[2m │ gzip:   4.91 kB^[[22m^[[2m │ map:    62.82 kB^[[22m
installed-wheel (3.12)	Build and exercise an installed wheel outside the checkout	2026-09-08T05:40:16.1880476Z ^[[2m../precompiled/^[[22m^[[2massets/^[[22m^[[36mcatppuccin-mocha-LGGdnPYs.js            ^[[39m^[[1m^[[2m 45.67 kB^[[22m^[[1m^[[22m^[[2m │ gzip:   7.77 kB^[[22m^[[2m │ map:    59.83 kB^[[22m
installed-wheel (3.12)	Build and exercise an installed wheel outside the checkout	2026-09-08T05:40:16.1881739Z ^[[2m../precompiled/^[[22m^[[2massets/^[[22m^[[36mcatppuccin-latte-DRW-0cLl.js            ^[[39m^[[1m^[[2m 45.67 kB^[[22m^[[1m^[[22m^[[2m │ gzip:   7.77 kB^[[22m^[[2m │ map:    59.83 kB^[[22m
installed-wheel (3.12)	Build and exercise an installed wheel outside the checkout	2026-09-08T05:40:16.1882985Z ^[[2m../precompiled/^[[22m^[[2massets/^[[22m^[[36mcatppuccin-frappe-CD_QflpE.js           ^[[39m^[[1m^[[2m 45.67 kB^[[22m^[[1m^[[22m^[[2m │ gzip:   7.79 kB^[[22m^[[2m │ map:    59.84 kB^[[22m
installed-wheel (3.12)	Build and exercise an installed wheel outside the checkout	2026-09-08T05:40:16.1884496Z ^[[2m../precompiled/^[[22m^[[2massets/^[[22m^[[36mcatppuccin-macchiato-C-_shW-Y.js        ^[[39m^[[1m^[[2m 45.68 kB^[[22m^[[1m^[[22m^[[2m │ gzip:   7.78 kB^[[22m^[[2m │ map:    59.86 kB^[[22m
installed-wheel (3.12)	Build and exercise an installed wheel outside the checkout	2026-09-08T05:40:16.1885731Z ^[[2m../precompiled/^[[22m^[[2massets/^[[22m^[[36mapex-COJ4H7py.js                        ^[[39m^[[1m^[[2m 46.85 kB^[[22m^[[1m^[[22m^[[2m │ gzip:   6.81 kB^[[22m^[[2m │ map:    65.61 kB^[[22m
installed-wheel (3.12)	Build and exercise an installed wheel outside the checkout	2026-09-08T05:40:16.1886910Z ^[[2m../precompiled/^[[22m^[[2massets/^[[22m^[[36mada-727ZlQH0.js                         ^[[39m^[[1m^[[2m 48.57 kB^[[22m^[[1m^[[22m^[[2m │ gzip:   6.09 kB^[[22m^[[2m │ map:    71.59 kB^[[22m
installed-wheel (3.12)	Build and exercise an installed wheel outside the checkout	2026-09-08T05:40:16.1888079Z ^[[2m../precompiled/^[[22m^[[2massets/^[[22m^[[36mruby-DeZ3UC14.js                        ^[[39m^[[1m^[[2m 51.52 kB^[[22m^[[1m^[[22m^[[2m │ gzip:   7.16 kB^[[22m^[[2m │ map:    72.08 kB^[[22m
installed-wheel (3.12)	Build and exercise an installed wheel outside the checkout	2026-09-08T05:40:16.1889254Z ^[[2m../precompiled/^[[22m^[[2massets/^[[22m^[[36mgo-B1SYOhNW.js                          ^[[39m^[[1m^[[2m 52.45 kB^[[22m^[[1m^[[22m^[[2m │ gzip:   6.44 kB^[[22m^[[2m │ map:    74.32 kB^[[22m
installed-wheel (3.12)	Build and exercise an installed wheel outside the checkout	2026-09-08T05:40:16.1890608Z ^[[2m../precompiled/^[[22m^[[2massets/^[[22m^[[36mimba-bv_oIlVt.js                        ^[[39m^[[1m^[[2m 53.50 kB^[[22m^[[1m^[[22m^[[2m │ gzip:  10.25 kB^[[22m^[[2m │ map:    73.32 kB^[[22m
installed-wheel (3.12)	Build and exercise an installed wheel outside the checkout	2026-09-08T05:40:16.1891820Z ^[[2m../precompiled/^[[22m^[[2massets/^[[22m^[[36meverforest-dark-BgDCqdQA.js             ^[[39m^[[1m^[[2m 53.80 kB^[[22m^[[1m^[[22m^[[2m │ gzip:   8.46 kB^[[22m^[[2m │ map:    68.24 kB^[[22m
installed-wheel (3.12)	Build and exercise an installed wheel outside the checkout	2026-09-08T05:40:16.1893076Z ^[[2m../precompiled/^[[22m^[[2massets/^[[22m^[[36meverforest-light-C8M2exoo.js            ^[[39m^[[1m^[[2m 53.80 kB^[[22m^[[1m^[[22m^[[2m │ gzip:   8.46 kB^[[22m^[[2m │ map:    68.24 kB^[[22m
installed-wheel (3.12)	Build and exercise an installed wheel outside the checkout	2026-09-08T05:40:16.1894285Z ^[[2m../precompiled/^[[22m^[[2massets/^[[22m^[[36mcss-BPhBrDlE.js                         ^[[39m^[[1m^[[2m 53.84 kB^[[22m^[[1m^[[22m^[[2m │ gzip:  13.53 kB^[[22m^[[2m │ map:    66.10 kB^[[22m
installed-wheel (3.12)	Build and exercise an installed wheel outside the checkout	2026-09-08T05:40:16.1895471Z ^[[2m../precompiled/^[[22m^[[2massets/^[[22m^[[36mwikitext-DCE3LsBG.js                    ^[[39m^[[1m^[[2m 56.67 kB^[[22m^[[1m^[[22m^[[2m │ gzip:   4.85 kB^[[22m^[[2m │ map:    78.62 kB^[[22m
installed-wheel (3.12)	Build and exercise an installed wheel outside the checkout	2026-09-08T05:40:16.1896680Z ^[[2m../precompiled/^[[22m^[[2massets/^[[22m^[[36mmarkdown-UIAJJxZW.js                    ^[[39m^[[1m^[[2m 57.03 kB^[[22m^[[1m^[[22m^[[2m │ gzip:   5.67 kB^[[22m^[[2m │ map:    79.35 kB^[[22m
installed-wheel (3.12)	Build and exercise an installed wheel outside the checkout	2026-09-08T05:40:16.1897873Z ^[[2m../precompiled/^[[22m^[[2massets/^[[22m^[[36mlatex-C-cWTeAZ.js                       ^[[39m^[[1m^[[2m 59.46 kB^[[22m^[[1m^[[22m^[[2m │ gzip:   6.05 kB^[[22m^[[2m │ map:    82.69 kB^[[22m
installed-wheel (3.12)	Build and exercise an installed wheel outside the checkout	2026-09-08T05:40:16.1899053Z ^[[2m../precompiled/^[[22m^[[2massets/^[[22m^[[36mstata-DorPZHa4.js                       ^[[39m^[[1m^[[2m 61.05 kB^[[22m^[[1m^[[22m^[[2m │ gzip:  13.74 kB^[[22m^[[2m │ map:    79.21 kB^[[22m
installed-wheel (3.12)	Build and exercise an installed wheel outside the checkout	2026-09-08T05:40:16.1900372Z ^[[2m../precompiled/^[[22m^[[2massets/^[[22m^[[36mhtml-C2L_23MC.js                        ^[[39m^[[1m^[[2m 61.37 kB^[[22m^[[1m^[[22m^[[2m │ gzip:  12.03 kB^[[22m^[[2m │ map:    79.10 kB^[[22m
installed-wheel (3.12)	Build and exercise an installed wheel outside the checkout	2026-09-08T05:40:16.1901569Z ^[[2m../precompiled/^[[22m^[[2massets/^[[22m^[[36mballerina-Du268qiB.js                   ^[[39m^[[1m^[[2m 61.68 kB^[[22m^[[1m^[[22m^[[2m │ gzip:   8.35 kB^[[22m^[[2m │ map:    87.43 kB^[[22m
installed-wheel (3.12)	Build and exercise an installed wheel outside the checkout	2026-09-08T05:40:16.1903061Z ^[[2m../precompiled/^[[22m^[[2massets/^[[22m^[[36mocaml-BNioltXt.js                       ^[[39m^[[1m^[[2m 65.91 kB^[[22m^[[1m^[[22m^[[2m │ gzip:   5.21 kB^[[22m^[[2m │ map:    85.43 kB^[[22m
installed-wheel (3.12)	Build and exercise an installed wheel outside the checkout	2026-09-08T05:40:16.1904265Z ^[[2m../precompiled/^[[22m^[[2massets/^[[22m^[[36mmojo-Tz6hzZYG.js                        ^[[39m^[[1m^[[2m 72.61 kB^[[22m^[[1m^[[22m^[[2m │ gzip:  10.39 kB^[[22m^[[2m │ map:    98.45 kB^[[22m
installed-wheel (3.12)	Build and exercise an installed wheel outside the checkout	2026-09-08T05:40:16.1905447Z ^[[2m../precompiled/^[[22m^[[2massets/^[[22m^[[36mpython-DhUJRlN_.js                      ^[[39m^[[1m^[[2m 73.57 kB^[[22m^[[1m^[[22m^[[2m │ gzip:  10.47 kB^[[22m^[[2m │ map:    99.89 kB^[[22m
installed-wheel (3.12)	Build and exercise an installed wheel outside the checkout	2026-09-08T05:40:16.1906627Z ^[[2m../precompiled/^[[22m^[[2massets/^[[22m^[[36mc-C3t2pwGQ.js                           ^[[39m^[[1m^[[2m 74.01 kB^[[22m^[[1m^[[22m^[[2m │ gzip:  10.67 kB^[[22m^[[2m │ map:    97.82 kB^[[22m
installed-wheel (3.12)	Build and exercise an installed wheel outside the checkout	2026-09-08T05:40:16.1907803Z ^[[2m../precompiled/^[[22m^[[2massets/^[[22m^[[36mvyper-nyqBNV6O.js                       ^[[39m^[[1m^[[2m 78.27 kB^[[22m^[[1m^[[22m^[[2m │ gzip:  12.09 kB^[[22m^[[2m │ map:   105.37 kB^[[22m
installed-wheel (3.12)	Build and exercise an installed wheel outside the checkout	2026-09-08T05:40:16.1909025Z ^[[2m../precompiled/^[[22m^[[2massets/^[[22m^[[36mhack-D1yCygmZ.js                        ^[[39m^[[1m^[[2m 84.69 kB^[[22m^[[1m^[[22m^[[2m │ gzip:  27.64 kB^[[22m^[[2m │ map:   102.53 kB^[[22m
installed-wheel (3.12)	Build and exercise an installed wheel outside the checkout	2026-09-08T05:40:16.1910348Z ^[[2m../precompiled/^[[22m^[[2massets/^[[22m^[[36mcsharp-D9R-vmeu.js                      ^[[39m^[[1m^[[2m 87.21 kB^[[22m^[[1m^[[22m^[[2m │ gzip:  10.43 kB^[[22m^[[2m │ map:   122.69 kB^[[22m
installed-wheel (3.12)	Build and exercise an installed wheel outside the checkout	2026-09-08T05:40:16.1911553Z ^[[2m../precompiled/^[[22m^[[2massets/^[[22m^[[36mswift-BSxZ-RaX.js                       ^[[39m^[[1m^[[2m 91.04 kB^[[22m^[[1m^[[22m^[[2m │ gzip:  14.58 kB^[[22m^[[2m │ map:   120.62 kB^[[22m
installed-wheel (3.12)	Build and exercise an installed wheel outside the checkout	2026-09-08T05:40:16.1912756Z ^[[2m../precompiled/^[[22m^[[2massets/^[[22m^[[36masciidoc-BPT9niGB.js                    ^[[39m^[[1m^[[2m 93.55 kB^[[22m^[[1m^[[22m^[[2m │ gzip:   7.47 kB^[[22m^[[2m │ map:   134.69 kB^[[22m
installed-wheel (3.12)	Build and exercise an installed wheel outside the checkout	2026-09-08T05:40:16.1913967Z ^[[2m../precompiled/^[[22m^[[2massets/^[[22m^[[36mracket-CzouJOBO.js                      ^[[39m^[[1m^[[2m 97.66 kB^[[22m^[[1m^[[22m^[[2m │ gzip:  15.65 kB^[[22m^[[2m │ map:   113.75 kB^[[22m
installed-wheel (3.12)	Build and exercise an installed wheel outside the checkout	2026-09-08T05:40:16.1915217Z ^[[2m../precompiled/^[[22m^[[2massets/^[[22m^[[36mfortran-free-form-DKXYxT9g.js           ^[[39m^[[1m^[[2m 98.25 kB^[[22m^[[1m^[[22m^[[2m │ gzip:  12.41 kB^[[22m^[[2m │ map:   135.00 kB^[[22m
installed-wheel (3.12)	Build and exercise an installed wheel outside the checkout	2026-09-08T05:40:16.1916443Z ^[[2m../precompiled/^[[22m^[[2massets/^[[22m^[[36mless-BfCpw3nA.js                        ^[[39m^[[1m^[[2m102.50 kB^[[22m^[[1m^[[22m^[[2m │ gzip:  15.17 kB^[[22m^[[2m │ map:   138.57 kB^[[22m
installed-wheel (3.12)	Build and exercise an installed wheel outside the checkout	2026-09-08T05:40:16.1917660Z ^[[2m../precompiled/^[[22m^[[2massets/^[[22m^[[36mobjective-c-Deuh7S70.js                 ^[[39m^[[1m^[[2m107.84 kB^[[22m^[[1m^[[22m^[[2m │ gzip:  23.29 kB^[[22m^[[2m │ map:   132.09 kB^[[22m
installed-wheel (3.12)	Build and exercise an installed wheel outside the checkout	2026-09-08T05:40:16.1918887Z ^[[2m../precompiled/^[[22m^[[2massets/^[[22m^[[36mblade-a8OxSdnT.js                       ^[[39m^[[1m^[[2m108.04 kB^[[22m^[[1m^[[22m^[[2m │ gzip:  28.71 kB^[[22m^[[2m │ map:   134.77 kB^[[22m
installed-wheel (3.12)	Build and exercise an installed wheel outside the checkout	2026-09-08T05:40:16.1920306Z ^[[2m../precompiled/^[[22m^[[2massets/^[[22m^[[36mphp-B5ebYQev.js                         ^[[39m^[[1m^[[2m113.80 kB^[[22m^[[1m^[[22m^[[2m │ gzip:  28.86 kB^[[22m^[[2m │ map:   142.79 kB^[[22m
installed-wheel (3.12)	Build and exercise an installed wheel outside the checkout	2026-09-08T05:40:16.1921540Z ^[[2m../precompiled/^[[22m^[[2massets/^[[22m^[[36mmdx-sdHcTMYB.js                         ^[[39m^[[1m^[[2m140.40 kB^[[22m^[[1m^[[22m^[[2m │ gzip:  23.65 kB^[[22m^[[2m │ map:   182.43 kB^[[22m
installed-wheel (3.12)	Build and exercise an installed wheel outside the checkout	2026-09-08T05:40:16.1922775Z ^[[2m../precompiled/^[[22m^[[2massets/^[[22m^[[36mobjective-cpp-BUEGK8hf.js               ^[[39m^[[1m^[[2m175.65 kB^[[22m^[[1m^[[22m^[[2m │ gzip:  30.71 kB^[[22m^[[2m │ map:   222.54 kB^[[22m
installed-wheel (3.12)	Build and exercise an installed wheel outside the checkout	2026-09-08T05:40:16.1924025Z ^[[2m../precompiled/^[[22m^[[2massets/^[[22m^[[36mjavascript-ySlJ1b_l.js                  ^[[39m^[[1m^[[2m198.08 kB^[[22m^[[1m^[[22m^[[2m │ gzip:  17.49 kB^[[22m^[[2m │ map:   280.77 kB^[[22m
installed-wheel (3.12)	Build and exercise an installed wheel outside the checkout	2026-09-08T05:40:16.1925238Z ^[[2m../precompiled/^[[22m^[[2massets/^[[22m^[[36mtsx-B6W0miNI.js                         ^[[39m^[[1m^[[2m198.79 kB^[[22m^[[1m^[[22m^[[2m │ gzip:  17.49 kB^[[22m^[[2m │ map:   281.45 kB^[[22m
installed-wheel (3.12)	Build and exercise an installed wheel outside the checkout	2026-09-08T05:40:16.1926429Z ^[[2m../precompiled/^[[22m^[[2massets/^[[22m^[[36mjsx-BAng5TT0.js                         ^[[39m^[[1m^[[2m201.05 kB^[[22m^[[1m^[[22m^[[2m │ gzip:  17.58 kB^[[22m^[[2m │ map:   283.71 kB^[[22m
installed-wheel (3.12)	Build and exercise an installed wheel outside the checkout	2026-09-08T05:40:16.1927943Z ^[[2m../precompiled/^[[22m^[[2massets/^[[22m^[[36mtypescript-Dj6nwHGl.js                  ^[[39m^[[1m^[[2m209.07 kB^[[22m^[[1m^[[22m^[[2m │ gzip:  17.07 kB^[[22m^[[2m │ map:   298.60 kB^[[22m
installed-wheel (3.12)	Build and exercise an installed wheel outside the checkout	2026-09-08T05:40:16.1929185Z ^[[2m../precompiled/^[[22m^[[2massets/^[[22m^[[36mangular-ts-CKsD7JZE.js                  ^[[39m^[[1m^[[2m211.83 kB^[[22m^[[1m^[[22m^[[2m │ gzip:  17.66 kB^[[22m^[[2m │ map:   303.52 kB^[[22m
installed-wheel (3.12)	Build and exercise an installed wheel outside the checkout	2026-09-08T05:40:16.1930602Z ^[[2m../precompiled/^[[22m^[[2massets/^[[22m^[[36mwolfram-C3FkfJm5.js                     ^[[39m^[[1m^[[2m268.64 kB^[[22m^[[1m^[[22m^[[2m │ gzip:  77.09 kB^[[22m^[[2m │ map:   286.28 kB^[[22m
installed-wheel (3.12)	Build and exercise an installed wheel outside the checkout	2026-09-08T05:40:16.1931815Z ^[[2m../precompiled/^[[22m^[[2massets/^[[22m^[[36mwasm-CG6Dc4jp.js                        ^[[39m^[[1m^[[33m622.38 kB^[[39m^[[22m^[[2m │ gzip: 230.33 kB^[[22m^[[2m │ map:   622.88 kB^[[22m
installed-wheel (3.12)	Build and exercise an installed wheel outside the checkout	2026-09-08T05:40:16.1933009Z ^[[2m../precompiled/^[[22m^[[2massets/^[[22m^[[36mcpp-BksuvNSY.js                         ^[[39m^[[1m^[[33m697.56 kB^[[39m^[[22m^[[2m │ gzip:  50.29 kB^[[22m^[[2m │ map:   906.91 kB^[[22m
installed-wheel (3.12)	Build and exercise an installed wheel outside the checkout	2026-09-08T05:40:16.1934230Z ^[[2m../precompiled/^[[22m^[[2massets/^[[22m^[[36memacs-lisp-BX77sIaO.js                  ^[[39m^[[1m^[[33m804.72 kB^[[39m^[[22m^[[2m │ gzip: 196.99 kB^[[22m^[[2m │ map:   815.72 kB^[[22m
installed-wheel (3.12)	Build and exercise an installed wheel outside the checkout	2026-09-08T05:40:16.1935436Z ^[[2m../precompiled/^[[22m^[[2massets/^[[22m^[[36mmain-C2zkpuhx.js                        ^[[39m^[[1m^[[33m837.47 kB^[[39m^[[22m^[[2m │ gzip: 274.47 kB^[[22m^[[2m │ map: 3,520.48 kB^[[22m
installed-wheel (3.12)	Build and exercise an installed wheel outside the checkout	2026-09-08T05:40:16.1936121Z ^[[32m✓ built in 5.91s^[[39m
installed-wheel (3.12)	Build and exercise an installed wheel outside the checkout	2026-09-08T05:40:16.9377361Z 
installed-wheel (3.12)	Build and exercise an installed wheel outside the checkout	2026-09-08T05:40:16.9378465Z Static site build completed successfully
installed-wheel (3.12)	Build and exercise an installed wheel outside the checkout	2026-09-08T05:40:16.9648270Z Successfully built data_repository-0.1.0-py3-none-any.whl
installed-wheel (3.12)	Build and exercise an installed wheel outside the checkout	2026-09-08T05:40:19.9712101Z Processing ./dist/data_repository-0.1.0-py3-none-any.whl
installed-wheel (3.12)	Build and exercise an installed wheel outside the checkout	2026-09-08T05:40:20.3524598Z Collecting boto3>=1.26.20 (from data-repository==0.1.0)
installed-wheel (3.12)	Build and exercise an installed wheel outside the checkout	2026-09-08T05:40:20.3809664Z   Downloading boto3-1.43.89-py3-none-any.whl.metadata (6.6 kB)
installed-wheel (3.12)	Build and exercise an installed wheel outside the checkout	2026-09-08T05:40:20.8069451Z Collecting clickhouse-connect>=0.7.0 (from data-repository==0.1.0)
installed-wheel (3.12)	Build and exercise an installed wheel outside the checkout	2026-09-08T05:40:20.8115242Z   Downloading clickhouse_connect-1.8.0-cp312-cp312-manylinux2014_x86_64.manylinux_2_17_x86_64.manylinux_2_28_x86_64.whl.metadata (6.9 kB)
installed-wheel (3.12)	Build and exercise an installed wheel outside the checkout	2026-09-08T05:40:20.8549587Z Collecting deltalake<1,>=0.25.4 (from data-repository==0.1.0)
installed-wheel (3.12)	Build and exercise an installed wheel outside the checkout	2026-09-08T05:40:20.8666305Z   Downloading deltalake-0.25.5-cp39-abi3-manylinux_2_17_x86_64.manylinux2014_x86_64.whl.metadata (5.5 kB)
installed-wheel (3.12)	Build and exercise an installed wheel outside the checkout	2026-09-08T05:40:20.9102387Z Collecting ipython>=8.5.0 (from data-repository==0.1.0)
installed-wheel (3.12)	Build and exercise an installed wheel outside the checkout	2026-09-08T05:40:20.9144155Z   Downloading ipython-9.17.1-py3-none-any.whl.metadata (4.6 kB)
installed-wheel (3.12)	Build and exercise an installed wheel outside the checkout	2026-09-08T05:40:21.0452476Z Collecting polars<1.14.0,>=1.9.0 (from data-repository==0.1.0)
installed-wheel (3.12)	Build and exercise an installed wheel outside the checkout	2026-09-08T05:40:21.0498528Z   Downloading polars-1.12.0-cp39-abi3-manylinux_2_17_x86_64.manylinux2014_x86_64.whl.metadata (14 kB)
installed-wheel (3.12)	Build and exercise an installed wheel outside the checkout	2026-09-08T05:40:21.1283488Z Collecting pyarrow>=17.0.0 (from data-repository==0.1.0)
installed-wheel (3.12)	Build and exercise an installed wheel outside the checkout	2026-09-08T05:40:21.1325276Z   Downloading pyarrow-25.0.1-cp312-cp312-manylinux_2_28_x86_64.whl.metadata (3.0 kB)
installed-wheel (3.12)	Build and exercise an installed wheel outside the checkout	2026-09-08T05:40:21.4771373Z Collecting botocore<1.44.0,>=1.43.89 (from boto3>=1.26.20->data-repository==0.1.0)
installed-wheel (3.12)	Build and exercise an installed wheel outside the checkout	2026-09-08T05:40:21.4805964Z   Downloading botocore-1.43.89-py3-none-any.whl.metadata (5.6 kB)
installed-wheel (3.12)	Build and exercise an installed wheel outside the checkout	2026-09-08T05:40:21.4953532Z Collecting jmespath<2.0.0,>=0.7.1 (from boto3>=1.26.20->data-repository==0.1.0)
installed-wheel (3.12)	Build and exercise an installed wheel outside the checkout	2026-09-08T05:40:21.4986411Z   Downloading jmespath-1.1.0-py3-none-any.whl.metadata (7.6 kB)
installed-wheel (3.12)	Build and exercise an installed wheel outside the checkout	2026-09-08T05:40:21.5193536Z Collecting s3transfer<0.20.0,>=0.19.0 (from boto3>=1.26.20->data-repository==0.1.0)
installed-wheel (3.12)	Build and exercise an installed wheel outside the checkout	2026-09-08T05:40:21.5227393Z   Downloading s3transfer-0.19.2-py3-none-any.whl.metadata (1.7 kB)
installed-wheel (3.12)	Build and exercise an installed wheel outside the checkout	2026-09-08T05:40:21.5428127Z Collecting certifi (from clickhouse-connect>=0.7.0->data-repository==0.1.0)
installed-wheel (3.12)	Build and exercise an installed wheel outside the checkout	2026-09-08T05:40:21.5463476Z   Downloading certifi-2026.7.22-py3-none-any.whl.metadata (2.5 kB)
installed-wheel (3.12)	Build and exercise an installed wheel outside the checkout	2026-09-08T05:40:21.5718024Z Collecting urllib3>=1.26 (from clickhouse-connect>=0.7.0->data-repository==0.1.0)
installed-wheel (3.12)	Build and exercise an installed wheel outside the checkout	2026-09-08T05:40:21.5750738Z   Downloading urllib3-2.7.0-py3-none-any.whl.metadata (6.9 kB)
installed-wheel (3.12)	Build and exercise an installed wheel outside the checkout	2026-09-08T05:40:21.6309428Z Collecting backports.zstd>=1.3.0 (from clickhouse-connect>=0.7.0->data-repository==0.1.0)
installed-wheel (3.12)	Build and exercise an installed wheel outside the checkout	2026-09-08T05:40:21.6346823Z   Downloading backports_zstd-1.7.0-cp312-cp312-manylinux2014_x86_64.manylinux_2_17_x86_64.manylinux_2_28_x86_64.whl.metadata (6.8 kB)
installed-wheel (3.12)	Build and exercise an installed wheel outside the checkout	2026-09-08T05:40:21.6987978Z Collecting lz4 (from clickhouse-connect>=0.7.0->data-repository==0.1.0)
installed-wheel (3.12)	Build and exercise an installed wheel outside the checkout	2026-09-08T05:40:21.7023321Z   Downloading lz4-4.4.5-cp312-cp312-manylinux2014_x86_64.manylinux_2_17_x86_64.manylinux_2_28_x86_64.whl.metadata (3.8 kB)
installed-wheel (3.12)	Build and exercise an installed wheel outside the checkout	2026-09-08T05:40:21.7189737Z Collecting ipython-pygments-lexers>=1.0.0 (from ipython>=8.5.0->data-repository==0.1.0)
installed-wheel (3.12)	Build and exercise an installed wheel outside the checkout	2026-09-08T05:40:21.7221534Z   Downloading ipython_pygments_lexers-1.1.1-py3-none-any.whl.metadata (1.1 kB)
installed-wheel (3.12)	Build and exercise an installed wheel outside the checkout	2026-09-08T05:40:21.7359019Z Collecting jedi>=0.18.2 (from ipython>=8.5.0->data-repository==0.1.0)
installed-wheel (3.12)	Build and exercise an installed wheel outside the checkout	2026-09-08T05:40:21.7394366Z   Downloading jedi-0.20.0-py2.py3-none-any.whl.metadata (23 kB)
installed-wheel (3.12)	Build and exercise an installed wheel outside the checkout	2026-09-08T05:40:21.7558391Z Collecting matplotlib-inline>=0.1.6 (from ipython>=8.5.0->data-repository==0.1.0)
installed-wheel (3.12)	Build and exercise an installed wheel outside the checkout	2026-09-08T05:40:21.7593595Z   Downloading matplotlib_inline-0.2.2-py3-none-any.whl.metadata (2.4 kB)
installed-wheel (3.12)	Build and exercise an installed wheel outside the checkout	2026-09-08T05:40:21.7718858Z Collecting pexpect>4.6 (from ipython>=8.5.0->data-repository==0.1.0)
installed-wheel (3.12)	Build and exercise an installed wheel outside the checkout	2026-09-08T05:40:21.7759002Z   Downloading pexpect-4.9.0-py2.py3-none-any.whl.metadata (2.5 kB)
installed-wheel (3.12)	Build and exercise an installed wheel outside the checkout	2026-09-08T05:40:21.8092925Z Collecting prompt_toolkit<3.1.0,>=3.0.41 (from ipython>=8.5.0->data-repository==0.1.0)
installed-wheel (3.12)	Build and exercise an installed wheel outside the checkout	2026-09-08T05:40:21.8127846Z   Downloading prompt_toolkit-3.0.53-py3-none-any.whl.metadata (6.4 kB)
installed-wheel (3.12)	Build and exercise an installed wheel outside the checkout	2026-09-08T05:40:21.8729211Z Collecting psutil>=7 (from ipython>=8.5.0->data-repository==0.1.0)
installed-wheel (3.12)	Build and exercise an installed wheel outside the checkout	2026-09-08T05:40:21.8763439Z   Downloading psutil-7.2.2-cp36-abi3-manylinux2010_x86_64.manylinux_2_12_x86_64.manylinux_2_28_x86_64.whl.metadata (22 kB)
installed-wheel (3.12)	Build and exercise an installed wheel outside the checkout	2026-09-08T05:40:21.9030377Z Collecting pygments>=2.14.0 (from ipython>=8.5.0->data-repository==0.1.0)
installed-wheel (3.12)	Build and exercise an installed wheel outside the checkout	2026-09-08T05:40:21.9062749Z   Downloading pygments-2.21.0-py3-none-any.whl.metadata (2.5 kB)
installed-wheel (3.12)	Build and exercise an installed wheel outside the checkout	2026-09-08T05:40:21.9181880Z Collecting stack_data>=0.6.0 (from ipython>=8.5.0->data-repository==0.1.0)
installed-wheel (3.12)	Build and exercise an installed wheel outside the checkout	2026-09-08T05:40:21.9213923Z   Downloading stack_data-0.6.3-py3-none-any.whl.metadata (18 kB)
installed-wheel (3.12)	Build and exercise an installed wheel outside the checkout	2026-09-08T05:40:21.9429907Z Collecting traitlets>=5.13.0 (from ipython>=8.5.0->data-repository==0.1.0)
installed-wheel (3.12)	Build and exercise an installed wheel outside the checkout	2026-09-08T05:40:21.9463166Z   Downloading traitlets-5.16.1-py3-none-any.whl.metadata (10 kB)
installed-wheel (3.12)	Build and exercise an installed wheel outside the checkout	2026-09-08T05:40:21.9661011Z Collecting python-dateutil<3.0.0,>=2.1 (from botocore<1.44.0,>=1.43.89->boto3>=1.26.20->data-repository==0.1.0)
installed-wheel (3.12)	Build and exercise an installed wheel outside the checkout	2026-09-08T05:40:21.9694107Z   Downloading python_dateutil-2.9.0.post0-py2.py3-none-any.whl.metadata (8.4 kB)
installed-wheel (3.12)	Build and exercise an installed wheel outside the checkout	2026-09-08T05:40:21.9971679Z Collecting parso<0.9.0,>=0.8.6 (from jedi>=0.18.2->ipython>=8.5.0->data-repository==0.1.0)
installed-wheel (3.12)	Build and exercise an installed wheel outside the checkout	2026-09-08T05:40:22.0004899Z   Downloading parso-0.8.7-py2.py3-none-any.whl.metadata (8.2 kB)
installed-wheel (3.12)	Build and exercise an installed wheel outside the checkout	2026-09-08T05:40:22.0148498Z Collecting ptyprocess>=0.5 (from pexpect>4.6->ipython>=8.5.0->data-repository==0.1.0)
installed-wheel (3.12)	Build and exercise an installed wheel outside the checkout	2026-09-08T05:40:22.0181512Z   Downloading ptyprocess-0.7.0-py2.py3-none-any.whl.metadata (1.3 kB)
installed-wheel (3.12)	Build and exercise an installed wheel outside the checkout	2026-09-08T05:40:22.0337118Z Collecting wcwidth>=0.1.4 (from prompt_toolkit<3.1.0,>=3.0.41->ipython>=8.5.0->data-repository==0.1.0)
installed-wheel (3.12)	Build and exercise an installed wheel outside the checkout	2026-09-08T05:40:22.0372969Z   Downloading wcwidth-0.8.3-py3-none-any.whl.metadata (43 kB)
installed-wheel (3.12)	Build and exercise an installed wheel outside the checkout	2026-09-08T05:40:22.1877854Z Collecting executing>=1.2.0 (from stack_data>=0.6.0->ipython>=8.5.0->data-repository==0.1.0)
installed-wheel (3.12)	Build and exercise an installed wheel outside the checkout	2026-09-08T05:40:22.1912060Z   Downloading executing-2.2.1-py2.py3-none-any.whl.metadata (8.9 kB)
installed-wheel (3.12)	Build and exercise an installed wheel outside the checkout	2026-09-08T05:40:22.2070877Z Collecting asttokens>=2.1.0 (from stack_data>=0.6.0->ipython>=8.5.0->data-repository==0.1.0)
installed-wheel (3.12)	Build and exercise an installed wheel outside the checkout	2026-09-08T05:40:22.2103665Z   Downloading asttokens-3.0.2-py3-none-any.whl.metadata (5.7 kB)
installed-wheel (3.12)	Build and exercise an installed wheel outside the checkout	2026-09-08T05:40:22.2208724Z Collecting pure-eval (from stack_data>=0.6.0->ipython>=8.5.0->data-repository==0.1.0)
installed-wheel (3.12)	Build and exercise an installed wheel outside the checkout	2026-09-08T05:40:22.2240109Z   Downloading pure_eval-0.2.3-py3-none-any.whl.metadata (6.3 kB)
installed-wheel (3.12)	Build and exercise an installed wheel outside the checkout	2026-09-08T05:40:22.2471270Z Collecting six>=1.5 (from python-dateutil<3.0.0,>=2.1->botocore<1.44.0,>=1.43.89->boto3>=1.26.20->data-repository==0.1.0)
installed-wheel (3.12)	Build and exercise an installed wheel outside the checkout	2026-09-08T05:40:22.2502135Z   Downloading six-1.17.0-py2.py3-none-any.whl.metadata (1.7 kB)
installed-wheel (3.12)	Build and exercise an installed wheel outside the checkout	2026-09-08T05:40:22.2603818Z Downloading boto3-1.43.89-py3-none-any.whl (140 kB)
installed-wheel (3.12)	Build and exercise an installed wheel outside the checkout	2026-09-08T05:40:22.2710205Z Downloading clickhouse_connect-1.8.0-cp312-cp312-manylinux2014_x86_64.manylinux_2_17_x86_64.manylinux_2_28_x86_64.whl (1.4 MB)
installed-wheel (3.12)	Build and exercise an installed wheel outside the checkout	2026-09-08T05:40:22.2837558Z    ━━━━━━━━━━━━━━━━━━━━━━━━━━━━━━━━━━━━━━━━ 1.4/1.4 MB 139.5 MB/s eta 0:00:00
installed-wheel (3.12)	Build and exercise an installed wheel outside the checkout	2026-09-08T05:40:22.2918656Z Downloading deltalake-0.25.5-cp39-abi3-manylinux_2_17_x86_64.manylinux2014_x86_64.whl (45.9 MB)
installed-wheel (3.12)	Build and exercise an installed wheel outside the checkout	2026-09-08T05:40:22.5121699Z    ━━━━━━━━━━━━━━━━━━━━━━━━━━━━━━━━━━━━━━━━ 45.9/45.9 MB 209.6 MB/s eta 0:00:00
installed-wheel (3.12)	Build and exercise an installed wheel outside the checkout	2026-09-08T05:40:22.5166271Z Downloading ipython-9.17.1-py3-none-any.whl (639 kB)
installed-wheel (3.12)	Build and exercise an installed wheel outside the checkout	2026-09-08T05:40:22.5226522Z    ━━━━━━━━━━━━━━━━━━━━━━━━━━━━━━━━━━━━━━━ 639.0/639.0 kB 117.3 MB/s eta 0:00:00
installed-wheel (3.12)	Build and exercise an installed wheel outside the checkout	2026-09-08T05:40:22.5284110Z Downloading polars-1.12.0-cp39-abi3-manylinux_2_17_x86_64.manylinux2014_x86_64.whl (34.1 MB)
installed-wheel (3.12)	Build and exercise an installed wheel outside the checkout	2026-09-08T05:40:22.6950334Z    ━━━━━━━━━━━━━━━━━━━━━━━━━━━━━━━━━━━━━━━━ 34.1/34.1 MB 206.5 MB/s eta 0:00:00
installed-wheel (3.12)	Build and exercise an installed wheel outside the checkout	2026-09-08T05:40:22.6991234Z Downloading pyarrow-25.0.1-cp312-cp312-manylinux_2_28_x86_64.whl (50.1 MB)
installed-wheel (3.12)	Build and exercise an installed wheel outside the checkout	2026-09-08T05:40:22.8813168Z    ━━━━━━━━━━━━━━━━━━━━━━━━━━━━━━━━━━━━━━━━ 50.1/50.1 MB 277.9 MB/s eta 0:00:00
installed-wheel (3.12)	Build and exercise an installed wheel outside the checkout	2026-09-08T05:40:22.8849379Z Downloading backports_zstd-1.7.0-cp312-cp312-manylinux2014_x86_64.manylinux_2_17_x86_64.manylinux_2_28_x86_64.whl (496 kB)
installed-wheel (3.12)	Build and exercise an installed wheel outside the checkout	2026-09-08T05:40:22.8930050Z Downloading botocore-1.43.89-py3-none-any.whl (15.8 MB)
installed-wheel (3.12)	Build and exercise an installed wheel outside the checkout	2026-09-08T05:40:22.9494471Z    ━━━━━━━━━━━━━━━━━━━━━━━━━━━━━━━━━━━━━━━━ 15.8/15.8 MB 290.9 MB/s eta 0:00:00
installed-wheel (3.12)	Build and exercise an installed wheel outside the checkout	2026-09-08T05:40:22.9530250Z Downloading ipython_pygments_lexers-1.1.1-py3-none-any.whl (8.1 kB)
installed-wheel (3.12)	Build and exercise an installed wheel outside the checkout	2026-09-08T05:40:22.9590752Z Downloading jedi-0.20.0-py2.py3-none-any.whl (4.9 MB)
installed-wheel (3.12)	Build and exercise an installed wheel outside the checkout	2026-09-08T05:40:22.9785652Z    ━━━━━━━━━━━━━━━━━━━━━━━━━━━━━━━━━━━━━━━━ 4.9/4.9 MB 279.2 MB/s eta 0:00:00
installed-wheel (3.12)	Build and exercise an installed wheel outside the checkout	2026-09-08T05:40:22.9819388Z Downloading jmespath-1.1.0-py3-none-any.whl (20 kB)
installed-wheel (3.12)	Build and exercise an installed wheel outside the checkout	2026-09-08T05:40:22.9873261Z Downloading matplotlib_inline-0.2.2-py3-none-any.whl (9.5 kB)
installed-wheel (3.12)	Build and exercise an installed wheel outside the checkout	2026-09-08T05:40:22.9928703Z Downloading pexpect-4.9.0-py2.py3-none-any.whl (63 kB)
installed-wheel (3.12)	Build and exercise an installed wheel outside the checkout	2026-09-08T05:40:22.9987993Z Downloading prompt_toolkit-3.0.53-py3-none-any.whl (392 kB)
installed-wheel (3.12)	Build and exercise an installed wheel outside the checkout	2026-09-08T05:40:23.0065035Z Downloading psutil-7.2.2-cp36-abi3-manylinux2010_x86_64.manylinux_2_12_x86_64.manylinux_2_28_x86_64.whl (155 kB)
installed-wheel (3.12)	Build and exercise an installed wheel outside the checkout	2026-09-08T05:40:23.0140300Z Downloading pygments-2.21.0-py3-none-any.whl (1.3 MB)
installed-wheel (3.12)	Build and exercise an installed wheel outside the checkout	2026-09-08T05:40:23.0211269Z    ━━━━━━━━━━━━━━━━━━━━━━━━━━━━━━━━━━━━━━━━ 1.3/1.3 MB 214.0 MB/s eta 0:00:00
installed-wheel (3.12)	Build and exercise an installed wheel outside the checkout	2026-09-08T05:40:23.0244789Z Downloading s3transfer-0.19.2-py3-none-any.whl (90 kB)
installed-wheel (3.12)	Build and exercise an installed wheel outside the checkout	2026-09-08T05:40:23.0302351Z Downloading stack_data-0.6.3-py3-none-any.whl (24 kB)
installed-wheel (3.12)	Build and exercise an installed wheel outside the checkout	2026-09-08T05:40:23.0354621Z Downloading traitlets-5.16.1-py3-none-any.whl (86 kB)
installed-wheel (3.12)	Build and exercise an installed wheel outside the checkout	2026-09-08T05:40:23.0409029Z Downloading urllib3-2.7.0-py3-none-any.whl (131 kB)
installed-wheel (3.12)	Build and exercise an installed wheel outside the checkout	2026-09-08T05:40:23.0466386Z Downloading certifi-2026.7.22-py3-none-any.whl (136 kB)
installed-wheel (3.12)	Build and exercise an installed wheel outside the checkout	2026-09-08T05:40:23.0526994Z Downloading lz4-4.4.5-cp312-cp312-manylinux2014_x86_64.manylinux_2_17_x86_64.manylinux_2_28_x86_64.whl (1.4 MB)
installed-wheel (3.12)	Build and exercise an installed wheel outside the checkout	2026-09-08T05:40:23.0659657Z    ━━━━━━━━━━━━━━━━━━━━━━━━━━━━━━━━━━━━━━━━ 1.4/1.4 MB 111.4 MB/s eta 0:00:00
installed-wheel (3.12)	Build and exercise an installed wheel outside the checkout	2026-09-08T05:40:23.0693604Z Downloading asttokens-3.0.2-py3-none-any.whl (28 kB)
installed-wheel (3.12)	Build and exercise an installed wheel outside the checkout	2026-09-08T05:40:23.0747374Z Downloading executing-2.2.1-py2.py3-none-any.whl (28 kB)
installed-wheel (3.12)	Build and exercise an installed wheel outside the checkout	2026-09-08T05:40:23.0802466Z Downloading parso-0.8.7-py2.py3-none-any.whl (107 kB)
installed-wheel (3.12)	Build and exercise an installed wheel outside the checkout	2026-09-08T05:40:23.0853435Z Downloading ptyprocess-0.7.0-py2.py3-none-any.whl (13 kB)
installed-wheel (3.12)	Build and exercise an installed wheel outside the checkout	2026-09-08T05:40:23.0901229Z Downloading python_dateutil-2.9.0.post0-py2.py3-none-any.whl (229 kB)
installed-wheel (3.12)	Build and exercise an installed wheel outside the checkout	2026-09-08T05:40:23.0957462Z Downloading wcwidth-0.8.3-py3-none-any.whl (331 kB)
installed-wheel (3.12)	Build and exercise an installed wheel outside the checkout	2026-09-08T05:40:23.1013733Z Downloading pure_eval-0.2.3-py3-none-any.whl (11 kB)
installed-wheel (3.12)	Build and exercise an installed wheel outside the checkout	2026-09-08T05:40:23.1062424Z Downloading six-1.17.0-py2.py3-none-any.whl (11 kB)
installed-wheel (3.12)	Build and exercise an installed wheel outside the checkout	2026-09-08T05:40:23.3777735Z Installing collected packages: pure-eval, ptyprocess, wcwidth, urllib3, traitlets, six, pygments, pyarrow, psutil, polars, pexpect, parso, lz4, jmespath, executing, certifi, backports.zstd, asttokens, stack_data, python-dateutil, prompt_toolkit, matplotlib-inline, jedi, ipython-pygments-lexers, deltalake, clickhouse-connect, ipython, botocore, s3transfer, boto3, data-repository
installed-wheel (3.12)	Build and exercise an installed wheel outside the checkout	2026-09-08T05:40:30.1981911Z Successfully installed asttokens-3.0.2 backports.zstd-1.7.0 boto3-1.43.89 botocore-1.43.89 certifi-2026.7.22 clickhouse-connect-1.8.0 data-repository-0.1.0 deltalake-0.25.5 executing-2.2.1 ipython-9.17.1 ipython-pygments-lexers-1.1.1 jedi-0.20.0 jmespath-1.1.0 lz4-4.4.5 matplotlib-inline-0.2.2 parso-0.8.7 pexpect-4.9.0 polars-1.12.0 prompt_toolkit-3.0.53 psutil-7.2.2 ptyprocess-0.7.0 pure-eval-0.2.3 pyarrow-25.0.1 pygments-2.21.0 python-dateutil-2.9.0.post0 s3transfer-0.19.2 six-1.17.0 stack_data-0.6.3 traitlets-5.16.1 urllib3-2.7.0 wcwidth-0.8.3
installed-wheel (3.12)	Build and exercise an installed wheel outside the checkout	2026-09-08T05:40:30.2830509Z 
installed-wheel (3.12)	Build and exercise an installed wheel outside the checkout	2026-09-08T05:40:30.2831703Z [notice] A new release of pip is available: 25.0.1 -> 26.2.1
installed-wheel (3.12)	Build and exercise an installed wheel outside the checkout	2026-09-08T05:40:30.2832680Z [notice] To update, run: python -m pip install --upgrade pip
installed-wheel (3.12)	Build and exercise an installed wheel outside the checkout	2026-09-08T05:40:31.0721592Z Boto3 session provided but no credentials found. Storage options will not include AWS credentials.
installed-wheel (3.12)	Build and exercise an installed wheel outside the checkout	2026-09-08T05:40:31.0746819Z {
installed-wheel (3.12)	Build and exercise an installed wheel outside the checkout	2026-09-08T05:40:31.0747246Z   "python": "3.12.14",
installed-wheel (3.12)	Build and exercise an installed wheel outside the checkout	2026-09-08T05:40:31.0747719Z   "isolated": true,
installed-wheel (3.12)	Build and exercise an installed wheel outside the checkout	2026-09-08T05:40:31.0748559Z   "imported_from": "/home/runner/work/_temp/datarepo-wheel-smoke/lib/python3.12/site-packages/datarepo/__init__.py",
installed-wheel (3.12)	Build and exercise an installed wheel outside the checkout	2026-09-08T05:40:31.0749323Z   "rows": [
installed-wheel (3.12)	Build and exercise an installed wheel outside the checkout	2026-09-08T05:40:31.0749575Z     {
installed-wheel (3.12)	Build and exercise an installed wheel outside the checkout	2026-09-08T05:40:31.0749815Z       "id": 2,
installed-wheel (3.12)	Build and exercise an installed wheel outside the checkout	2026-09-08T05:40:31.0750355Z       "value": 20
installed-wheel (3.12)	Build and exercise an installed wheel outside the checkout	2026-09-08T05:40:31.0750624Z     },
installed-wheel (3.12)	Build and exercise an installed wheel outside the checkout	2026-09-08T05:40:31.0750860Z     {
installed-wheel (3.12)	Build and exercise an installed wheel outside the checkout	2026-09-08T05:40:31.0751098Z       "id": 3,
installed-wheel (3.12)	Build and exercise an installed wheel outside the checkout	2026-09-08T05:40:31.0751353Z       "value": 30
installed-wheel (3.12)	Build and exercise an installed wheel outside the checkout	2026-09-08T05:40:31.0751623Z     }
installed-wheel (3.12)	Build and exercise an installed wheel outside the checkout	2026-09-08T05:40:31.0751867Z   ]
installed-wheel (3.12)	Build and exercise an installed wheel outside the checkout	2026-09-08T05:40:31.0752117Z }
installed-wheel (3.12)	Post Run actions/setup-python@v5	﻿2026-09-08T05:40:31.2536849Z Node 20 is being deprecated. This workflow is running with Node 24 by default. If you need to temporarily use Node 20, you can set the ACTIONS_ALLOW_USE_UNSECURE_NODE_VERSION=true environment variable. For more information see: https://github.blog/changelog/2025-09-19-deprecation-of-node-20-on-github-actions-runners/
installed-wheel (3.12)	Post Run actions/setup-python@v5	2026-09-08T05:40:31.2538172Z Post job cleanup.
installed-wheel (3.12)	Post Run actions/setup-python@v5	2026-09-08T05:40:31.3761114Z (node:2539) [DEP0040] DeprecationWarning: The `punycode` module is deprecated. Please use a userland alternative instead.
installed-wheel (3.12)	Post Run actions/setup-python@v5	2026-09-08T05:40:31.3762941Z (Use `node --trace-deprecation ...` to show where the warning was created)
installed-wheel (3.12)	Post Run actions/setup-node@v4	﻿2026-09-08T05:40:31.4965070Z Node 20 is being deprecated. This workflow is running with Node 24 by default. If you need to temporarily use Node 20, you can set the ACTIONS_ALLOW_USE_UNSECURE_NODE_VERSION=true environment variable. For more information see: https://github.blog/changelog/2025-09-19-deprecation-of-node-20-on-github-actions-runners/
installed-wheel (3.12)	Post Run actions/setup-node@v4	2026-09-08T05:40:31.4966560Z Post job cleanup.
installed-wheel (3.12)	Post Run actions/setup-node@v4	2026-09-08T05:40:31.6245275Z (node:2547) [DEP0040] DeprecationWarning: The `punycode` module is deprecated. Please use a userland alternative instead.
installed-wheel (3.12)	Post Run actions/setup-node@v4	2026-09-08T05:40:31.6246784Z (Use `node --trace-deprecation ...` to show where the warning was created)
installed-wheel (3.12)	Post Run actions/checkout@v4	﻿2026-09-08T05:40:31.7797531Z Node 20 is being deprecated. This workflow is running with Node 24 by default. If you need to temporarily use Node 20, you can set the ACTIONS_ALLOW_USE_UNSECURE_NODE_VERSION=true environment variable. For more information see: https://github.blog/changelog/2025-09-19-deprecation-of-node-20-on-github-actions-runners/
installed-wheel (3.12)	Post Run actions/checkout@v4	2026-09-08T05:40:31.7798848Z Post job cleanup.
installed-wheel (3.12)	Post Run actions/checkout@v4	2026-09-08T05:40:31.8747009Z [command]/usr/bin/git version
installed-wheel (3.12)	Post Run actions/checkout@v4	2026-09-08T05:40:31.8811294Z git version 2.55.0
installed-wheel (3.12)	Post Run actions/checkout@v4	2026-09-08T05:40:31.8860067Z Temporarily overriding HOME='/home/runner/work/_temp/77400709-a03c-4d01-8dcc-a04a64beac0e' before making global git config changes
installed-wheel (3.12)	Post Run actions/checkout@v4	2026-09-08T05:40:31.8866512Z Adding repository directory to the temporary git global config as a safe directory
installed-wheel (3.12)	Post Run actions/checkout@v4	2026-09-08T05:40:31.8888971Z [command]/usr/bin/git config --global --add safe.directory /home/runner/work/neuralink-contributions/neuralink-contributions
installed-wheel (3.12)	Post Run actions/checkout@v4	2026-09-08T05:40:31.8924132Z [command]/usr/bin/git config --local --name-only --get-regexp core\.sshCommand
installed-wheel (3.12)	Post Run actions/checkout@v4	2026-09-08T05:40:31.8981801Z [command]/usr/bin/git submodule foreach --recursive sh -c "git config --local --name-only --get-regexp 'core\.sshCommand' && git config --local --unset-all 'core.sshCommand' || :"
installed-wheel (3.12)	Post Run actions/checkout@v4	2026-09-08T05:40:31.9324520Z [command]/usr/bin/git config --local --name-only --get-regexp http\.https\:\/\/github\.com\/\.extraheader
installed-wheel (3.12)	Post Run actions/checkout@v4	2026-09-08T05:40:31.9346996Z http.https://github.com/.extraheader
installed-wheel (3.12)	Post Run actions/checkout@v4	2026-09-08T05:40:31.9370606Z [command]/usr/bin/git config --local --unset-all http.https://github.com/.extraheader
installed-wheel (3.12)	Post Run actions/checkout@v4	2026-09-08T05:40:31.9405232Z [command]/usr/bin/git submodule foreach --recursive sh -c "git config --local --name-only --get-regexp 'http\.https\:\/\/github\.com\/\.extraheader' && git config --local --unset-all 'http.https://github.com/.extraheader' || :"
installed-wheel (3.12)	Post Run actions/checkout@v4	2026-09-08T05:40:31.9752232Z [command]/usr/bin/git config --local --name-only --get-regexp ^includeIf\.gitdir:
installed-wheel (3.12)	Post Run actions/checkout@v4	2026-09-08T05:40:31.9807721Z [command]/usr/bin/git submodule foreach --recursive git config --local --show-origin --name-only --get-regexp remote.origin.url
installed-wheel (3.12)	Complete job	﻿2026-09-08T05:40:32.0274169Z Cleaning up orphan processes
installed-wheel (3.12)	Complete job	2026-09-08T05:40:32.0602253Z ##[warning]Node.js 20 is deprecated. The following actions target Node.js 20 but are being forced to run on Node.js 24: actions/checkout@v4, actions/setup-node@v4, actions/setup-python@v5. For more information see: https://github.blog/changelog/2025-09-19-deprecation-of-node-20-on-github-actions-runners/
